2021-10-06T15:44:29.014+09:00,user,IdeState,Active,Generic class 2,Editor,C:/Users/user/IdeaProjects/Generic class 2/src/IntTypeData.java,,0,0,Default task
2021-10-06T15:44:30.023+09:00,user,IdeState,Active,Generic class 2,Editor,C:/Users/user/IdeaProjects/Generic class 2/src/IntTypeData.java,,0,0,Default task
2021-10-06T15:44:31.034+09:00,user,IdeState,Active,Generic class 2,Editor,C:/Users/user/IdeaProjects/Generic class 2/src/IntTypeData.java,,0,0,Default task
2021-10-06T15:44:32.047+09:00,user,IdeState,Active,Generic class 2,Editor,C:/Users/user/IdeaProjects/Generic class 2/src/IntTypeData.java,,0,0,Default task
2021-10-06T15:44:33.062+09:00,user,IdeState,Active,Generic class 2,Editor,C:/Users/user/IdeaProjects/Generic class 2/src/IntTypeData.java,,0,8,Default task
2021-10-06T15:44:34.076+09:00,user,IdeState,Active,Generic class 2,Editor,C:/Users/user/IdeaProjects/Generic class 2/src/IntTypeData.java,,0,1,Default task
2021-10-06T15:44:35.088+09:00,user,IdeState,Active,Generic class 2,Editor,C:/Users/user/IdeaProjects/Generic class 2/src/IntTypeData.java,,0,7,Default task
2021-10-06T15:44:36.098+09:00,user,IdeState,Active,Generic class 2,Editor,C:/Users/user/IdeaProjects/Generic class 2/src/IntTypeData.java,,0,9,Default task
2021-10-06T15:44:37.099+09:00,user,IdeState,Active,Generic class 2,Editor,C:/Users/user/IdeaProjects/Generic class 2/src/IntTypeData.java,,0,25,Default task
2021-10-06T15:44:38.111+09:00,user,IdeState,Active,Generic class 2,Editor,C:/Users/user/IdeaProjects/Generic class 2/src/IntTypeData.java,,0,27,Default task
2021-10-06T15:44:39.111+09:00,user,IdeState,Active,Generic class 2,Editor,C:/Users/user/IdeaProjects/Generic class 2/src/IntTypeData.java,,0,33,Default task
2021-10-06T15:44:40.159+09:00,user,IdeState,Active,Generic class 2,Editor,C:/Users/user/IdeaProjects/Generic class 2/src/IntTypeData.java,,0,49,Default task
2021-10-06T15:44:41.166+09:00,user,IdeState,Active,Generic class 2,Editor,C:/Users/user/IdeaProjects/Generic class 2/src/IntTypeData.java,,0,49,Default task
2021-10-06T15:44:42.167+09:00,user,IdeState,Active,Generic class 2,Editor,C:/Users/user/IdeaProjects/Generic class 2/src/IntTypeData.java,,0,51,Default task
2021-10-06T15:44:43.180+09:00,user,IdeState,Active,Generic class 2,Editor,C:/Users/user/IdeaProjects/Generic class 2/src/IntTypeData.java,,0,52,Default task
2021-10-06T15:44:44.190+09:00,user,IdeState,Active,Generic class 2,Editor,C:/Users/user/IdeaProjects/Generic class 2/src/IntTypeData.java,,0,52,Default task
2021-10-06T15:44:45.205+09:00,user,IdeState,Active,Generic class 2,Editor,C:/Users/user/IdeaProjects/Generic class 2/src/IntTypeData.java,,0,57,Default task
2021-10-06T15:44:46.217+09:00,user,IdeState,Active,Generic class 2,Editor,C:/Users/user/IdeaProjects/Generic class 2/src/IntTypeData.java,,0,58,Default task
2021-10-06T15:44:47.226+09:00,user,IdeState,Active,Generic class 2,Editor,C:/Users/user/IdeaProjects/Generic class 2/src/IntTypeData.java,,1,4,Default task
2021-10-06T15:44:48.230+09:00,user,IdeState,Active,Generic class 2,Editor,C:/Users/user/IdeaProjects/Generic class 2/src/IntTypeData.java,,1,5,Default task
2021-10-06T15:44:49.268+09:00,user,IdeState,Active,Generic class 2,Editor,C:/Users/user/IdeaProjects/Generic class 2/src/IntTypeData.java,,1,6,Default task
2021-10-06T15:44:50.271+09:00,user,IdeState,Active,Generic class 2,Editor,C:/Users/user/IdeaProjects/Generic class 2/src/IntTypeData.java,,1,11,Default task
2021-10-06T15:44:51.281+09:00,user,IdeState,Active,Generic class 2,Editor,C:/Users/user/IdeaProjects/Generic class 2/src/IntTypeData.java,,1,12,Default task
2021-10-06T15:44:52.294+09:00,user,IdeState,Active,Generic class 2,Editor,C:/Users/user/IdeaProjects/Generic class 2/src/IntTypeData.java,,1,15,Default task
2021-10-06T15:44:53.305+09:00,user,IdeState,Active,Generic class 2,Editor,C:/Users/user/IdeaProjects/Generic class 2/src/IntTypeData.java,,2,4,Default task
2021-10-06T15:44:54.315+09:00,user,IdeState,Active,Generic class 2,Editor,C:/Users/user/IdeaProjects/Generic class 2/src/IntTypeData.java,,2,4,Default task
2021-10-06T15:44:55.328+09:00,user,IdeState,Active,Generic class 2,Editor,C:/Users/user/IdeaProjects/Generic class 2/src/IntTypeData.java,,2,6,Default task
2021-10-06T15:44:56.340+09:00,user,IdeState,Active,Generic class 2,Editor,C:/Users/user/IdeaProjects/Generic class 2/src/IntTypeData.java,,2,12,Default task
2021-10-06T15:44:57.354+09:00,user,IdeState,Active,Generic class 2,Editor,C:/Users/user/IdeaProjects/Generic class 2/src/IntTypeData.java,,2,15,Default task
2021-10-06T15:44:58.365+09:00,user,IdeState,Active,Generic class 2,Editor,C:/Users/user/IdeaProjects/Generic class 2/src/IntTypeData.java,,3,4,Default task
2021-10-06T15:44:59.374+09:00,user,IdeState,Active,Generic class 2,Editor,C:/Users/user/IdeaProjects/Generic class 2/src/IntTypeData.java,,4,4,Default task
2021-10-06T15:45:00.390+09:00,user,IdeState,Active,Generic class 2,Editor,C:/Users/user/IdeaProjects/Generic class 2/src/IntTypeData.java,,4,5,Default task
2021-10-06T15:45:01.403+09:00,user,IdeState,Active,Generic class 2,Editor,C:/Users/user/IdeaProjects/Generic class 2/src/IntTypeData.java,,4,11,Default task
2021-10-06T15:45:02.418+09:00,user,IdeState,Active,Generic class 2,Editor,C:/Users/user/IdeaProjects/Generic class 2/src/IntTypeData.java,,4,12,Default task
2021-10-06T15:45:03.418+09:00,user,IdeState,Active,Generic class 2,Editor,C:/Users/user/IdeaProjects/Generic class 2/src/IntTypeData.java,,4,22,Default task
2021-10-06T15:45:04.427+09:00,user,IdeState,Active,Generic class 2,Editor,C:/Users/user/IdeaProjects/Generic class 2/src/IntTypeData.java,,4,22,Default task
2021-10-06T15:45:05.435+09:00,user,IdeState,Active,Generic class 2,Editor,C:/Users/user/IdeaProjects/Generic class 2/src/IntTypeData.java,IntTypeData::IntTypeData,4,23,Default task
2021-10-06T15:45:06.446+09:00,user,IdeState,Active,Generic class 2,Editor,C:/Users/user/IdeaProjects/Generic class 2/src/IntTypeData.java,IntTypeData::IntTypeData,4,25,Default task
2021-10-06T15:45:07.459+09:00,user,IdeState,Active,Generic class 2,Editor,C:/Users/user/IdeaProjects/Generic class 2/src/IntTypeData.java,IntTypeData::IntTypeData,4,31,Default task
2021-10-06T15:45:08.472+09:00,user,IdeState,Active,Generic class 2,Editor,C:/Users/user/IdeaProjects/Generic class 2/src/IntTypeData.java,IntTypeData::IntTypeData,4,35,Default task
2021-10-06T15:45:09.484+09:00,user,IdeState,Active,Generic class 2,Editor,C:/Users/user/IdeaProjects/Generic class 2/src/IntTypeData.java,IntTypeData::IntTypeData,5,8,Default task
2021-10-06T15:45:10.495+09:00,user,IdeState,Active,Generic class 2,Editor,C:/Users/user/IdeaProjects/Generic class 2/src/IntTypeData.java,IntTypeData::IntTypeData,5,8,Default task
2021-10-06T15:45:11.516+09:00,user,IdeState,Active,Generic class 2,Editor,C:/Users/user/IdeaProjects/Generic class 2/src/IntTypeData.java,IntTypeData::IntTypeData,5,10,Default task
2021-10-06T15:45:12.520+09:00,user,IdeState,Active,Generic class 2,Editor,C:/Users/user/IdeaProjects/Generic class 2/src/IntTypeData.java,IntTypeData::IntTypeData,5,14,Default task
2021-10-06T15:45:13.532+09:00,user,IdeState,Active,Generic class 2,Editor,C:/Users/user/IdeaProjects/Generic class 2/src/IntTypeData.java,IntTypeData::IntTypeData,5,18,Default task
2021-10-06T15:45:14.546+09:00,user,IdeState,Active,Generic class 2,Editor,C:/Users/user/IdeaProjects/Generic class 2/src/IntTypeData.java,IntTypeData::IntTypeData,6,8,Default task
2021-10-06T15:45:15.560+09:00,user,IdeState,Active,Generic class 2,Editor,C:/Users/user/IdeaProjects/Generic class 2/src/IntTypeData.java,IntTypeData::IntTypeData,6,12,Default task
2021-10-06T15:45:16.572+09:00,user,IdeState,Active,Generic class 2,Editor,C:/Users/user/IdeaProjects/Generic class 2/src/IntTypeData.java,IntTypeData::IntTypeData,6,17,Default task
2021-10-06T15:45:17.585+09:00,user,IdeState,Active,Generic class 2,Editor,C:/Users/user/IdeaProjects/Generic class 2/src/IntTypeData.java,IntTypeData::IntTypeData,6,17,Default task
2021-10-06T15:45:18.595+09:00,user,IdeState,Active,Generic class 2,Editor,C:/Users/user/IdeaProjects/Generic class 2/src/IntTypeData.java,IntTypeData::IntTypeData,6,24,Default task
2021-10-06T15:45:19.608+09:00,user,IdeState,Active,Generic class 2,Editor,C:/Users/user/IdeaProjects/Generic class 2/src/IntTypeData.java,IntTypeData::IntTypeData,6,25,Default task
2021-10-06T15:45:20.623+09:00,user,IdeState,Active,Generic class 2,Editor,C:/Users/user/IdeaProjects/Generic class 2/src/IntTypeData.java,,9,4,Default task
2021-10-06T15:45:21.675+09:00,user,IdeState,Active,Generic class 2,Editor,C:/Users/user/IdeaProjects/Generic class 2/src/IntTypeData.java,,9,5,Default task
2021-10-06T15:45:22.712+09:00,user,IdeState,Active,Generic class 2,Editor,C:/Users/user/IdeaProjects/Generic class 2/src/IntTypeData.java,,9,5,Default task
2021-10-06T15:45:23.725+09:00,user,IdeState,Active,Generic class 2,Editor,C:/Users/user/IdeaProjects/Generic class 2/src/IntTypeData.java,,9,13,Default task
2021-10-06T15:45:24.739+09:00,user,IdeState,Active,Generic class 2,Editor,C:/Users/user/IdeaProjects/Generic class 2/src/IntTypeData.java,,10,4,Default task
2021-10-06T15:45:25.748+09:00,user,IdeState,Active,Generic class 2,Editor,C:/Users/user/IdeaProjects/Generic class 2/src/IntTypeData.java,,10,11,Default task
2021-10-06T15:45:26.758+09:00,user,IdeState,Active,Generic class 2,Editor,C:/Users/user/IdeaProjects/Generic class 2/src/IntTypeData.java,,10,12,Default task
2021-10-06T15:45:27.771+09:00,user,IdeState,Active,Generic class 2,Editor,C:/Users/user/IdeaProjects/Generic class 2/src/IntTypeData.java,,10,18,Default task
2021-10-06T15:45:28.783+09:00,user,IdeState,Active,Generic class 2,Editor,C:/Users/user/IdeaProjects/Generic class 2/src/IntTypeData.java,,10,18,Default task
2021-10-06T15:45:29.798+09:00,user,IdeState,Active,Generic class 2,Editor,C:/Users/user/IdeaProjects/Generic class 2/src/IntTypeData.java,,10,21,Default task
2021-10-06T15:45:30.810+09:00,user,IdeState,Active,Generic class 2,Editor,C:/Users/user/IdeaProjects/Generic class 2/src/IntTypeData.java,,10,25,Default task
2021-10-06T15:45:31.816+09:00,user,IdeState,Active,Generic class 2,Editor,C:/Users/user/IdeaProjects/Generic class 2/src/IntTypeData.java,,10,26,Default task
2021-10-06T15:45:32.829+09:00,user,IdeState,Active,Generic class 2,Editor,C:/Users/user/IdeaProjects/Generic class 2/src/IntTypeData.java,,10,28,Default task
2021-10-06T15:45:33.843+09:00,user,IdeState,Active,Generic class 2,Editor,C:/Users/user/IdeaProjects/Generic class 2/src/IntTypeData.java,IntTypeData::getData,11,10,Default task
2021-10-06T15:45:34.859+09:00,user,IdeState,Active,Generic class 2,Editor,C:/Users/user/IdeaProjects/Generic class 2/src/IntTypeData.java,IntTypeData::getData,11,17,Default task
2021-10-06T15:45:35.880+09:00,user,IdeState,Active,Generic class 2,Editor,C:/Users/user/IdeaProjects/Generic class 2/src/IntTypeData.java,IntTypeData::getData,11,20,Default task
2021-10-06T15:45:36.884+09:00,user,IdeState,Active,Generic class 2,Editor,C:/Users/user/IdeaProjects/Generic class 2/src/IntTypeData.java,,14,4,Default task
2021-10-06T15:45:37.895+09:00,user,IdeState,Active,Generic class 2,Editor,C:/Users/user/IdeaProjects/Generic class 2/src/IntTypeData.java,,14,5,Default task
2021-10-06T15:45:38.907+09:00,user,IdeState,Active,Generic class 2,Editor,C:/Users/user/IdeaProjects/Generic class 2/src/IntTypeData.java,,14,14,Default task
2021-10-06T15:45:39.928+09:00,user,IdeState,Active,Generic class 2,Editor,C:/Users/user/IdeaProjects/Generic class 2/src/IntTypeData.java,,14,21,Default task
2021-10-06T15:45:40.933+09:00,user,IdeState,Active,Generic class 2,Editor,C:/Users/user/IdeaProjects/Generic class 2/src/IntTypeData.java,,14,18,Default task
2021-10-06T15:45:41.934+09:00,user,IdeState,Active,Generic class 2,Editor,C:/Users/user/IdeaProjects/Generic class 2/src/IntTypeData.java,,14,13,Default task
2021-10-06T15:45:42.945+09:00,user,IdeState,Active,Generic class 2,Editor,C:/Users/user/IdeaProjects/Generic class 2/src/IntTypeData.java,,15,5,Default task
2021-10-06T15:45:43.946+09:00,user,IdeState,Active,Generic class 2,Editor,C:/Users/user/IdeaProjects/Generic class 2/src/IntTypeData.java,,15,11,Default task
2021-10-06T15:45:44.960+09:00,user,IdeState,Active,Generic class 2,Editor,C:/Users/user/IdeaProjects/Generic class 2/src/IntTypeData.java,,15,17,Default task
2021-10-06T15:45:45.976+09:00,user,IdeState,Active,Generic class 2,Editor,C:/Users/user/IdeaProjects/Generic class 2/src/IntTypeData.java,,15,19,Default task
2021-10-06T15:45:46.983+09:00,user,IdeState,Active,Generic class 2,Editor,C:/Users/user/IdeaProjects/Generic class 2/src/IntTypeData.java,,15,23,Default task
2021-10-06T15:45:47.997+09:00,user,IdeState,Active,Generic class 2,Editor,C:/Users/user/IdeaProjects/Generic class 2/src/IntTypeData.java,IntTypeData::addData,15,24,Default task
2021-10-06T15:45:49.010+09:00,user,IdeState,Active,Generic class 2,Editor,C:/Users/user/IdeaProjects/Generic class 2/src/IntTypeData.java,IntTypeData::addData,15,26,Default task
2021-10-06T15:45:50.046+09:00,user,IdeState,Active,Generic class 2,Editor,C:/Users/user/IdeaProjects/Generic class 2/src/IntTypeData.java,IntTypeData::addData,15,33,Default task
2021-10-06T15:45:51.054+09:00,user,IdeState,Active,Generic class 2,Editor,C:/Users/user/IdeaProjects/Generic class 2/src/IntTypeData.java,IntTypeData::addData,16,8,Default task
2021-10-06T15:45:52.068+09:00,user,IdeState,Active,Generic class 2,Editor,C:/Users/user/IdeaProjects/Generic class 2/src/IntTypeData.java,IntTypeData::addData,16,8,Default task
2021-10-06T15:45:53.093+09:00,user,IdeState,Active,Generic class 2,Editor,C:/Users/user/IdeaProjects/Generic class 2/src/IntTypeData.java,IntTypeData::addData,16,9,Default task
2021-10-06T15:45:54.107+09:00,user,IdeState,Active,Generic class 2,Editor,C:/Users/user/IdeaProjects/Generic class 2/src/IntTypeData.java,IntTypeData::addData,16,9,Default task
2021-10-06T15:45:55.131+09:00,user,IdeState,Active,Generic class 2,Editor,C:/Users/user/IdeaProjects/Generic class 2/src/IntTypeData.java,IntTypeData::addData,16,12,Default task
2021-10-06T15:45:56.132+09:00,user,IdeState,Active,Generic class 2,Editor,C:/Users/user/IdeaProjects/Generic class 2/src/IntTypeData.java,IntTypeData::addData,16,15,Default task
2021-10-06T15:45:57.145+09:00,user,IdeState,Active,Generic class 2,Editor,C:/Users/user/IdeaProjects/Generic class 2/src/IntTypeData.java,IntTypeData::addData,16,17,Default task
2021-10-06T15:45:58.159+09:00,user,IdeState,Active,Generic class 2,Editor,C:/Users/user/IdeaProjects/Generic class 2/src/IntTypeData.java,IntTypeData::addData,16,18,Default task
2021-10-06T15:45:59.186+09:00,user,IdeState,Active,Generic class 2,Editor,C:/Users/user/IdeaProjects/Generic class 2/src/IntTypeData.java,IntTypeData::addData,16,19,Default task
2021-10-06T15:46:00.188+09:00,user,IdeState,Active,Generic class 2,Editor,C:/Users/user/IdeaProjects/Generic class 2/src/IntTypeData.java,IntTypeData::addData,16,22,Default task
2021-10-06T15:46:01.201+09:00,user,IdeState,Active,Generic class 2,Editor,C:/Users/user/IdeaProjects/Generic class 2/src/IntTypeData.java,IntTypeData::addData,16,23,Default task
2021-10-06T15:46:02.214+09:00,user,IdeState,Active,Generic class 2,Editor,C:/Users/user/IdeaProjects/Generic class 2/src/IntTypeData.java,IntTypeData::addData,16,23,Default task
2021-10-06T15:46:03.227+09:00,user,IdeState,Active,Generic class 2,Editor,C:/Users/user/IdeaProjects/Generic class 2/src/IntTypeData.java,IntTypeData::addData,16,23,Default task
2021-10-06T15:46:04.228+09:00,user,IdeState,Active,Generic class 2,Editor,C:/Users/user/IdeaProjects/Generic class 2/src/IntTypeData.java,,3,4,Default task
2021-10-06T15:46:05.247+09:00,user,IdeState,Active,Generic class 2,Editor,C:/Users/user/IdeaProjects/Generic class 2/src/FloatTypeData.java,,0,0,Default task
2021-10-06T15:46:06.257+09:00,user,IdeState,Inactive,,,,,-1,-1,
2021-10-06T15:46:07.270+09:00,user,IdeState,Active,Generic class 2,Editor,C:/Users/user/IdeaProjects/Generic class 2/src/FloatTypeData.java,,0,0,Default task
2021-10-06T15:46:08.286+09:00,user,IdeState,Active,Generic class 2,Editor,C:/Users/user/IdeaProjects/Generic class 2/src/FloatTypeData.java,,0,0,Default task
2021-10-06T15:46:09.296+09:00,user,IdeState,Active,Generic class 2,Editor,C:/Users/user/IdeaProjects/Generic class 2/src/FloatTypeData.java,,0,7,Default task
2021-10-06T15:46:10.307+09:00,user,IdeState,Active,Generic class 2,Editor,C:/Users/user/IdeaProjects/Generic class 2/src/FloatTypeData.java,,0,1,Default task
2021-10-06T15:46:11.336+09:00,user,IdeState,Active,Generic class 2,Editor,C:/Users/user/IdeaProjects/Generic class 2/src/FloatTypeData.java,,0,2,Default task
2021-10-06T15:46:12.345+09:00,user,IdeState,Active,Generic class 2,Editor,C:/Users/user/IdeaProjects/Generic class 2/src/FloatTypeData.java,,0,7,Default task
2021-10-06T15:46:13.358+09:00,user,IdeState,Active,Generic class 2,Editor,C:/Users/user/IdeaProjects/Generic class 2/src/FloatTypeData.java,,0,8,Default task
2021-10-06T15:46:14.370+09:00,user,IdeState,Active,Generic class 2,Editor,C:/Users/user/IdeaProjects/Generic class 2/src/FloatTypeData.java,,0,27,Default task
2021-10-06T15:46:15.374+09:00,user,IdeState,Active,Generic class 2,Editor,C:/Users/user/IdeaProjects/Generic class 2/src/FloatTypeData.java,,0,35,Default task
2021-10-06T15:46:16.388+09:00,user,IdeState,Active,Generic class 2,Editor,C:/Users/user/IdeaProjects/Generic class 2/src/FloatTypeData.java,,0,35,Default task
2021-10-06T15:46:17.404+09:00,user,IdeState,Active,Generic class 2,Editor,C:/Users/user/IdeaProjects/Generic class 2/src/FloatTypeData.java,,0,36,Default task
2021-10-06T15:46:18.418+09:00,user,IdeState,Active,Generic class 2,Editor,C:/Users/user/IdeaProjects/Generic class 2/src/FloatTypeData.java,,0,51,Default task
2021-10-06T15:46:19.429+09:00,user,IdeState,Active,Generic class 2,Editor,C:/Users/user/IdeaProjects/Generic class 2/src/FloatTypeData.java,,0,53,Default task
2021-10-06T15:46:20.433+09:00,user,IdeState,Active,Generic class 2,Editor,C:/Users/user/IdeaProjects/Generic class 2/src/FloatTypeData.java,,0,53,Default task
2021-10-06T15:46:21.448+09:00,user,IdeState,Active,Generic class 2,Editor,C:/Users/user/IdeaProjects/Generic class 2/src/FloatTypeData.java,,0,57,Default task
2021-10-06T15:46:22.459+09:00,user,IdeState,Active,Generic class 2,Editor,C:/Users/user/IdeaProjects/Generic class 2/src/FloatTypeData.java,,0,59,Default task
2021-10-06T15:46:23.473+09:00,user,IdeState,Active,Generic class 2,Editor,C:/Users/user/IdeaProjects/Generic class 2/src/FloatTypeData.java,,1,4,Default task
2021-10-06T15:46:24.484+09:00,user,IdeState,Active,Generic class 2,Editor,C:/Users/user/IdeaProjects/Generic class 2/src/FloatTypeData.java,,1,5,Default task
2021-10-06T15:46:25.497+09:00,user,IdeState,Active,Generic class 2,Editor,C:/Users/user/IdeaProjects/Generic class 2/src/FloatTypeData.java,,1,12,Default task
2021-10-06T15:46:26.510+09:00,user,IdeState,Active,Generic class 2,Editor,C:/Users/user/IdeaProjects/Generic class 2/src/FloatTypeData.java,,1,14,Default task
2021-10-06T15:46:27.520+09:00,user,IdeState,Active,Generic class 2,Editor,C:/Users/user/IdeaProjects/Generic class 2/src/FloatTypeData.java,,2,4,Default task
2021-10-06T15:46:28.529+09:00,user,IdeState,Active,Generic class 2,Editor,C:/Users/user/IdeaProjects/Generic class 2/src/FloatTypeData.java,,2,9,Default task
2021-10-06T15:46:29.541+09:00,user,IdeState,Active,Generic class 2,Editor,C:/Users/user/IdeaProjects/Generic class 2/src/FloatTypeData.java,,2,11,Default task
2021-10-06T15:46:30.551+09:00,user,IdeState,Active,Generic class 2,Editor,C:/Users/user/IdeaProjects/Generic class 2/src/FloatTypeData.java,,2,12,Default task
2021-10-06T15:46:31.561+09:00,user,IdeState,Active,Generic class 2,Editor,C:/Users/user/IdeaProjects/Generic class 2/src/FloatTypeData.java,,3,4,Default task
2021-10-06T15:46:32.573+09:00,user,IdeState,Active,Generic class 2,Editor,C:/Users/user/IdeaProjects/Generic class 2/src/FloatTypeData.java,,4,4,Default task
2021-10-06T15:46:33.585+09:00,user,IdeState,Active,Generic class 2,Editor,C:/Users/user/IdeaProjects/Generic class 2/src/FloatTypeData.java,,4,5,Default task
2021-10-06T15:46:34.593+09:00,user,IdeState,Active,Generic class 2,Editor,C:/Users/user/IdeaProjects/Generic class 2/src/FloatTypeData.java,,4,11,Default task
2021-10-06T15:46:35.605+09:00,user,IdeState,Active,Generic class 2,Editor,C:/Users/user/IdeaProjects/Generic class 2/src/FloatTypeData.java,,4,12,Default task
2021-10-06T15:46:36.610+09:00,user,IdeState,Active,Generic class 2,Editor,C:/Users/user/IdeaProjects/Generic class 2/src/FloatTypeData.java,,4,12,Default task
2021-10-06T15:46:37.621+09:00,user,IdeState,Active,Generic class 2,Editor,C:/Users/user/IdeaProjects/Generic class 2/src/FloatTypeData.java,,4,24,Default task
2021-10-06T15:46:38.635+09:00,user,IdeState,Active,Generic class 2,Editor,C:/Users/user/IdeaProjects/Generic class 2/src/FloatTypeData.java,FloatTypeData::FloatTypeData,4,25,Default task
2021-10-06T15:46:39.650+09:00,user,IdeState,Active,Generic class 2,Editor,C:/Users/user/IdeaProjects/Generic class 2/src/FloatTypeData.java,FloatTypeData::FloatTypeData,4,25,Default task
2021-10-06T15:46:40.719+09:00,user,IdeState,Active,Generic class 2,Editor,C:/Users/user/IdeaProjects/Generic class 2/src/FloatTypeData.java,FloatTypeData::FloatTypeData,4,26,Default task
2021-10-06T15:46:41.726+09:00,user,IdeState,Active,Generic class 2,Editor,C:/Users/user/IdeaProjects/Generic class 2/src/FloatTypeData.java,FloatTypeData::FloatTypeData,4,31,Default task
2021-10-06T15:46:42.727+09:00,user,IdeState,Active,Generic class 2,Editor,C:/Users/user/IdeaProjects/Generic class 2/src/FloatTypeData.java,FloatTypeData::FloatTypeData,4,35,Default task
2021-10-06T15:46:43.742+09:00,user,IdeState,Active,Generic class 2,Editor,C:/Users/user/IdeaProjects/Generic class 2/src/FloatTypeData.java,FloatTypeData::FloatTypeData,4,37,Default task
2021-10-06T15:46:44.750+09:00,user,IdeState,Active,Generic class 2,Editor,C:/Users/user/IdeaProjects/Generic class 2/src/FloatTypeData.java,FloatTypeData::FloatTypeData,5,8,Default task
2021-10-06T15:46:45.806+09:00,user,IdeState,Active,Generic class 2,Editor,C:/Users/user/IdeaProjects/Generic class 2/src/FloatTypeData.java,FloatTypeData::FloatTypeData,5,9,Default task
2021-10-06T15:46:46.815+09:00,user,IdeState,Active,Generic class 2,Editor,C:/Users/user/IdeaProjects/Generic class 2/src/FloatTypeData.java,FloatTypeData::FloatTypeData,5,8,Default task
2021-10-06T15:46:47.818+09:00,user,IdeState,Active,Generic class 2,Editor,C:/Users/user/IdeaProjects/Generic class 2/src/FloatTypeData.java,FloatTypeData::FloatTypeData,5,10,Default task
2021-10-06T15:46:48.832+09:00,user,IdeState,Active,Generic class 2,Editor,C:/Users/user/IdeaProjects/Generic class 2/src/FloatTypeData.java,FloatTypeData::FloatTypeData,5,14,Default task
2021-10-06T15:46:49.844+09:00,user,IdeState,Active,Generic class 2,Editor,C:/Users/user/IdeaProjects/Generic class 2/src/FloatTypeData.java,FloatTypeData::FloatTypeData,5,16,Default task
2021-10-06T15:46:50.859+09:00,user,IdeState,Active,Generic class 2,Editor,C:/Users/user/IdeaProjects/Generic class 2/src/FloatTypeData.java,FloatTypeData::FloatTypeData,5,19,Default task
2021-10-06T15:46:51.873+09:00,user,IdeState,Active,Generic class 2,Editor,C:/Users/user/IdeaProjects/Generic class 2/src/FloatTypeData.java,FloatTypeData::FloatTypeData,6,8,Default task
2021-10-06T15:46:52.888+09:00,user,IdeState,Active,Generic class 2,Editor,C:/Users/user/IdeaProjects/Generic class 2/src/FloatTypeData.java,FloatTypeData::FloatTypeData,6,12,Default task
2021-10-06T15:46:53.895+09:00,user,IdeState,Active,Generic class 2,Editor,C:/Users/user/IdeaProjects/Generic class 2/src/FloatTypeData.java,FloatTypeData::FloatTypeData,6,17,Default task
2021-10-06T15:46:54.910+09:00,user,IdeState,Active,Generic class 2,Editor,C:/Users/user/IdeaProjects/Generic class 2/src/FloatTypeData.java,FloatTypeData::FloatTypeData,6,21,Default task
2021-10-06T15:46:55.917+09:00,user,IdeState,Active,Generic class 2,Editor,C:/Users/user/IdeaProjects/Generic class 2/src/FloatTypeData.java,FloatTypeData::FloatTypeData,6,24,Default task
2021-10-06T15:46:56.927+09:00,user,IdeState,Active,Generic class 2,Editor,C:/Users/user/IdeaProjects/Generic class 2/src/FloatTypeData.java,FloatTypeData::FloatTypeData,5,20,Default task
2021-10-06T15:46:57.937+09:00,user,IdeState,Active,Generic class 2,Editor,C:/Users/user/IdeaProjects/Generic class 2/src/FloatTypeData.java,,9,4,Default task
2021-10-06T15:46:58.949+09:00,user,IdeState,Active,Generic class 2,Editor,C:/Users/user/IdeaProjects/Generic class 2/src/FloatTypeData.java,,9,4,Default task
2021-10-06T15:46:59.968+09:00,user,IdeState,Active,Generic class 2,Editor,C:/Users/user/IdeaProjects/Generic class 2/src/FloatTypeData.java,,10,4,Default task
2021-10-06T15:47:00.974+09:00,user,IdeState,Active,Generic class 2,Editor,C:/Users/user/IdeaProjects/Generic class 2/src/FloatTypeData.java,,10,5,Default task
2021-10-06T15:47:01.979+09:00,user,IdeState,Active,Generic class 2,Editor,C:/Users/user/IdeaProjects/Generic class 2/src/FloatTypeData.java,,10,11,Default task
2021-10-06T15:47:02.999+09:00,user,IdeState,Active,Generic class 2,Editor,C:/Users/user/IdeaProjects/Generic class 2/src/FloatTypeData.java,,10,16,Default task
2021-10-06T15:47:04.064+09:00,user,IdeState,Active,Generic class 2,Editor,C:/Users/user/IdeaProjects/Generic class 2/src/FloatTypeData.java,,10,19,Default task
2021-10-06T15:47:05.075+09:00,user,IdeState,Active,Generic class 2,Editor,C:/Users/user/IdeaProjects/Generic class 2/src/FloatTypeData.java,,10,22,Default task
2021-10-06T15:47:06.084+09:00,user,IdeState,Active,Generic class 2,Editor,C:/Users/user/IdeaProjects/Generic class 2/src/FloatTypeData.java,,10,24,Default task
2021-10-06T15:47:07.101+09:00,user,IdeState,Active,Generic class 2,Editor,C:/Users/user/IdeaProjects/Generic class 2/src/FloatTypeData.java,,10,26,Default task
2021-10-06T15:47:08.120+09:00,user,IdeState,Active,Generic class 2,Editor,C:/Users/user/IdeaProjects/Generic class 2/src/FloatTypeData.java,FloatTypeData::getData,11,8,Default task
2021-10-06T15:47:09.128+09:00,user,IdeState,Active,Generic class 2,Editor,C:/Users/user/IdeaProjects/Generic class 2/src/FloatTypeData.java,FloatTypeData::getData,11,10,Default task
2021-10-06T15:47:10.135+09:00,user,IdeState,Active,Generic class 2,Editor,C:/Users/user/IdeaProjects/Generic class 2/src/FloatTypeData.java,FloatTypeData::getData,11,16,Default task
2021-10-06T15:47:11.143+09:00,user,IdeState,Active,Generic class 2,Editor,C:/Users/user/IdeaProjects/Generic class 2/src/FloatTypeData.java,FloatTypeData::getData,11,19,Default task
2021-10-06T15:47:12.155+09:00,user,IdeState,Active,Generic class 2,Editor,C:/Users/user/IdeaProjects/Generic class 2/src/FloatTypeData.java,,13,4,Default task
2021-10-06T15:47:13.166+09:00,user,IdeState,Active,Generic class 2,Editor,C:/Users/user/IdeaProjects/Generic class 2/src/FloatTypeData.java,,14,5,Default task
2021-10-06T15:47:14.177+09:00,user,IdeState,Active,Generic class 2,Editor,C:/Users/user/IdeaProjects/Generic class 2/src/FloatTypeData.java,,15,4,Default task
2021-10-06T15:47:15.192+09:00,user,IdeState,Active,Generic class 2,Editor,C:/Users/user/IdeaProjects/Generic class 2/src/FloatTypeData.java,,15,11,Default task
2021-10-06T15:47:16.205+09:00,user,IdeState,Active,Generic class 2,Editor,C:/Users/user/IdeaProjects/Generic class 2/src/FloatTypeData.java,,15,16,Default task
2021-10-06T15:47:17.217+09:00,user,IdeState,Active,Generic class 2,Editor,C:/Users/user/IdeaProjects/Generic class 2/src/FloatTypeData.java,,15,20,Default task
2021-10-06T15:47:18.233+09:00,user,IdeState,Active,Generic class 2,Editor,C:/Users/user/IdeaProjects/Generic class 2/src/FloatTypeData.java,,15,16,Default task
2021-10-06T15:47:19.240+09:00,user,IdeState,Active,Generic class 2,Editor,C:/Users/user/IdeaProjects/Generic class 2/src/FloatTypeData.java,,15,20,Default task
2021-10-06T15:47:20.247+09:00,user,IdeState,Active,Generic class 2,Editor,C:/Users/user/IdeaProjects/Generic class 2/src/FloatTypeData.java,,15,23,Default task
2021-10-06T15:47:21.285+09:00,user,IdeState,Active,Generic class 2,Editor,C:/Users/user/IdeaProjects/Generic class 2/src/FloatTypeData.java,FloatTypeData::addData,15,25,Default task
2021-10-06T15:47:22.294+09:00,user,IdeState,Active,Generic class 2,Editor,C:/Users/user/IdeaProjects/Generic class 2/src/FloatTypeData.java,FloatTypeData::addData,15,30,Default task
2021-10-06T15:47:23.308+09:00,user,IdeState,Active,Generic class 2,Editor,C:/Users/user/IdeaProjects/Generic class 2/src/FloatTypeData.java,,15,32,Default task
2021-10-06T15:47:24.319+09:00,user,IdeState,Active,Generic class 2,Editor,C:/Users/user/IdeaProjects/Generic class 2/src/FloatTypeData.java,FloatTypeData::addData,16,8,Default task
2021-10-06T15:47:25.336+09:00,user,IdeState,Active,Generic class 2,Editor,C:/Users/user/IdeaProjects/Generic class 2/src/FloatTypeData.java,FloatTypeData::addData,16,9,Default task
2021-10-06T15:47:26.342+09:00,user,IdeState,Active,Generic class 2,Editor,C:/Users/user/IdeaProjects/Generic class 2/src/FloatTypeData.java,FloatTypeData::addData,16,9,Default task
2021-10-06T15:47:27.355+09:00,user,IdeState,Active,Generic class 2,Editor,C:/Users/user/IdeaProjects/Generic class 2/src/FloatTypeData.java,FloatTypeData::addData,16,12,Default task
2021-10-06T15:47:28.365+09:00,user,IdeState,Active,Generic class 2,Editor,C:/Users/user/IdeaProjects/Generic class 2/src/FloatTypeData.java,FloatTypeData::addData,16,15,Default task
2021-10-06T15:47:29.370+09:00,user,IdeState,Active,Generic class 2,Editor,C:/Users/user/IdeaProjects/Generic class 2/src/FloatTypeData.java,FloatTypeData::addData,16,16,Default task
2021-10-06T15:47:30.374+09:00,user,IdeState,Active,Generic class 2,Editor,C:/Users/user/IdeaProjects/Generic class 2/src/FloatTypeData.java,FloatTypeData::addData,16,20,Default task
2021-10-06T15:47:31.388+09:00,user,IdeState,Active,Generic class 2,Editor,C:/Users/user/IdeaProjects/Generic class 2/src/FloatTypeData.java,FloatTypeData::addData,16,21,Default task
2021-10-06T15:47:32.402+09:00,user,IdeState,Active,Generic class 2,Editor,C:/Users/user/IdeaProjects/Generic class 2/src/FloatTypeData.java,FloatTypeData::addData,16,21,Default task
2021-10-06T15:47:33.415+09:00,user,IdeState,Active,Generic class 2,Editor,C:/Users/user/IdeaProjects/Generic class 2/src/FloatTypeData.java,FloatTypeData::addData,16,21,Default task
2021-10-06T15:47:34.430+09:00,user,IdeState,Active,Generic class 2,Editor,C:/Users/user/IdeaProjects/Generic class 2/src/GenericClassInheritanceTest.java,GenericClassInheritanceTest::printData,22,0,Default task
2021-10-06T15:47:35.444+09:00,user,IdeState,Active,Generic class 2,Popup,C:/Users/user/IdeaProjects/Generic class 2/src/GenericClassInheritanceTest.java,GenericClassInheritanceTest::printData,22,0,Default task
2021-10-06T15:47:36.450+09:00,user,IdeState,Active,Generic class 2,Popup,C:/Users/user/IdeaProjects/Generic class 2/src/GenericClassInheritanceTest.java,GenericClassInheritanceTest::printData,22,0,Default task
2021-10-06T15:47:37.475+09:00,user,IdeState,Active,Generic class 2,Editor,C:/Users/user/IdeaProjects/Generic class 2/src/GenericClassInheritanceTest.java,GenericClassInheritanceTest::printData,22,0,Default task
2021-10-06T15:47:38.477+09:00,user,IdeState,Active,Generic class 2,Editor,C:/Users/user/IdeaProjects/Generic class 2/src/GenericClassInheritanceTest.java,GenericClassInheritanceTest::printData,22,0,Default task
2021-10-06T15:47:39.481+09:00,user,IdeState,Active,Generic class 2,Editor,C:/Users/user/IdeaProjects/Generic class 2/src/GenericClassInheritanceTest.java,GenericClassInheritanceTest::printData,22,0,Default task
2021-10-06T15:47:40.482+09:00,user,IdeState,Active,Generic class 2,Editor,C:/Users/user/IdeaProjects/Generic class 2/src/GenericClassInheritanceTest.java,GenericClassInheritanceTest::printData,22,0,Default task
2021-10-06T15:47:41.497+09:00,user,IdeState,Active,Generic class 2,Editor,C:/Users/user/IdeaProjects/Generic class 2/src/GenericClassInheritanceTest.java,GenericClassInheritanceTest::printData,22,0,Default task
2021-10-06T15:47:42.508+09:00,user,IdeState,Active,Generic class 2,Editor,C:/Users/user/IdeaProjects/Generic class 2/src/GenericClassInheritanceTest.java,GenericClassInheritanceTest::printData,22,0,Default task
2021-10-06T15:47:43.512+09:00,user,IdeState,Active,Generic class 2,Editor,C:/Users/user/IdeaProjects/Generic class 2/src/GenericClassInheritanceTest.java,GenericClassInheritanceTest::printData,22,0,Default task
2021-10-06T15:47:44.523+09:00,user,IdeState,Active,Generic class 2,Editor,C:/Users/user/IdeaProjects/Generic class 2/src/GenericClassInheritanceTest.java,GenericClassInheritanceTest::printData,22,0,Default task
2021-10-06T15:47:45.537+09:00,user,IdeState,Active,Generic class 2,Editor,C:/Users/user/IdeaProjects/Generic class 2/src/GenericClassInheritanceTest.java,GenericClassInheritanceTest::printData,22,0,Default task
2021-10-06T15:47:46.546+09:00,user,IdeState,Active,Generic class 2,Editor,C:/Users/user/IdeaProjects/Generic class 2/src/GenericClassInheritanceTest.java,GenericClassInheritanceTest::printData,22,0,Default task
2021-10-06T15:47:47.768+09:00,user,IdeState,Active,Generic class 2,Editor,C:/Users/user/IdeaProjects/Generic class 2/src/GenericClassInheritanceTest.java,GenericClassInheritanceTest::printData,22,0,Default task
2021-10-06T15:47:48.773+09:00,user,IdeState,Active,Generic class 2,Editor,C:/Users/user/IdeaProjects/Generic class 2/src/GenericClassInheritanceTest.java,GenericClassInheritanceTest::printData,22,0,Default task
2021-10-06T15:47:49.781+09:00,user,IdeState,Active,Generic class 2,Editor,C:/Users/user/IdeaProjects/Generic class 2/src/GenericClassInheritanceTest.java,GenericClassInheritanceTest::printData,22,0,Default task
2021-10-06T15:47:50.797+09:00,user,IdeState,Active,Generic class 2,Editor,C:/Users/user/IdeaProjects/Generic class 2/src/IntTypeData.java,,3,0,Default task
2021-10-06T15:47:51.812+09:00,user,IdeState,Active,Generic class 2,Editor,C:/Users/user/IdeaProjects/Generic class 2/src/IntTypeData.java,,3,1,Default task
2021-10-06T15:47:52.824+09:00,user,IdeState,Active,Generic class 2,Editor,C:/Users/user/IdeaProjects/Generic class 2/src/IntTypeData.java,,3,1,Default task
2021-10-06T15:47:53.837+09:00,user,IdeState,Active,Generic class 2,Editor,C:/Users/user/IdeaProjects/Generic class 2/src/IntTypeData.java,,3,0,Default task
2021-10-06T15:47:54.850+09:00,user,IdeState,Active,Generic class 2,Editor,C:/Users/user/IdeaProjects/Generic class 2/src/IntTypeData.java,IntTypeData::getData,11,19,Default task
2021-10-06T15:47:55.864+09:00,user,IdeState,Active,Generic class 2,Editor,C:/Users/user/IdeaProjects/Generic class 2/src/IntTypeData.java,IntTypeData::getData,11,15,Default task
2021-10-06T15:47:56.875+09:00,user,IdeState,Active,Generic class 2,Editor,C:/Users/user/IdeaProjects/Generic class 2/src/IntTypeData.java,IntTypeData::getData,11,18,Default task
2021-10-06T15:47:57.888+09:00,user,IdeState,Active,Generic class 2,Editor,C:/Users/user/IdeaProjects/Generic class 2/src/FloatTypeData.java,FloatTypeData::addData,16,21,Default task
2021-10-06T15:47:58.890+09:00,user,IdeState,Active,Generic class 2,Editor,C:/Users/user/IdeaProjects/Generic class 2/src/FloatTypeData.java,FloatTypeData::addData,16,21,Default task
2021-10-06T15:47:59.899+09:00,user,IdeState,Active,Generic class 2,Editor,C:/Users/user/IdeaProjects/Generic class 2/src/FloatTypeData.java,FloatTypeData::addData,16,21,Default task
2021-10-06T15:48:00.902+09:00,user,IdeState,Active,Generic class 2,Editor,C:/Users/user/IdeaProjects/Generic class 2/src/FloatTypeData.java,FloatTypeData::addData,16,21,Default task
2021-10-06T15:48:01.916+09:00,user,IdeState,Active,Generic class 2,Editor,C:/Users/user/IdeaProjects/Generic class 2/src/FloatTypeData.java,FloatTypeData::addData,16,21,Default task
2021-10-06T15:48:02.962+09:00,user,IdeState,Active,Generic class 2,Editor,C:/Users/user/IdeaProjects/Generic class 2/src/FloatTypeData.java,FloatTypeData::addData,16,21,Default task
2021-10-06T15:48:03.974+09:00,user,IdeState,Active,Generic class 2,Editor,C:/Users/user/IdeaProjects/Generic class 2/src/FloatTypeData.java,FloatTypeData::addData,16,21,Default task
2021-10-06T15:48:04.975+09:00,user,IdeState,Active,Generic class 2,Editor,C:/Users/user/IdeaProjects/Generic class 2/src/FloatTypeData.java,FloatTypeData::addData,16,21,Default task
2021-10-06T15:48:05.987+09:00,user,IdeState,Active,Generic class 2,Editor,C:/Users/user/IdeaProjects/Generic class 2/src/FloatTypeData.java,FloatTypeData::addData,16,21,Default task
2021-10-06T15:48:07.001+09:00,user,IdeState,Active,Generic class 2,Editor,C:/Users/user/IdeaProjects/Generic class 2/src/FloatTypeData.java,FloatTypeData::addData,16,21,Default task
2021-10-06T15:48:08.011+09:00,user,IdeState,Active,Generic class 2,Editor,C:/Users/user/IdeaProjects/Generic class 2/src/FloatTypeData.java,FloatTypeData::addData,16,21,Default task
2021-10-06T15:48:09.024+09:00,user,IdeState,Active,Generic class 2,Editor,C:/Users/user/IdeaProjects/Generic class 2/src/FloatTypeData.java,FloatTypeData::addData,16,21,Default task
2021-10-06T15:48:10.039+09:00,user,IdeState,Active,Generic class 2,Editor,C:/Users/user/IdeaProjects/Generic class 2/src/FloatTypeData.java,FloatTypeData::addData,16,21,Default task
2021-10-06T15:48:11.049+09:00,user,IdeState,Active,Generic class 2,Editor,C:/Users/user/IdeaProjects/Generic class 2/src/FloatTypeData.java,FloatTypeData::addData,16,21,Default task
2021-10-06T15:48:12.056+09:00,user,IdeState,Active,Generic class 2,Editor,C:/Users/user/IdeaProjects/Generic class 2/src/FloatTypeData.java,FloatTypeData::addData,16,21,Default task
2021-10-06T15:48:13.072+09:00,user,IdeState,Active,Generic class 2,Editor,C:/Users/user/IdeaProjects/Generic class 2/src/FloatTypeData.java,FloatTypeData::addData,16,21,Default task
2021-10-06T15:48:14.086+09:00,user,IdeState,Active,Generic class 2,Editor,C:/Users/user/IdeaProjects/Generic class 2/src/FloatTypeData.java,FloatTypeData::addData,16,21,Default task
2021-10-06T15:48:15.099+09:00,user,IdeState,Active,Generic class 2,Editor,C:/Users/user/IdeaProjects/Generic class 2/src/FloatTypeData.java,FloatTypeData::addData,16,21,Default task
2021-10-06T15:48:16.105+09:00,user,IdeState,Active,Generic class 2,Editor,C:/Users/user/IdeaProjects/Generic class 2/src/FloatTypeData.java,FloatTypeData::addData,16,21,Default task
2021-10-06T15:48:17.108+09:00,user,IdeState,Active,Generic class 2,Editor,C:/Users/user/IdeaProjects/Generic class 2/src/FloatTypeData.java,FloatTypeData::addData,16,21,Default task
2021-10-06T15:48:18.121+09:00,user,IdeState,Active,Generic class 2,Editor,C:/Users/user/IdeaProjects/Generic class 2/src/FloatTypeData.java,FloatTypeData::addData,16,21,Default task
2021-10-06T15:48:19.133+09:00,user,IdeState,Active,Generic class 2,Editor,C:/Users/user/IdeaProjects/Generic class 2/src/FloatTypeData.java,FloatTypeData::addData,16,21,Default task
2021-10-06T15:48:20.134+09:00,user,IdeState,Active,Generic class 2,Editor,C:/Users/user/IdeaProjects/Generic class 2/src/FloatTypeData.java,FloatTypeData::addData,16,21,Default task
2021-10-06T15:48:21.135+09:00,user,IdeState,Active,Generic class 2,Editor,C:/Users/user/IdeaProjects/Generic class 2/src/FloatTypeData.java,FloatTypeData::addData,16,21,Default task
2021-10-06T15:48:22.151+09:00,user,IdeState,Active,Generic class 2,Popup,C:/Users/user/IdeaProjects/Generic class 2/src/FloatTypeData.java,FloatTypeData::addData,16,21,Default task
2021-10-06T15:48:23.162+09:00,user,IdeState,Active,Generic class 2,Editor,C:/Users/user/IdeaProjects/Generic class 2/src/FloatTypeData.java,FloatTypeData::addData,16,21,Default task
2021-10-06T15:48:24.174+09:00,user,IdeState,Active,Generic class 2,Editor,C:/Users/user/IdeaProjects/Generic class 2/src/IntTypeData.java,IntTypeData::getData,11,18,Default task
2021-10-06T15:48:25.186+09:00,user,IdeState,Active,Generic class 2,Popup,C:/Users/user/IdeaProjects/Generic class 2/src/IntTypeData.java,IntTypeData::getData,11,18,Default task
2021-10-06T15:48:26.198+09:00,user,IdeState,Active,Generic class 2,Editor,C:/Users/user/IdeaProjects/Generic class 2/src/IntTypeData.java,IntTypeData::getData,11,18,Default task
2021-10-06T15:48:27.212+09:00,user,IdeState,Active,Generic class 2,Popup,C:/Users/user/IdeaProjects/Generic class 2/src/IntTypeData.java,IntTypeData::getData,11,18,Default task
