2021-09-02T20:21:36.044+09:00,user,IdeState,Active,HelloWorld,Editor,C:/Users/user/IdeaProjects/HelloWorld/src/HelloWorld.java,,0,25,Default task
2021-09-02T20:21:37.164+09:00,user,IdeState,Active,HelloWorld,Editor,C:/Users/user/IdeaProjects/HelloWorld/src/HelloWorld.java,,1,1,Default task
2021-09-02T20:21:38.190+09:00,user,IdeState,Active,HelloWorld,Editor,C:/Users/user/IdeaProjects/HelloWorld/src/HelloWorld.java,,1,4,Default task
2021-09-02T20:21:39.206+09:00,user,IdeState,Active,HelloWorld,Editor,C:/Users/user/IdeaProjects/HelloWorld/src/HelloWorld.java,,1,4,Default task
2021-09-02T20:21:40.221+09:00,user,IdeState,Active,HelloWorld,Editor,C:/Users/user/IdeaProjects/HelloWorld/src/HelloWorld.java,,1,4,Default task
2021-09-02T20:21:41.244+09:00,user,IdeState,Active,HelloWorld,Editor,C:/Users/user/IdeaProjects/HelloWorld/src/HelloWorld.java,,1,4,Default task
2021-09-02T20:21:42.248+09:00,user,IdeState,Active,HelloWorld,Editor,C:/Users/user/IdeaProjects/HelloWorld/src/HelloWorld.java,,1,4,Default task
2021-09-02T20:21:43.251+09:00,user,IdeState,Active,HelloWorld,Editor,C:/Users/user/IdeaProjects/HelloWorld/src/HelloWorld.java,,1,4,Default task
2021-09-02T20:21:44.264+09:00,user,IdeState,Active,HelloWorld,Editor,C:/Users/user/IdeaProjects/HelloWorld/src/HelloWorld.java,,1,4,Default task
2021-09-02T20:21:45.277+09:00,user,IdeState,Active,HelloWorld,Editor,C:/Users/user/IdeaProjects/HelloWorld/src/HelloWorld.java,,2,4,Default task
2021-09-02T20:21:46.462+09:00,user,IdeState,Active,HelloWorld,Editor,C:/Users/user/IdeaProjects/HelloWorld/src/HelloWorld.java,,2,5,Default task
2021-09-02T20:21:47.479+09:00,user,IdeState,Active,HelloWorld,Editor,C:/Users/user/IdeaProjects/HelloWorld/src/HelloWorld.java,,2,4,Default task
2021-09-02T20:21:48.494+09:00,user,IdeState,Active,HelloWorld,Editor,C:/Users/user/IdeaProjects/HelloWorld/src/HelloWorld.java,,2,4,Default task
2021-09-02T20:21:49.649+09:00,user,IdeState,Active,HelloWorld,Editor,C:/Users/user/IdeaProjects/HelloWorld/src/HelloWorld.java,,2,6,Default task
2021-09-02T20:21:50.699+09:00,user,IdeState,Active,HelloWorld,Editor,C:/Users/user/IdeaProjects/HelloWorld/src/HelloWorld.java,,2,13,Default task
2021-09-02T20:21:51.710+09:00,user,IdeState,Active,HelloWorld,Editor,C:/Users/user/IdeaProjects/HelloWorld/src/HelloWorld.java,,2,14,Default task
2021-09-02T20:21:52.711+09:00,user,IdeState,Active,HelloWorld,Editor,C:/Users/user/IdeaProjects/HelloWorld/src/HelloWorld.java,,2,15,Default task
2021-09-02T20:21:53.726+09:00,user,IdeState,Active,HelloWorld,Editor,C:/Users/user/IdeaProjects/HelloWorld/src/HelloWorld.java,,2,15,Default task
2021-09-02T20:21:54.742+09:00,user,IdeState,Active,HelloWorld,Editor,C:/Users/user/IdeaProjects/HelloWorld/src/HelloWorld.java,,2,17,Default task
2021-09-02T20:21:55.756+09:00,user,IdeState,Active,HelloWorld,Editor,C:/Users/user/IdeaProjects/HelloWorld/src/HelloWorld.java,,2,21,Default task
2021-09-02T20:21:56.771+09:00,user,IdeState,Active,HelloWorld,Editor,C:/Users/user/IdeaProjects/HelloWorld/src/HelloWorld.java,,2,18,Default task
2021-09-02T20:21:57.809+09:00,user,IdeState,Active,HelloWorld,Editor,C:/Users/user/IdeaProjects/HelloWorld/src/HelloWorld.java,,2,20,Default task
2021-09-02T20:21:58.821+09:00,user,IdeState,Active,HelloWorld,Editor,C:/Users/user/IdeaProjects/HelloWorld/src/HelloWorld.java,,2,22,Default task
2021-09-02T20:21:59.822+09:00,user,IdeState,Active,HelloWorld,Editor,C:/Users/user/IdeaProjects/HelloWorld/src/HelloWorld.java,,2,22,Default task
2021-09-02T20:22:00.839+09:00,user,IdeState,Active,HelloWorld,Editor,C:/Users/user/IdeaProjects/HelloWorld/src/HelloWorld.java,,2,25,Default task
2021-09-02T20:22:01.843+09:00,user,IdeState,Active,HelloWorld,Editor,C:/Users/user/IdeaProjects/HelloWorld/src/HelloWorld.java,,2,24,Default task
2021-09-02T20:22:02.856+09:00,user,IdeState,Active,HelloWorld,Editor,C:/Users/user/IdeaProjects/HelloWorld/src/HelloWorld.java,,2,22,Default task
2021-09-02T20:22:03.878+09:00,user,IdeState,Active,HelloWorld,Editor,C:/Users/user/IdeaProjects/HelloWorld/src/HelloWorld.java,,2,25,Default task
2021-09-02T20:22:04.904+09:00,user,IdeState,Active,HelloWorld,Editor,C:/Users/user/IdeaProjects/HelloWorld/src/HelloWorld.java,,2,26,Default task
2021-09-02T20:22:05.917+09:00,user,IdeState,Active,HelloWorld,Editor,C:/Users/user/IdeaProjects/HelloWorld/src/HelloWorld.java,,2,27,Default task
2021-09-02T20:22:06.928+09:00,user,IdeState,Active,HelloWorld,Editor,C:/Users/user/IdeaProjects/HelloWorld/src/HelloWorld.java,,2,27,Default task
2021-09-02T20:22:07.942+09:00,user,IdeState,Active,HelloWorld,Editor,C:/Users/user/IdeaProjects/HelloWorld/src/HelloWorld.java,,2,27,Default task
2021-09-02T20:22:08.943+09:00,user,IdeState,Active,HelloWorld,Editor,C:/Users/user/IdeaProjects/HelloWorld/src/HelloWorld.java,HelloWorld::main,2,28,Default task
2021-09-02T20:22:09.958+09:00,user,IdeState,Active,HelloWorld,Editor,C:/Users/user/IdeaProjects/HelloWorld/src/HelloWorld.java,HelloWorld::main,2,30,Default task
2021-09-02T20:22:10.969+09:00,user,IdeState,Active,HelloWorld,Editor,C:/Users/user/IdeaProjects/HelloWorld/src/HelloWorld.java,HelloWorld::main,2,34,Default task
2021-09-02T20:22:11.984+09:00,user,IdeState,Active,HelloWorld,Editor,C:/Users/user/IdeaProjects/HelloWorld/src/HelloWorld.java,HelloWorld::main,2,34,Default task
2021-09-02T20:22:13.004+09:00,user,IdeState,Active,HelloWorld,Editor,C:/Users/user/IdeaProjects/HelloWorld/src/HelloWorld.java,HelloWorld::main,2,37,Default task
2021-09-02T20:22:14.013+09:00,user,IdeState,Active,HelloWorld,Editor,C:/Users/user/IdeaProjects/HelloWorld/src/HelloWorld.java,HelloWorld::main,2,35,Default task
2021-09-02T20:22:15.027+09:00,user,IdeState,Active,HelloWorld,Editor,C:/Users/user/IdeaProjects/HelloWorld/src/HelloWorld.java,HelloWorld::main,2,38,Default task
2021-09-02T20:22:16.044+09:00,user,IdeState,Active,HelloWorld,Editor,C:/Users/user/IdeaProjects/HelloWorld/src/HelloWorld.java,HelloWorld::main,2,38,Default task
2021-09-02T20:22:17.049+09:00,user,IdeState,Active,HelloWorld,Editor,C:/Users/user/IdeaProjects/HelloWorld/src/HelloWorld.java,HelloWorld::main,2,41,Default task
2021-09-02T20:22:18.051+09:00,user,IdeState,Active,HelloWorld,Editor,C:/Users/user/IdeaProjects/HelloWorld/src/HelloWorld.java,HelloWorld::main,2,41,Default task
2021-09-02T20:22:19.066+09:00,user,IdeState,Active,HelloWorld,Editor,C:/Users/user/IdeaProjects/HelloWorld/src/HelloWorld.java,,3,0,Default task
2021-09-02T20:22:20.069+09:00,user,IdeState,Active,HelloWorld,Editor,C:/Users/user/IdeaProjects/HelloWorld/src/HelloWorld.java,,2,42,Default task
2021-09-02T20:22:21.085+09:00,user,IdeState,Active,HelloWorld,Editor,C:/Users/user/IdeaProjects/HelloWorld/src/HelloWorld.java,HelloWorld::main,3,8,Default task
2021-09-02T20:22:22.095+09:00,user,IdeState,Active,HelloWorld,Editor,C:/Users/user/IdeaProjects/HelloWorld/src/HelloWorld.java,HelloWorld::main,3,8,Default task
2021-09-02T20:22:23.108+09:00,user,IdeState,Active,HelloWorld,Editor,C:/Users/user/IdeaProjects/HelloWorld/src/HelloWorld.java,HelloWorld::main,3,8,Default task
2021-09-02T20:22:24.117+09:00,user,IdeState,Active,HelloWorld,Editor,C:/Users/user/IdeaProjects/HelloWorld/src/HelloWorld.java,HelloWorld::main,3,8,Default task
2021-09-02T20:22:25.128+09:00,user,IdeState,Active,HelloWorld,Editor,C:/Users/user/IdeaProjects/HelloWorld/src/HelloWorld.java,HelloWorld::main,3,8,Default task
2021-09-02T20:22:26.137+09:00,user,IdeState,Active,HelloWorld,Editor,C:/Users/user/IdeaProjects/HelloWorld/src/HelloWorld.java,HelloWorld::main,3,11,Default task
2021-09-02T20:22:27.147+09:00,user,IdeState,Active,HelloWorld,Editor,C:/Users/user/IdeaProjects/HelloWorld/src/HelloWorld.java,HelloWorld::main,3,14,Default task
2021-09-02T20:22:28.160+09:00,user,IdeState,Active,HelloWorld,Editor,C:/Users/user/IdeaProjects/HelloWorld/src/HelloWorld.java,HelloWorld::main,3,18,Default task
2021-09-02T20:22:29.170+09:00,user,IdeState,Active,HelloWorld,Editor,C:/Users/user/IdeaProjects/HelloWorld/src/HelloWorld.java,HelloWorld::main,3,19,Default task
2021-09-02T20:22:30.186+09:00,user,IdeState,Active,HelloWorld,Editor,C:/Users/user/IdeaProjects/HelloWorld/src/HelloWorld.java,HelloWorld::main,3,19,Default task
2021-09-02T20:22:31.201+09:00,user,IdeState,Active,HelloWorld,Editor,C:/Users/user/IdeaProjects/HelloWorld/src/HelloWorld.java,HelloWorld::main,3,19,Default task
2021-09-02T20:22:32.214+09:00,user,IdeState,Active,HelloWorld,Editor,C:/Users/user/IdeaProjects/HelloWorld/src/HelloWorld.java,HelloWorld::main,3,23,Default task
2021-09-02T20:22:33.216+09:00,user,IdeState,Active,HelloWorld,Editor,C:/Users/user/IdeaProjects/HelloWorld/src/HelloWorld.java,HelloWorld::main,3,26,Default task
2021-09-02T20:22:34.219+09:00,user,IdeState,Active,HelloWorld,Editor,C:/Users/user/IdeaProjects/HelloWorld/src/HelloWorld.java,HelloWorld::main,3,26,Default task
2021-09-02T20:22:35.224+09:00,user,IdeState,Active,HelloWorld,Editor,C:/Users/user/IdeaProjects/HelloWorld/src/HelloWorld.java,HelloWorld::main,3,27,Default task
2021-09-02T20:22:36.234+09:00,user,IdeState,Active,HelloWorld,Editor,C:/Users/user/IdeaProjects/HelloWorld/src/HelloWorld.java,HelloWorld::main,3,29,Default task
2021-09-02T20:22:37.250+09:00,user,IdeState,Active,HelloWorld,Editor,C:/Users/user/IdeaProjects/HelloWorld/src/HelloWorld.java,HelloWorld::main,3,33,Default task
2021-09-02T20:22:38.262+09:00,user,IdeState,Active,HelloWorld,Editor,C:/Users/user/IdeaProjects/HelloWorld/src/HelloWorld.java,HelloWorld::main,3,34,Default task
2021-09-02T20:22:39.263+09:00,user,IdeState,Active,HelloWorld,Editor,C:/Users/user/IdeaProjects/HelloWorld/src/HelloWorld.java,HelloWorld::main,3,35,Default task
2021-09-02T20:22:40.269+09:00,user,IdeState,Active,HelloWorld,Editor,C:/Users/user/IdeaProjects/HelloWorld/src/HelloWorld.java,HelloWorld::main,3,37,Default task
2021-09-02T20:22:41.286+09:00,user,IdeState,Active,HelloWorld,Editor,C:/Users/user/IdeaProjects/HelloWorld/src/HelloWorld.java,HelloWorld::main,3,38,Default task
2021-09-02T20:22:42.293+09:00,user,IdeState,Active,HelloWorld,Editor,C:/Users/user/IdeaProjects/HelloWorld/src/HelloWorld.java,HelloWorld::main,3,40,Default task
2021-09-02T20:22:43.301+09:00,user,IdeState,Active,HelloWorld,Editor,C:/Users/user/IdeaProjects/HelloWorld/src/HelloWorld.java,HelloWorld::main,3,37,Default task
2021-09-02T20:22:44.305+09:00,user,IdeState,Active,HelloWorld,Editor,C:/Users/user/IdeaProjects/HelloWorld/src/HelloWorld.java,HelloWorld::main,3,37,Default task
2021-09-02T20:22:45.323+09:00,user,IdeState,Active,HelloWorld,Editor,C:/Users/user/IdeaProjects/HelloWorld/src/HelloWorld.java,HelloWorld::main,3,40,Default task
2021-09-02T20:22:46.331+09:00,user,IdeState,Active,HelloWorld,Editor,C:/Users/user/IdeaProjects/HelloWorld/src/HelloWorld.java,HelloWorld::main,3,40,Default task
2021-09-02T20:22:47.334+09:00,user,IdeState,Active,HelloWorld,Editor,C:/Users/user/IdeaProjects/HelloWorld/src/HelloWorld.java,HelloWorld::main,3,40,Default task
2021-09-02T20:22:48.345+09:00,user,IdeState,Active,HelloWorld,Editor,C:/Users/user/IdeaProjects/HelloWorld/src/HelloWorld.java,HelloWorld::main,3,41,Default task
2021-09-02T20:22:49.358+09:00,user,IdeState,Active,HelloWorld,Editor,C:/Users/user/IdeaProjects/HelloWorld/src/HelloWorld.java,HelloWorld::main,3,41,Default task
2021-09-02T20:22:50.358+09:00,user,IdeState,Active,HelloWorld,Editor,C:/Users/user/IdeaProjects/HelloWorld/src/HelloWorld.java,HelloWorld::main,3,41,Default task
2021-09-02T20:22:51.368+09:00,user,IdeState,Active,HelloWorld,Editor,C:/Users/user/IdeaProjects/HelloWorld/src/HelloWorld.java,HelloWorld::main,3,41,Default task
2021-09-02T20:22:52.381+09:00,user,IdeState,Active,HelloWorld,Editor,C:/Users/user/IdeaProjects/HelloWorld/src/HelloWorld.java,HelloWorld::main,3,41,Default task
2021-09-02T20:22:53.389+09:00,user,IdeState,Inactive,,,,,-1,-1,
2021-09-02T20:22:54.399+09:00,user,IdeState,Inactive,,,,,-1,-1,
2021-09-02T20:22:55.407+09:00,user,IdeState,Inactive,,,,,-1,-1,
2021-09-02T20:22:56.415+09:00,user,IdeState,Inactive,,,,,-1,-1,
2021-09-02T20:22:57.423+09:00,user,IdeState,Inactive,,,,,-1,-1,
2021-09-02T20:22:58.437+09:00,user,IdeState,Inactive,,,,,-1,-1,
2021-09-02T20:22:59.444+09:00,user,IdeState,Inactive,,,,,-1,-1,
2021-09-02T20:23:00.454+09:00,user,IdeState,Inactive,,,,,-1,-1,
2021-09-02T20:23:01.457+09:00,user,IdeState,Inactive,,,,,-1,-1,
2021-09-02T20:23:02.468+09:00,user,IdeState,Inactive,,,,,-1,-1,
2021-09-02T20:23:03.477+09:00,user,IdeState,Inactive,,,,,-1,-1,
2021-09-02T20:23:04.489+09:00,user,IdeState,Inactive,,,,,-1,-1,
2021-09-02T20:23:05.499+09:00,user,IdeState,Inactive,,,,,-1,-1,
2021-09-02T20:23:06.513+09:00,user,IdeState,Inactive,,,,,-1,-1,
2021-09-02T20:23:07.525+09:00,user,IdeState,Inactive,,,,,-1,-1,
2021-09-02T20:23:08.538+09:00,user,IdeState,Inactive,,,,,-1,-1,
2021-09-02T20:23:09.541+09:00,user,IdeState,Inactive,,,,,-1,-1,
2021-09-02T20:23:10.554+09:00,user,IdeState,Inactive,,,,,-1,-1,
2021-09-02T20:23:11.554+09:00,user,IdeState,Inactive,,,,,-1,-1,
2021-09-02T20:23:12.567+09:00,user,IdeState,Inactive,,,,,-1,-1,
2021-09-02T20:23:13.579+09:00,user,IdeState,Inactive,,,,,-1,-1,
2021-09-02T20:23:14.592+09:00,user,IdeState,Inactive,,,,,-1,-1,
2021-09-02T20:23:15.605+09:00,user,IdeState,Inactive,,,,,-1,-1,
2021-09-02T20:23:16.617+09:00,user,IdeState,Inactive,,,,,-1,-1,
2021-09-02T20:23:17.628+09:00,user,IdeState,Inactive,,,,,-1,-1,
2021-09-02T20:23:18.642+09:00,user,IdeState,Inactive,,,,,-1,-1,
2021-09-02T20:23:19.650+09:00,user,IdeState,Inactive,,,,,-1,-1,
2021-09-02T20:23:20.651+09:00,user,IdeState,Inactive,,,,,-1,-1,
2021-09-02T20:23:21.654+09:00,user,IdeState,Inactive,,,,,-1,-1,
2021-09-02T20:23:22.664+09:00,user,IdeState,Inactive,,,,,-1,-1,
2021-09-02T20:23:23.679+09:00,user,IdeState,Inactive,,,,,-1,-1,
2021-09-02T20:23:24.689+09:00,user,IdeState,Inactive,,,,,-1,-1,
2021-09-02T20:23:25.693+09:00,user,IdeState,Inactive,,,,,-1,-1,
2021-09-02T20:23:26.704+09:00,user,IdeState,Inactive,,,,,-1,-1,
2021-09-02T20:23:27.718+09:00,user,IdeState,Inactive,,,,,-1,-1,
2021-09-02T20:23:28.727+09:00,user,IdeState,Inactive,,,,,-1,-1,
2021-09-02T20:23:29.737+09:00,user,IdeState,Inactive,,,,,-1,-1,
2021-09-02T20:23:30.752+09:00,user,IdeState,Inactive,,,,,-1,-1,
2021-09-02T20:23:31.766+09:00,user,IdeState,Inactive,,,,,-1,-1,
2021-09-02T20:23:32.780+09:00,user,IdeState,Inactive,,,,,-1,-1,
2021-09-02T20:23:33.781+09:00,user,IdeState,Inactive,,,,,-1,-1,
2021-09-02T20:23:34.795+09:00,user,IdeState,Inactive,,,,,-1,-1,
2021-09-02T20:23:35.835+09:00,user,IdeState,Active,HelloWorld,Editor,C:/Users/user/IdeaProjects/HelloWorld/src/HelloWorld.java,HelloWorld::main,3,41,Default task
2021-09-02T20:23:36.836+09:00,user,IdeState,Active,HelloWorld,Editor,C:/Users/user/IdeaProjects/HelloWorld/src/HelloWorld.java,HelloWorld::main,3,41,Default task
2021-09-02T20:23:37.850+09:00,user,IdeState,Active,HelloWorld,Editor,C:/Users/user/IdeaProjects/HelloWorld/src/HelloWorld.java,HelloWorld::main,3,45,Default task
2021-09-02T20:23:38.860+09:00,user,IdeState,Active,HelloWorld,Editor,C:/Users/user/IdeaProjects/HelloWorld/src/HelloWorld.java,HelloWorld::main,3,50,Default task
2021-09-02T20:23:39.872+09:00,user,IdeState,Active,HelloWorld,Editor,C:/Users/user/IdeaProjects/HelloWorld/src/HelloWorld.java,HelloWorld::main,3,50,Default task
2021-09-02T20:23:40.884+09:00,user,IdeState,Active,HelloWorld,Editor,C:/Users/user/IdeaProjects/HelloWorld/src/HelloWorld.java,HelloWorld::main,3,52,Default task
2021-09-02T20:23:41.885+09:00,user,IdeState,Active,HelloWorld,Editor,C:/Users/user/IdeaProjects/HelloWorld/src/HelloWorld.java,HelloWorld::main,3,52,Default task
2021-09-02T20:23:42.898+09:00,user,IdeState,Active,HelloWorld,Editor,C:/Users/user/IdeaProjects/HelloWorld/src/HelloWorld.java,HelloWorld::main,3,52,Default task
2021-09-02T20:23:43.901+09:00,user,IdeState,Active,HelloWorld,Editor,C:/Users/user/IdeaProjects/HelloWorld/src/HelloWorld.java,HelloWorld::main,3,52,Default task
2021-09-02T20:23:44.911+09:00,user,IdeState,Active,HelloWorld,Editor,C:/Users/user/IdeaProjects/HelloWorld/src/HelloWorld.java,HelloWorld::main,3,50,Default task
2021-09-02T20:23:45.926+09:00,user,IdeState,Active,HelloWorld,Editor,C:/Users/user/IdeaProjects/HelloWorld/src/HelloWorld.java,HelloWorld::main,3,50,Default task
2021-09-02T20:23:46.941+09:00,user,IdeState,Active,HelloWorld,Editor,C:/Users/user/IdeaProjects/HelloWorld/src/HelloWorld.java,HelloWorld::main,3,53,Default task
2021-09-02T20:23:47.957+09:00,user,IdeState,Active,HelloWorld,Editor,C:/Users/user/IdeaProjects/HelloWorld/src/HelloWorld.java,HelloWorld::main,3,53,Default task
2021-09-02T20:23:48.968+09:00,user,IdeState,Active,HelloWorld,Editor,C:/Users/user/IdeaProjects/HelloWorld/src/HelloWorld.java,HelloWorld::main,3,53,Default task
2021-09-02T20:23:49.987+09:00,user,IdeState,Active,HelloWorld,Editor,C:/Users/user/IdeaProjects/HelloWorld/src/HelloWorld.java,HelloWorld::main,3,54,Default task
2021-09-02T20:23:51.001+09:00,user,IdeState,Active,HelloWorld,Editor,C:/Users/user/IdeaProjects/HelloWorld/src/HelloWorld.java,HelloWorld::main,4,8,Default task
2021-09-02T20:23:52.015+09:00,user,IdeState,Active,HelloWorld,Editor,C:/Users/user/IdeaProjects/HelloWorld/src/HelloWorld.java,,4,5,Default task
2021-09-02T20:23:53.030+09:00,user,IdeState,Active,HelloWorld,Editor,C:/Users/user/IdeaProjects/HelloWorld/src/HelloWorld.java,,5,4,Default task
2021-09-02T20:23:54.043+09:00,user,IdeState,Active,HelloWorld,Editor,C:/Users/user/IdeaProjects/HelloWorld/src/HelloWorld.java,,5,4,Default task
2021-09-02T20:23:55.053+09:00,user,IdeState,Active,HelloWorld,Editor,C:/Users/user/IdeaProjects/HelloWorld/src/HelloWorld.java,,5,4,Default task
2021-09-02T20:23:56.068+09:00,user,IdeState,Active,HelloWorld,Editor,C:/Users/user/IdeaProjects/HelloWorld/src/HelloWorld.java,,5,4,Default task
2021-09-02T20:23:57.077+09:00,user,IdeState,Active,HelloWorld,Popup,C:/Users/user/IdeaProjects/HelloWorld/src/HelloWorld.java,,5,4,Default task
2021-09-02T20:23:58.089+09:00,user,IdeState,Active,HelloWorld,Popup,C:/Users/user/IdeaProjects/HelloWorld/src/HelloWorld.java,,5,4,Default task
2021-09-02T20:23:59.193+09:00,user,IdeState,Active,HelloWorld,Editor,C:/Users/user/IdeaProjects/HelloWorld/src/HelloWorld.java,,5,4,Default task
2021-09-02T20:24:00.198+09:00,user,IdeState,Active,HelloWorld,Editor,C:/Users/user/IdeaProjects/HelloWorld/src/HelloWorld.java,,5,4,Default task
2021-09-02T20:24:01.211+09:00,user,IdeState,Active,HelloWorld,Editor,C:/Users/user/IdeaProjects/HelloWorld/src/HelloWorld.java,,5,4,Default task
2021-09-02T20:24:02.221+09:00,user,IdeState,Active,HelloWorld,Editor,C:/Users/user/IdeaProjects/HelloWorld/src/HelloWorld.java,,5,4,Default task
2021-09-02T20:24:03.228+09:00,user,IdeState,Active,HelloWorld,Editor,C:/Users/user/IdeaProjects/HelloWorld/src/HelloWorld.java,,5,4,Default task
2021-09-02T20:24:04.230+09:00,user,IdeState,Active,HelloWorld,Editor,C:/Users/user/IdeaProjects/HelloWorld/src/HelloWorld.java,,5,4,Default task
2021-09-02T20:24:05.243+09:00,user,IdeState,Active,HelloWorld,Editor,C:/Users/user/IdeaProjects/HelloWorld/src/HelloWorld.java,,5,4,Default task
2021-09-02T20:24:06.255+09:00,user,IdeState,Active,HelloWorld,Editor,C:/Users/user/IdeaProjects/HelloWorld/src/HelloWorld.java,,5,4,Default task
2021-09-02T20:24:07.368+09:00,user,IdeState,Active,HelloWorld,Editor,C:/Users/user/IdeaProjects/HelloWorld/src/HelloWorld.java,,5,4,Default task
2021-09-02T20:24:08.382+09:00,user,IdeState,Active,HelloWorld,Editor,C:/Users/user/IdeaProjects/HelloWorld/src/HelloWorld.java,,5,4,Default task
2021-09-02T20:24:09.392+09:00,user,IdeState,Active,HelloWorld,Editor,C:/Users/user/IdeaProjects/HelloWorld/src/HelloWorld.java,,5,4,Default task
2021-09-02T20:24:10.406+09:00,user,IdeState,Active,HelloWorld,Editor,C:/Users/user/IdeaProjects/HelloWorld/src/HelloWorld.java,,5,4,Default task
2021-09-02T20:24:11.417+09:00,user,IdeState,Active,HelloWorld,Editor,C:/Users/user/IdeaProjects/HelloWorld/src/HelloWorld.java,,5,4,Default task
2021-09-02T20:24:12.433+09:00,user,IdeState,Active,HelloWorld,Editor,C:/Users/user/IdeaProjects/HelloWorld/src/HelloWorld.java,,5,4,Default task
2021-09-02T20:24:13.443+09:00,user,IdeState,Active,HelloWorld,Editor,C:/Users/user/IdeaProjects/HelloWorld/src/HelloWorld.java,,5,4,Default task
2021-09-02T20:24:14.452+09:00,user,IdeState,Active,HelloWorld,Editor,C:/Users/user/IdeaProjects/HelloWorld/src/HelloWorld.java,,5,4,Default task
2021-09-02T20:24:15.466+09:00,user,IdeState,Active,HelloWorld,Editor,C:/Users/user/IdeaProjects/HelloWorld/src/HelloWorld.java,,5,4,Default task
2021-09-02T20:24:16.473+09:00,user,IdeState,Active,HelloWorld,Editor,C:/Users/user/IdeaProjects/HelloWorld/src/HelloWorld.java,,5,4,Default task
2021-09-02T20:24:17.486+09:00,user,IdeState,Active,HelloWorld,Editor,C:/Users/user/IdeaProjects/HelloWorld/src/HelloWorld.java,,5,4,Default task
2021-09-02T20:24:18.496+09:00,user,IdeState,Active,HelloWorld,Editor,C:/Users/user/IdeaProjects/HelloWorld/src/HelloWorld.java,,5,4,Default task
2021-09-02T20:24:19.509+09:00,user,IdeState,Active,HelloWorld,Editor,C:/Users/user/IdeaProjects/HelloWorld/src/HelloWorld.java,,5,4,Default task
2021-09-02T20:24:20.511+09:00,user,IdeState,Inactive,,,,,-1,-1,
2021-09-02T20:24:21.523+09:00,user,IdeState,Inactive,,,,,-1,-1,
2021-09-02T20:24:22.537+09:00,user,IdeState,Inactive,,,,,-1,-1,
2021-09-02T20:24:23.548+09:00,user,IdeState,Inactive,,,,,-1,-1,
2021-09-02T20:24:24.559+09:00,user,IdeState,Inactive,,,,,-1,-1,
2021-09-02T20:24:25.572+09:00,user,IdeState,Inactive,,,,,-1,-1,
2021-09-02T20:24:26.574+09:00,user,IdeState,Inactive,,,,,-1,-1,
2021-09-02T20:24:27.583+09:00,user,IdeState,Inactive,,,,,-1,-1,
2021-09-02T20:24:28.595+09:00,user,IdeState,Inactive,,,,,-1,-1,
2021-09-02T20:24:29.606+09:00,user,IdeState,Inactive,,,,,-1,-1,
2021-09-02T20:24:30.617+09:00,user,IdeState,Inactive,,,,,-1,-1,
2021-09-02T20:24:31.627+09:00,user,IdeState,Inactive,,,,,-1,-1,
2021-09-02T20:24:32.638+09:00,user,IdeState,Inactive,,,,,-1,-1,
2021-09-02T20:24:33.648+09:00,user,IdeState,Inactive,,,,,-1,-1,
2021-09-02T20:24:34.659+09:00,user,IdeState,Inactive,,,,,-1,-1,
2021-09-02T20:24:35.668+09:00,user,IdeState,Inactive,,,,,-1,-1,
2021-09-02T20:24:36.682+09:00,user,IdeState,Inactive,,,,,-1,-1,
2021-09-02T20:24:37.691+09:00,user,IdeState,Inactive,,,,,-1,-1,
2021-09-02T20:24:38.703+09:00,user,IdeState,Inactive,,,,,-1,-1,
2021-09-02T20:24:39.718+09:00,user,IdeState,Inactive,,,,,-1,-1,
2021-09-02T20:24:40.731+09:00,user,IdeState,Inactive,,,,,-1,-1,
2021-09-02T20:24:41.744+09:00,user,IdeState,Inactive,,,,,-1,-1,
2021-09-02T20:24:42.756+09:00,user,IdeState,Inactive,,,,,-1,-1,
2021-09-02T20:24:43.758+09:00,user,IdeState,Inactive,,,,,-1,-1,
2021-09-02T20:24:44.767+09:00,user,IdeState,Inactive,,,,,-1,-1,
2021-09-02T20:24:45.780+09:00,user,IdeState,Inactive,,,,,-1,-1,
2021-09-02T20:24:46.793+09:00,user,IdeState,Inactive,,,,,-1,-1,
2021-09-02T20:24:47.805+09:00,user,IdeState,Inactive,,,,,-1,-1,
2021-09-02T20:24:48.817+09:00,user,IdeState,Inactive,,,,,-1,-1,
2021-09-02T20:24:49.831+09:00,user,IdeState,Inactive,,,,,-1,-1,
2021-09-02T20:24:50.834+09:00,user,IdeState,Inactive,,,,,-1,-1,
2021-09-02T20:24:51.847+09:00,user,IdeState,Inactive,,,,,-1,-1,
2021-09-02T20:24:52.862+09:00,user,IdeState,Inactive,,,,,-1,-1,
2021-09-02T20:24:53.876+09:00,user,IdeState,Inactive,,,,,-1,-1,
2021-09-02T20:24:54.887+09:00,user,IdeState,Inactive,,,,,-1,-1,
2021-09-02T20:24:55.902+09:00,user,IdeState,Inactive,,,,,-1,-1,
2021-09-02T20:24:56.911+09:00,user,IdeState,Inactive,,,,,-1,-1,
2021-09-02T20:24:57.923+09:00,user,IdeState,Inactive,,,,,-1,-1,
2021-09-02T20:24:58.938+09:00,user,IdeState,Inactive,,,,,-1,-1,
2021-09-02T20:24:59.947+09:00,user,IdeState,Inactive,,,,,-1,-1,
2021-09-02T20:25:00.959+09:00,user,IdeState,Inactive,,,,,-1,-1,
2021-09-02T20:25:01.968+09:00,user,IdeState,Inactive,,,,,-1,-1,
2021-09-02T20:25:02.976+09:00,user,IdeState,Inactive,,,,,-1,-1,
2021-09-02T20:25:03.983+09:00,user,IdeState,Inactive,,,,,-1,-1,
2021-09-02T20:25:04.991+09:00,user,IdeState,Inactive,,,,,-1,-1,
2021-09-02T20:25:06.002+09:00,user,IdeState,Inactive,,,,,-1,-1,
2021-09-02T20:25:07.014+09:00,user,IdeState,Inactive,,,,,-1,-1,
2021-09-02T20:25:08.025+09:00,user,IdeState,Inactive,,,,,-1,-1,
2021-09-02T20:25:09.039+09:00,user,IdeState,Inactive,,,,,-1,-1,
2021-09-02T20:25:10.051+09:00,user,IdeState,Inactive,,,,,-1,-1,
2021-09-02T20:25:11.063+09:00,user,IdeState,Inactive,,,,,-1,-1,
2021-09-02T20:25:12.076+09:00,user,IdeState,Inactive,,,,,-1,-1,
2021-09-02T20:25:13.090+09:00,user,IdeState,Inactive,,,,,-1,-1,
2021-09-02T20:25:14.106+09:00,user,IdeState,Inactive,,,,,-1,-1,
2021-09-02T20:25:15.122+09:00,user,IdeState,Inactive,,,,,-1,-1,
2021-09-02T20:25:16.134+09:00,user,IdeState,Inactive,,,,,-1,-1,
2021-09-02T20:25:17.147+09:00,user,IdeState,Inactive,,,,,-1,-1,
2021-09-02T20:25:18.158+09:00,user,IdeState,Inactive,,,,,-1,-1,
2021-09-02T20:25:19.171+09:00,user,IdeState,Inactive,,,,,-1,-1,
2021-09-02T20:25:20.180+09:00,user,IdeState,Inactive,,,,,-1,-1,
2021-09-02T20:25:21.193+09:00,user,IdeState,Inactive,,,,,-1,-1,
2021-09-02T20:25:22.203+09:00,user,IdeState,Inactive,,,,,-1,-1,
2021-09-02T20:25:23.218+09:00,user,IdeState,Inactive,,,,,-1,-1,
2021-09-02T20:25:24.231+09:00,user,IdeState,Inactive,,,,,-1,-1,
2021-09-02T20:25:25.232+09:00,user,IdeState,Inactive,,,,,-1,-1,
2021-09-02T20:25:26.245+09:00,user,IdeState,Inactive,,,,,-1,-1,
2021-09-02T20:25:27.258+09:00,user,IdeState,Inactive,,,,,-1,-1,
2021-09-02T20:25:28.272+09:00,user,IdeState,Inactive,,,,,-1,-1,
2021-09-02T20:25:29.283+09:00,user,IdeState,Inactive,,,,,-1,-1,
2021-09-02T20:25:30.296+09:00,user,IdeState,Inactive,,,,,-1,-1,
2021-09-02T20:25:31.307+09:00,user,IdeState,Inactive,,,,,-1,-1,
2021-09-02T20:25:32.308+09:00,user,IdeState,Inactive,,,,,-1,-1,
2021-09-02T20:25:33.322+09:00,user,IdeState,Inactive,,,,,-1,-1,
2021-09-02T20:25:34.332+09:00,user,IdeState,Inactive,,,,,-1,-1,
2021-09-02T20:25:35.346+09:00,user,IdeState,Inactive,,,,,-1,-1,
2021-09-02T20:25:36.360+09:00,user,IdeState,Inactive,,,,,-1,-1,
2021-09-02T20:25:37.371+09:00,user,IdeState,Inactive,,,,,-1,-1,
2021-09-02T20:25:38.372+09:00,user,IdeState,Inactive,,,,,-1,-1,
2021-09-02T20:25:39.373+09:00,user,IdeState,Inactive,,,,,-1,-1,
2021-09-02T20:25:40.384+09:00,user,IdeState,Inactive,,,,,-1,-1,
2021-09-02T20:25:41.397+09:00,user,IdeState,Inactive,,,,,-1,-1,
2021-09-02T20:25:42.410+09:00,user,IdeState,Inactive,,,,,-1,-1,
2021-09-02T20:25:43.427+09:00,user,IdeState,Inactive,,,,,-1,-1,
2021-09-02T20:25:44.436+09:00,user,IdeState,Inactive,,,,,-1,-1,
2021-09-02T20:25:45.438+09:00,user,IdeState,Inactive,,,,,-1,-1,
2021-09-02T20:25:46.449+09:00,user,IdeState,Inactive,,,,,-1,-1,
2021-09-02T20:25:47.464+09:00,user,IdeState,Inactive,,,,,-1,-1,
2021-09-02T20:25:48.475+09:00,user,IdeState,Inactive,,,,,-1,-1,
2021-09-02T20:25:49.488+09:00,user,IdeState,Active,HelloWorld,Editor,C:/Users/user/IdeaProjects/HelloWorld/src/HelloWorld.java,,5,4,Default task
2021-09-02T20:25:50.500+09:00,user,IdeState,Active,HelloWorld,Editor,C:/Users/user/IdeaProjects/HelloWorld/src/HelloWorld.java,,5,4,Default task
2021-09-02T20:25:51.518+09:00,user,IdeState,Active,HelloWorld,Editor,C:/Users/user/IdeaProjects/HelloWorld/src/HelloWorld.java,,5,4,Default task
2021-09-02T20:25:52.524+09:00,user,IdeState,Active,HelloWorld,Editor,C:/Users/user/IdeaProjects/HelloWorld/src/HelloWorld.java,,5,4,Default task
2021-09-02T20:25:53.534+09:00,user,IdeState,Active,HelloWorld,Editor,C:/Users/user/IdeaProjects/HelloWorld/src/HelloWorld.java,,5,4,Default task
2021-09-02T20:25:54.548+09:00,user,IdeState,Active,HelloWorld,Editor,C:/Users/user/IdeaProjects/HelloWorld/src/HelloWorld.java,,5,4,Default task
2021-09-02T20:25:55.566+09:00,user,IdeState,Active,HelloWorld,Editor,C:/Users/user/IdeaProjects/HelloWorld/src/HelloWorld.java,,5,4,Default task
2021-09-02T20:25:56.592+09:00,user,IdeState,Active,HelloWorld,Editor,C:/Users/user/IdeaProjects/HelloWorld/src/HelloWorld.java,,5,4,Default task
2021-09-02T20:25:57.611+09:00,user,IdeState,Active,HelloWorld,Editor,C:/Users/user/IdeaProjects/HelloWorld/src/HelloWorld.java,,5,4,Default task
2021-09-02T20:25:58.614+09:00,user,IdeState,Active,HelloWorld,Editor,C:/Users/user/IdeaProjects/HelloWorld/src/HelloWorld.java,,5,4,Default task
2021-09-02T20:25:59.624+09:00,user,IdeState,Active,HelloWorld,Editor,C:/Users/user/IdeaProjects/HelloWorld/src/HelloWorld.java,,7,0,Default task
2021-09-02T20:26:00.644+09:00,user,IdeState,Inactive,,,,,-1,-1,
2021-09-02T20:26:01.656+09:00,user,IdeState,Inactive,,,,,-1,-1,
2021-09-02T20:26:02.665+09:00,user,IdeState,Inactive,,,,,-1,-1,
2021-09-02T20:26:03.676+09:00,user,IdeState,Inactive,,,,,-1,-1,
2021-09-02T20:26:04.683+09:00,user,IdeState,Inactive,,,,,-1,-1,
2021-09-02T20:26:05.692+09:00,user,IdeState,Inactive,,,,,-1,-1,
2021-09-02T20:26:06.708+09:00,user,IdeState,Inactive,,,,,-1,-1,
2021-09-02T20:26:07.719+09:00,user,IdeState,Inactive,,,,,-1,-1,
2021-09-02T20:26:08.725+09:00,user,IdeState,Inactive,,,,,-1,-1,
2021-09-02T20:26:09.736+09:00,user,IdeState,Inactive,,,,,-1,-1,
2021-09-02T20:26:10.749+09:00,user,IdeState,Inactive,,,,,-1,-1,
2021-09-02T20:26:11.764+09:00,user,IdeState,Inactive,,,,,-1,-1,
2021-09-02T20:26:12.766+09:00,user,IdeState,Inactive,,,,,-1,-1,
2021-09-02T20:26:13.782+09:00,user,IdeState,Inactive,,,,,-1,-1,
2021-09-02T20:26:14.794+09:00,user,IdeState,Inactive,,,,,-1,-1,
2021-09-02T20:26:15.806+09:00,user,IdeState,Inactive,,,,,-1,-1,
2021-09-02T20:26:16.829+09:00,user,IdeState,Inactive,,,,,-1,-1,
2021-09-02T20:26:17.845+09:00,user,IdeState,Inactive,,,,,-1,-1,
2021-09-02T20:26:18.851+09:00,user,IdeState,Inactive,,,,,-1,-1,
2021-09-02T20:26:19.859+09:00,user,IdeState,Inactive,,,,,-1,-1,
2021-09-02T20:26:20.873+09:00,user,IdeState,Inactive,,,,,-1,-1,
2021-09-02T20:26:21.886+09:00,user,IdeState,Inactive,,,,,-1,-1,
2021-09-02T20:26:22.899+09:00,user,IdeState,Inactive,,,,,-1,-1,
2021-09-02T20:26:23.907+09:00,user,IdeState,Inactive,,,,,-1,-1,
2021-09-02T20:26:24.917+09:00,user,IdeState,Inactive,,,,,-1,-1,
2021-09-02T20:26:25.931+09:00,user,IdeState,Inactive,,,,,-1,-1,
2021-09-02T20:26:26.933+09:00,user,IdeState,Inactive,,,,,-1,-1,
2021-09-02T20:26:27.941+09:00,user,IdeState,Inactive,,,,,-1,-1,
2021-09-02T20:26:28.950+09:00,user,IdeState,Inactive,,,,,-1,-1,
2021-09-02T20:26:29.958+09:00,user,IdeState,Inactive,,,,,-1,-1,
2021-09-02T20:26:30.972+09:00,user,IdeState,Inactive,,,,,-1,-1,
2021-09-02T20:26:31.977+09:00,user,IdeState,Inactive,,,,,-1,-1,
2021-09-02T20:26:32.992+09:00,user,IdeState,Inactive,,,,,-1,-1,
2021-09-02T20:26:34.003+09:00,user,IdeState,Inactive,,,,,-1,-1,
2021-09-02T20:26:35.018+09:00,user,IdeState,Inactive,,,,,-1,-1,
2021-09-02T20:26:36.030+09:00,user,IdeState,Inactive,,,,,-1,-1,
2021-09-02T20:26:37.039+09:00,user,IdeState,Inactive,,,,,-1,-1,
2021-09-02T20:26:38.055+09:00,user,IdeState,Inactive,,,,,-1,-1,
2021-09-02T20:26:39.069+09:00,user,IdeState,Inactive,,,,,-1,-1,
2021-09-02T20:26:40.081+09:00,user,IdeState,Inactive,,,,,-1,-1,
2021-09-02T20:26:41.093+09:00,user,IdeState,Inactive,,,,,-1,-1,
2021-09-02T20:26:42.107+09:00,user,IdeState,Inactive,,,,,-1,-1,
2021-09-02T20:26:43.120+09:00,user,IdeState,Inactive,,,,,-1,-1,
2021-09-02T20:26:44.133+09:00,user,IdeState,Inactive,,,,,-1,-1,
2021-09-02T20:26:45.141+09:00,user,IdeState,Active,HelloWorld,Editor,C:/Users/user/IdeaProjects/HelloWorld/src/HelloWorld.java,,7,0,Default task
2021-09-02T20:26:46.155+09:00,user,IdeState,Active,HelloWorld,Editor,C:/Users/user/IdeaProjects/HelloWorld/src/HelloWorld.java,,7,0,Default task
2021-09-02T20:26:47.172+09:00,user,IdeState,Active,HelloWorld,Editor,C:/Users/user/IdeaProjects/HelloWorld/src/HelloWorld.java,,7,0,Default task
2021-09-02T20:26:48.173+09:00,user,IdeState,Active,HelloWorld,Editor,C:/Users/user/IdeaProjects/HelloWorld/src/HelloWorld.java,,7,0,Default task
2021-09-02T20:26:49.179+09:00,user,IdeState,Active,HelloWorld,Editor,C:/Users/user/IdeaProjects/HelloWorld/src/HelloWorld.java,,7,0,Default task
2021-09-02T20:26:50.196+09:00,user,IdeState,Active,HelloWorld,Editor,C:/Users/user/IdeaProjects/HelloWorld/src/HelloWorld.java,,7,0,Default task
2021-09-02T20:26:51.212+09:00,user,IdeState,Active,HelloWorld,Editor,C:/Users/user/IdeaProjects/HelloWorld/src/HelloWorld.java,,7,0,Default task
2021-09-02T20:26:52.222+09:00,user,IdeState,Active,HelloWorld,Editor,C:/Users/user/IdeaProjects/HelloWorld/src/HelloWorld.java,,7,0,Default task
2021-09-02T20:26:53.236+09:00,user,IdeState,Active,HelloWorld,Editor,C:/Users/user/IdeaProjects/HelloWorld/src/HelloWorld.java,,5,0,Default task
2021-09-02T20:26:54.250+09:00,user,IdeState,Active,HelloWorld,Editor,C:/Users/user/IdeaProjects/HelloWorld/src/HelloWorld.java,,5,0,Default task
2021-09-02T20:26:55.261+09:00,user,IdeState,Active,HelloWorld,Editor,C:/Users/user/IdeaProjects/HelloWorld/src/HelloWorld.java,,5,0,Default task
2021-09-02T20:26:56.273+09:00,user,IdeState,Active,HelloWorld,Editor,C:/Users/user/IdeaProjects/HelloWorld/src/HelloWorld.java,,5,0,Default task
2021-09-02T20:26:57.282+09:00,user,IdeState,Active,HelloWorld,Popup,C:/Users/user/IdeaProjects/HelloWorld/src/HelloWorld.java,,5,0,Default task
2021-09-02T20:26:58.294+09:00,user,IdeState,Active,HelloWorld,Popup,C:/Users/user/IdeaProjects/HelloWorld/src/HelloWorld.java,,5,0,Default task
2021-09-02T20:26:59.302+09:00,user,IdeState,Active,HelloWorld,Editor,C:/Users/user/IdeaProjects/HelloWorld/src/HelloWorld.java,,5,0,Default task
2021-09-02T20:27:00.315+09:00,user,IdeState,Active,HelloWorld,Editor,C:/Users/user/IdeaProjects/HelloWorld/src/HelloWorld.java,,5,0,Default task
2021-09-02T20:27:01.327+09:00,user,IdeState,Active,HelloWorld,Editor,C:/Users/user/IdeaProjects/HelloWorld/src/HelloWorld.java,,5,0,Default task
2021-09-02T20:27:02.341+09:00,user,IdeState,Inactive,,,,,-1,-1,
2021-09-02T20:27:03.352+09:00,user,IdeState,Inactive,,,,,-1,-1,
2021-09-02T20:27:04.364+09:00,user,IdeState,Inactive,,,,,-1,-1,
2021-09-02T20:27:05.378+09:00,user,IdeState,Inactive,,,,,-1,-1,
2021-09-02T20:27:06.388+09:00,user,IdeState,Inactive,,,,,-1,-1,
2021-09-02T20:27:07.399+09:00,user,IdeState,Inactive,,,,,-1,-1,
2021-09-02T20:27:08.400+09:00,user,IdeState,Inactive,,,,,-1,-1,
2021-09-02T20:27:09.414+09:00,user,IdeState,Inactive,,,,,-1,-1,
2021-09-02T20:27:10.428+09:00,user,IdeState,Inactive,,,,,-1,-1,
2021-09-02T20:27:11.440+09:00,user,IdeState,Inactive,,,,,-1,-1,
2021-09-02T20:27:12.453+09:00,user,IdeState,Inactive,,,,,-1,-1,
2021-09-02T20:27:13.459+09:00,user,IdeState,Inactive,,,,,-1,-1,
2021-09-02T20:27:14.471+09:00,user,IdeState,Inactive,,,,,-1,-1,
2021-09-02T20:27:15.487+09:00,user,IdeState,Inactive,,,,,-1,-1,
2021-09-02T20:27:16.491+09:00,user,IdeState,Inactive,,,,,-1,-1,
2021-09-02T20:27:17.510+09:00,user,IdeState,Inactive,,,,,-1,-1,
2021-09-02T20:27:18.513+09:00,user,IdeState,Inactive,,,,,-1,-1,
2021-09-02T20:27:19.525+09:00,user,IdeState,Inactive,,,,,-1,-1,
2021-09-02T20:27:20.539+09:00,user,IdeState,Inactive,,,,,-1,-1,
2021-09-02T20:27:21.543+09:00,user,IdeState,Inactive,,,,,-1,-1,
2021-09-02T20:27:22.555+09:00,user,IdeState,Inactive,,,,,-1,-1,
2021-09-02T20:27:23.563+09:00,user,IdeState,Inactive,,,,,-1,-1,
2021-09-02T20:27:24.574+09:00,user,IdeState,Inactive,,,,,-1,-1,
2021-09-02T20:27:25.588+09:00,user,IdeState,Inactive,,,,,-1,-1,
2021-09-02T20:27:26.601+09:00,user,IdeState,Inactive,,,,,-1,-1,
2021-09-02T20:27:27.603+09:00,user,IdeState,Inactive,,,,,-1,-1,
2021-09-02T20:27:28.615+09:00,user,IdeState,Inactive,,,,,-1,-1,
2021-09-02T20:27:29.627+09:00,user,IdeState,Inactive,,,,,-1,-1,
2021-09-02T20:27:30.640+09:00,user,IdeState,Inactive,,,,,-1,-1,
2021-09-02T20:27:31.650+09:00,user,IdeState,Inactive,,,,,-1,-1,
2021-09-02T20:27:32.662+09:00,user,IdeState,Inactive,,,,,-1,-1,
2021-09-02T20:27:33.678+09:00,user,IdeState,Inactive,,,,,-1,-1,
2021-09-02T20:27:34.681+09:00,user,IdeState,Inactive,,,,,-1,-1,
2021-09-02T20:27:35.692+09:00,user,IdeState,Inactive,,,,,-1,-1,
2021-09-02T20:27:36.695+09:00,user,IdeState,Inactive,,,,,-1,-1,
2021-09-02T20:27:37.710+09:00,user,IdeState,Inactive,,,,,-1,-1,
2021-09-02T20:27:38.724+09:00,user,IdeState,Inactive,,,,,-1,-1,
2021-09-02T20:27:39.738+09:00,user,IdeState,Inactive,,,,,-1,-1,
2021-09-02T20:27:40.743+09:00,user,IdeState,Inactive,,,,,-1,-1,
2021-09-02T20:27:41.747+09:00,user,IdeState,Inactive,,,,,-1,-1,
2021-09-02T20:27:42.760+09:00,user,IdeState,Inactive,,,,,-1,-1,
2021-09-02T20:27:43.770+09:00,user,IdeState,Inactive,,,,,-1,-1,
2021-09-02T20:27:44.785+09:00,user,IdeState,Active,HelloWorld,Editor,C:/Users/user/IdeaProjects/HelloWorld/src/HelloWorld.java,,5,0,Default task
2021-09-02T20:27:45.796+09:00,user,IdeState,Active,HelloWorld,Editor,C:/Users/user/IdeaProjects/HelloWorld/src/HelloWorld.java,,5,0,Default task
2021-09-02T20:27:46.810+09:00,user,IdeState,Active,HelloWorld,Editor,C:/Users/user/IdeaProjects/HelloWorld/src/HelloWorld.java,,5,0,Default task
2021-09-02T20:27:47.822+09:00,user,IdeState,Active,HelloWorld,Editor,C:/Users/user/IdeaProjects/HelloWorld/src/HelloWorld.java,,5,0,Default task
2021-09-02T20:27:48.834+09:00,user,IdeState,Active,HelloWorld,Editor,C:/Users/user/IdeaProjects/HelloWorld/src/HelloWorld.java,,5,0,Default task
2021-09-02T20:27:49.843+09:00,user,IdeState,Active,HelloWorld,Popup,C:/Users/user/IdeaProjects/HelloWorld/src/HelloWorld.java,,5,0,Default task
2021-09-02T20:27:50.859+09:00,user,IdeState,Active,HelloWorld,Popup,C:/Users/user/IdeaProjects/HelloWorld/src/HelloWorld.java,,5,0,Default task
2021-09-02T20:27:51.873+09:00,user,IdeState,Active,HelloWorld,Editor,C:/Users/user/IdeaProjects/HelloWorld/src/HelloWorld.java,,5,0,Default task
2021-09-02T20:27:52.885+09:00,user,IdeState,Active,HelloWorld,Editor,C:/Users/user/IdeaProjects/HelloWorld/src/HelloWorld.java,,5,0,Default task
2021-09-02T20:27:53.899+09:00,user,IdeState,Inactive,,,,,-1,-1,
2021-09-02T20:27:54.912+09:00,user,IdeState,Inactive,,,,,-1,-1,
2021-09-02T20:27:55.925+09:00,user,IdeState,Inactive,,,,,-1,-1,
2021-09-02T20:27:56.928+09:00,user,IdeState,Inactive,,,,,-1,-1,
2021-09-02T20:27:57.941+09:00,user,IdeState,Inactive,,,,,-1,-1,
2021-09-02T20:27:58.954+09:00,user,IdeState,Inactive,,,,,-1,-1,
2021-09-02T20:27:59.967+09:00,user,IdeState,Inactive,,,,,-1,-1,
2021-09-02T20:28:00.980+09:00,user,IdeState,Inactive,,,,,-1,-1,
2021-09-02T20:28:01.989+09:00,user,IdeState,Active,HelloWorld,Editor,C:/Users/user/IdeaProjects/HelloWorld/src/HelloWorld.java,,5,0,Default task
2021-09-02T20:28:03.000+09:00,user,IdeState,Active,HelloWorld,Editor,C:/Users/user/IdeaProjects/HelloWorld/src/HelloWorld.java,,5,0,Default task
2021-09-02T20:28:04.011+09:00,user,IdeState,Active,HelloWorld,Editor,C:/Users/user/IdeaProjects/HelloWorld/src/HelloWorld.java,,5,0,Default task
2021-09-02T20:28:05.029+09:00,user,IdeState,Active,HelloWorld,Editor,C:/Users/user/IdeaProjects/HelloWorld/src/HelloWorld.java,,5,0,Default task
2021-09-02T20:28:06.036+09:00,user,IdeState,Active,HelloWorld,Editor,C:/Users/user/IdeaProjects/HelloWorld/src/HelloWorld.java,HelloWorld::main,3,51,Default task
2021-09-02T20:28:07.050+09:00,user,IdeState,Active,HelloWorld,Editor,C:/Users/user/IdeaProjects/HelloWorld/src/HelloWorld.java,HelloWorld::main,3,54,Default task
2021-09-02T20:28:08.053+09:00,user,IdeState,Active,HelloWorld,Editor,C:/Users/user/IdeaProjects/HelloWorld/src/HelloWorld.java,HelloWorld::main,3,54,Default task
2021-09-02T20:28:09.068+09:00,user,IdeState,Active,HelloWorld,Editor,C:/Users/user/IdeaProjects/HelloWorld/src/HelloWorld.java,HelloWorld::main,3,54,Default task
2021-09-02T20:28:10.079+09:00,user,IdeState,Active,HelloWorld,Editor,C:/Users/user/IdeaProjects/HelloWorld/src/HelloWorld.java,HelloWorld::main,3,54,Default task
2021-09-02T20:28:11.093+09:00,user,IdeState,Active,HelloWorld,Editor,C:/Users/user/IdeaProjects/HelloWorld/src/HelloWorld.java,HelloWorld::main,3,54,Default task
2021-09-02T20:28:12.104+09:00,user,IdeState,Active,HelloWorld,Editor,C:/Users/user/IdeaProjects/HelloWorld/src/HelloWorld.java,HelloWorld::main,3,54,Default task
2021-09-02T20:28:13.108+09:00,user,IdeState,Active,HelloWorld,Editor,C:/Users/user/IdeaProjects/HelloWorld/src/HelloWorld.java,HelloWorld::main,3,54,Default task
2021-09-02T20:28:14.127+09:00,user,IdeState,Active,HelloWorld,Editor,C:/Users/user/IdeaProjects/HelloWorld/src/HelloWorld.java,HelloWorld::main,3,54,Default task
2021-09-02T20:28:15.138+09:00,user,IdeState,Active,HelloWorld,Editor,C:/Users/user/IdeaProjects/HelloWorld/src/HelloWorld.java,HelloWorld::main,3,54,Default task
2021-09-02T20:28:16.143+09:00,user,IdeState,Active,HelloWorld,Editor,C:/Users/user/IdeaProjects/HelloWorld/src/HelloWorld.java,HelloWorld::main,3,54,Default task
2021-09-02T20:28:17.159+09:00,user,IdeState,Active,HelloWorld,Editor,C:/Users/user/IdeaProjects/HelloWorld/src/HelloWorld.java,HelloWorld::main,3,54,Default task
2021-09-02T20:28:18.161+09:00,user,IdeState,Active,HelloWorld,Editor,C:/Users/user/IdeaProjects/HelloWorld/src/HelloWorld.java,HelloWorld::main,3,54,Default task
2021-09-02T20:28:19.173+09:00,user,IdeState,Active,HelloWorld,Editor,C:/Users/user/IdeaProjects/HelloWorld/src/HelloWorld.java,HelloWorld::main,3,54,Default task
2021-09-02T20:28:20.174+09:00,user,IdeState,Active,HelloWorld,Editor,C:/Users/user/IdeaProjects/HelloWorld/src/HelloWorld.java,HelloWorld::main,3,54,Default task
2021-09-02T20:28:21.186+09:00,user,IdeState,Active,HelloWorld,Editor,C:/Users/user/IdeaProjects/HelloWorld/src/HelloWorld.java,HelloWorld::main,3,54,Default task
2021-09-02T20:28:22.201+09:00,user,IdeState,Active,HelloWorld,Editor,C:/Users/user/IdeaProjects/HelloWorld/src/HelloWorld.java,HelloWorld::main,3,54,Default task
2021-09-02T20:28:23.216+09:00,user,IdeState,Active,HelloWorld,Editor,C:/Users/user/IdeaProjects/HelloWorld/src/HelloWorld.java,HelloWorld::main,3,54,Default task
2021-09-02T20:28:24.233+09:00,user,IdeState,Active,HelloWorld,Editor,C:/Users/user/IdeaProjects/HelloWorld/src/HelloWorld.java,HelloWorld::main,3,54,Default task
2021-09-02T20:28:25.247+09:00,user,IdeState,Active,HelloWorld,Editor,C:/Users/user/IdeaProjects/HelloWorld/src/HelloWorld.java,HelloWorld::main,3,54,Default task
2021-09-02T20:28:26.259+09:00,user,IdeState,Active,HelloWorld,Editor,C:/Users/user/IdeaProjects/HelloWorld/src/HelloWorld.java,HelloWorld::main,3,54,Default task
2021-09-02T20:28:27.274+09:00,user,IdeState,Active,HelloWorld,Editor,C:/Users/user/IdeaProjects/HelloWorld/src/HelloWorld.java,HelloWorld::main,3,54,Default task
2021-09-02T20:28:28.276+09:00,user,IdeState,Active,HelloWorld,Editor,C:/Users/user/IdeaProjects/HelloWorld/src/HelloWorld.java,HelloWorld::main,3,54,Default task
2021-09-02T20:28:29.285+09:00,user,IdeState,Active,HelloWorld,Editor,C:/Users/user/IdeaProjects/HelloWorld/src/HelloWorld.java,HelloWorld::main,3,54,Default task
2021-09-02T20:28:30.300+09:00,user,IdeState,Active,HelloWorld,Editor,C:/Users/user/IdeaProjects/HelloWorld/src/HelloWorld.java,HelloWorld::main,3,54,Default task
2021-09-02T20:28:31.302+09:00,user,IdeState,Active,HelloWorld,Editor,C:/Users/user/IdeaProjects/HelloWorld/src/HelloWorld.java,HelloWorld::main,3,54,Default task
2021-09-02T20:28:32.318+09:00,user,IdeState,Active,HelloWorld,Editor,C:/Users/user/IdeaProjects/HelloWorld/src/HelloWorld.java,HelloWorld::main,3,54,Default task
2021-09-02T20:28:33.332+09:00,user,IdeState,Active,HelloWorld,Editor,C:/Users/user/IdeaProjects/HelloWorld/src/HelloWorld.java,HelloWorld::main,3,54,Default task
2021-09-02T20:28:34.334+09:00,user,IdeState,Active,HelloWorld,Editor,C:/Users/user/IdeaProjects/HelloWorld/src/HelloWorld.java,HelloWorld::main,3,54,Default task
2021-09-02T20:28:35.336+09:00,user,IdeState,Active,HelloWorld,Editor,C:/Users/user/IdeaProjects/HelloWorld/src/HelloWorld.java,HelloWorld::main,3,54,Default task
2021-09-02T20:28:36.350+09:00,user,IdeState,Active,HelloWorld,Editor,C:/Users/user/IdeaProjects/HelloWorld/src/HelloWorld.java,HelloWorld::main,3,54,Default task
2021-09-02T20:28:37.352+09:00,user,IdeState,Active,HelloWorld,Editor,C:/Users/user/IdeaProjects/HelloWorld/src/HelloWorld.java,HelloWorld::main,3,54,Default task
2021-09-02T20:28:38.365+09:00,user,IdeState,Active,HelloWorld,Editor,C:/Users/user/IdeaProjects/HelloWorld/src/HelloWorld.java,HelloWorld::main,3,54,Default task
2021-09-02T20:28:39.380+09:00,user,IdeState,Active,HelloWorld,Editor,C:/Users/user/IdeaProjects/HelloWorld/src/HelloWorld.java,HelloWorld::main,3,54,Default task
2021-09-02T20:28:40.392+09:00,user,IdeState,Active,HelloWorld,Editor,C:/Users/user/IdeaProjects/HelloWorld/src/HelloWorld.java,HelloWorld::main,3,54,Default task
2021-09-02T20:28:41.404+09:00,user,IdeState,Active,HelloWorld,Editor,C:/Users/user/IdeaProjects/HelloWorld/src/HelloWorld.java,HelloWorld::main,3,54,Default task
2021-09-02T20:28:42.419+09:00,user,IdeState,Active,HelloWorld,Editor,C:/Users/user/IdeaProjects/HelloWorld/src/HelloWorld.java,HelloWorld::main,3,54,Default task
2021-09-02T20:28:43.432+09:00,user,IdeState,Active,HelloWorld,Editor,C:/Users/user/IdeaProjects/HelloWorld/src/HelloWorld.java,HelloWorld::main,3,54,Default task
2021-09-02T20:28:44.446+09:00,user,IdeState,Active,HelloWorld,Editor,C:/Users/user/IdeaProjects/HelloWorld/src/HelloWorld.java,HelloWorld::main,3,54,Default task
2021-09-02T20:28:45.457+09:00,user,IdeState,Active,HelloWorld,Editor,C:/Users/user/IdeaProjects/HelloWorld/src/HelloWorld.java,HelloWorld::main,3,54,Default task
2021-09-02T20:28:46.471+09:00,user,IdeState,Active,HelloWorld,Editor,C:/Users/user/IdeaProjects/HelloWorld/src/HelloWorld.java,HelloWorld::main,3,54,Default task
2021-09-02T20:28:47.473+09:00,user,IdeState,Active,HelloWorld,Editor,C:/Users/user/IdeaProjects/HelloWorld/src/HelloWorld.java,HelloWorld::main,3,54,Default task
2021-09-02T20:28:48.474+09:00,user,IdeState,Active,HelloWorld,Editor,C:/Users/user/IdeaProjects/HelloWorld/src/HelloWorld.java,HelloWorld::main,3,54,Default task
2021-09-02T20:28:49.489+09:00,user,IdeState,Active,HelloWorld,Editor,C:/Users/user/IdeaProjects/HelloWorld/src/HelloWorld.java,HelloWorld::main,3,54,Default task
2021-09-02T20:28:50.504+09:00,user,IdeState,Active,HelloWorld,Editor,C:/Users/user/IdeaProjects/HelloWorld/src/HelloWorld.java,HelloWorld::main,3,54,Default task
2021-09-02T20:28:51.517+09:00,user,IdeState,Active,HelloWorld,Editor,C:/Users/user/IdeaProjects/HelloWorld/src/HelloWorld.java,HelloWorld::main,3,54,Default task
2021-09-02T20:28:52.532+09:00,user,IdeState,Active,HelloWorld,Editor,C:/Users/user/IdeaProjects/HelloWorld/src/HelloWorld.java,HelloWorld::main,3,54,Default task
2021-09-02T20:28:53.536+09:00,user,IdeState,Active,HelloWorld,Editor,C:/Users/user/IdeaProjects/HelloWorld/src/HelloWorld.java,HelloWorld::main,3,54,Default task
2021-09-02T20:28:54.538+09:00,user,IdeState,Inactive,,,,,-1,-1,
2021-09-02T20:28:55.549+09:00,user,IdeState,Inactive,,,,,-1,-1,
2021-09-02T20:28:56.550+09:00,user,IdeState,Inactive,,,,,-1,-1,
2021-09-02T20:28:57.564+09:00,user,IdeState,Inactive,,,,,-1,-1,
2021-09-02T20:28:58.576+09:00,user,IdeState,Inactive,,,,,-1,-1,
2021-09-02T20:28:59.579+09:00,user,IdeState,Inactive,,,,,-1,-1,
2021-09-02T20:29:00.581+09:00,user,IdeState,Inactive,,,,,-1,-1,
2021-09-02T20:29:01.598+09:00,user,IdeState,Inactive,,,,,-1,-1,
2021-09-02T20:29:02.610+09:00,user,IdeState,Inactive,,,,,-1,-1,
2021-09-02T20:29:03.622+09:00,user,IdeState,Inactive,,,,,-1,-1,
2021-09-02T20:29:04.634+09:00,user,IdeState,Inactive,,,,,-1,-1,
2021-09-02T20:29:05.636+09:00,user,IdeState,Inactive,,,,,-1,-1,
2021-09-02T20:29:06.639+09:00,user,IdeState,Inactive,,,,,-1,-1,
2021-09-02T20:29:07.642+09:00,user,IdeState,Inactive,,,,,-1,-1,
2021-09-02T20:29:08.651+09:00,user,IdeState,Inactive,,,,,-1,-1,
2021-09-02T20:29:09.663+09:00,user,IdeState,Inactive,,,,,-1,-1,
2021-09-02T20:29:10.677+09:00,user,IdeState,Inactive,,,,,-1,-1,
2021-09-02T20:29:11.692+09:00,user,IdeState,Inactive,,,,,-1,-1,
2021-09-02T20:29:12.708+09:00,user,IdeState,Inactive,,,,,-1,-1,
2021-09-02T20:29:13.722+09:00,user,IdeState,Inactive,,,,,-1,-1,
2021-09-02T20:29:14.733+09:00,user,IdeState,Inactive,,,,,-1,-1,
2021-09-02T20:29:15.748+09:00,user,IdeState,Inactive,,,,,-1,-1,
2021-09-02T20:29:16.761+09:00,user,IdeState,Inactive,,,,,-1,-1,
2021-09-02T20:29:17.777+09:00,user,IdeState,Inactive,,,,,-1,-1,
2021-09-02T20:29:18.791+09:00,user,IdeState,Inactive,,,,,-1,-1,
2021-09-02T20:29:19.805+09:00,user,IdeState,Inactive,,,,,-1,-1,
2021-09-02T20:29:20.819+09:00,user,IdeState,Inactive,,,,,-1,-1,
2021-09-02T20:29:21.820+09:00,user,IdeState,Inactive,,,,,-1,-1,
2021-09-02T20:29:22.835+09:00,user,IdeState,Inactive,,,,,-1,-1,
2021-09-02T20:29:23.847+09:00,user,IdeState,Inactive,,,,,-1,-1,
2021-09-02T20:29:24.859+09:00,user,IdeState,Inactive,,,,,-1,-1,
2021-09-02T20:29:25.873+09:00,user,IdeState,Inactive,,,,,-1,-1,
2021-09-02T20:29:26.885+09:00,user,IdeState,Inactive,,,,,-1,-1,
2021-09-02T20:29:27.897+09:00,user,IdeState,Inactive,,,,,-1,-1,
2021-09-02T20:29:28.912+09:00,user,IdeState,Inactive,,,,,-1,-1,
2021-09-02T20:29:29.920+09:00,user,IdeState,Inactive,,,,,-1,-1,
2021-09-02T20:29:30.935+09:00,user,IdeState,Inactive,,,,,-1,-1,
2021-09-02T20:29:31.937+09:00,user,IdeState,Inactive,,,,,-1,-1,
2021-09-02T20:29:32.938+09:00,user,IdeState,Inactive,,,,,-1,-1,
2021-09-02T20:29:33.952+09:00,user,IdeState,Inactive,,,,,-1,-1,
2021-09-02T20:29:34.966+09:00,user,IdeState,Inactive,,,,,-1,-1,
2021-09-02T20:29:35.977+09:00,user,IdeState,Inactive,,,,,-1,-1,
2021-09-02T20:29:36.992+09:00,user,IdeState,Inactive,,,,,-1,-1,
2021-09-02T20:29:37.993+09:00,user,IdeState,Inactive,,,,,-1,-1,
2021-09-02T20:29:39.008+09:00,user,IdeState,Inactive,,,,,-1,-1,
2021-09-02T20:29:40.021+09:00,user,IdeState,Inactive,,,,,-1,-1,
2021-09-02T20:29:41.031+09:00,user,IdeState,Inactive,,,,,-1,-1,
2021-09-02T20:29:42.032+09:00,user,IdeState,Inactive,,,,,-1,-1,
2021-09-02T20:29:43.044+09:00,user,IdeState,Inactive,,,,,-1,-1,
2021-09-02T20:29:44.058+09:00,user,IdeState,Inactive,,,,,-1,-1,
2021-09-02T20:29:45.058+09:00,user,IdeState,Inactive,,,,,-1,-1,
2021-09-02T20:29:46.069+09:00,user,IdeState,Inactive,,,,,-1,-1,
2021-09-02T20:29:47.071+09:00,user,IdeState,Active,HelloWorld,Editor,C:/Users/user/IdeaProjects/HelloWorld/src/HelloWorld.java,HelloWorld::main,3,54,Default task
2021-09-02T20:29:48.085+09:00,user,IdeState,Active,HelloWorld,Editor,C:/Users/user/IdeaProjects/HelloWorld/src/HelloWorld.java,HelloWorld::main,3,54,Default task
2021-09-02T20:29:49.098+09:00,user,IdeState,Active,HelloWorld,Editor,C:/Users/user/IdeaProjects/HelloWorld/src/HelloWorld.java,HelloWorld::main,3,54,Default task
2021-09-02T20:29:50.111+09:00,user,IdeState,Active,HelloWorld,Editor,C:/Users/user/IdeaProjects/HelloWorld/src/HelloWorld.java,HelloWorld::main,3,54,Default task
2021-09-02T20:29:51.125+09:00,user,IdeState,Active,HelloWorld,Editor,C:/Users/user/IdeaProjects/HelloWorld/src/HelloWorld.java,HelloWorld::main,3,54,Default task
2021-09-02T20:29:52.135+09:00,user,IdeState,Active,HelloWorld,Editor,C:/Users/user/IdeaProjects/HelloWorld/src/HelloWorld.java,HelloWorld::main,3,54,Default task
2021-09-02T20:29:53.147+09:00,user,IdeState,Active,HelloWorld,Editor,C:/Users/user/IdeaProjects/HelloWorld/src/HelloWorld.java,HelloWorld::main,3,54,Default task
2021-09-02T20:29:54.151+09:00,user,IdeState,Active,HelloWorld,Editor,C:/Users/user/IdeaProjects/HelloWorld/src/HelloWorld.java,HelloWorld::main,3,54,Default task
2021-09-02T20:29:55.154+09:00,user,IdeState,Active,HelloWorld,Editor,C:/Users/user/IdeaProjects/HelloWorld/src/HelloWorld.java,HelloWorld::main,3,54,Default task
2021-09-02T20:29:57.520+09:00,user,IdeState,Active,HelloWorld,Editor,C:/Users/user/IdeaProjects/HelloWorld/src/HelloWorld.java,HelloWorld::main,3,54,Default task
2021-09-02T20:29:58.527+09:00,user,IdeState,Active,HelloWorld,Editor,C:/Users/user/IdeaProjects/HelloWorld/src/HelloWorld.java,HelloWorld::main,3,54,Default task
2021-09-02T20:29:59.542+09:00,user,IdeState,Active,HelloWorld,Editor,C:/Users/user/IdeaProjects/HelloWorld/src/HelloWorld.java,HelloWorld::main,3,54,Default task
2021-09-02T20:30:00.544+09:00,user,IdeState,Active,HelloWorld,Editor,C:/Users/user/IdeaProjects/HelloWorld/src/HelloWorld.java,HelloWorld::main,3,54,Default task
2021-09-02T20:30:01.554+09:00,user,IdeState,Inactive,,,,,-1,-1,
2021-09-02T20:30:02.566+09:00,user,IdeState,Inactive,,,,,-1,-1,
2021-09-02T20:30:03.580+09:00,user,IdeState,Active,HelloWorld,Editor,C:/Users/user/IdeaProjects/HelloWorld/src/HelloWorld.java,HelloWorld::main,3,54,Default task
2021-09-02T20:30:04.592+09:00,user,IdeState,Active,HelloWorld,Project,C:/Users/user/IdeaProjects/HelloWorld/src/HelloWorld.java,HelloWorld::main,3,54,Default task
2021-09-02T20:30:05.607+09:00,user,IdeState,Active,HelloWorld,Project,C:/Users/user/IdeaProjects/HelloWorld/src/HelloWorld.java,HelloWorld::main,3,54,Default task
2021-09-02T20:30:06.619+09:00,user,IdeState,Active,HelloWorld,Project,C:/Users/user/IdeaProjects/HelloWorld/src/HelloWorld.java,HelloWorld::main,3,54,Default task
2021-09-02T20:30:07.620+09:00,user,IdeState,Active,HelloWorld,Editor,C:/Users/user/IdeaProjects/HelloWorld/src/HelloWorld.java,,5,0,Default task
2021-09-02T20:30:08.632+09:00,user,IdeState,Active,HelloWorld,Editor,C:/Users/user/IdeaProjects/HelloWorld/src/HelloWorld.java,,5,0,Default task
2021-09-02T20:30:09.635+09:00,user,IdeState,Active,HelloWorld,Editor,C:/Users/user/IdeaProjects/HelloWorld/src/HelloWorld.java,,5,0,Default task
2021-09-02T20:30:10.650+09:00,user,IdeState,Active,HelloWorld,Editor,C:/Users/user/IdeaProjects/HelloWorld/src/HelloWorld.java,,5,0,Default task
2021-09-02T20:30:11.665+09:00,user,IdeState,Active,HelloWorld,Editor,C:/Users/user/IdeaProjects/HelloWorld/src/HelloWorld.java,,5,0,Default task
2021-09-02T20:30:12.676+09:00,user,IdeState,Active,HelloWorld,Editor,C:/Users/user/IdeaProjects/HelloWorld/src/HelloWorld.java,,5,0,Default task
2021-09-02T20:30:13.678+09:00,user,IdeState,Active,HelloWorld,Editor,C:/Users/user/IdeaProjects/HelloWorld/src/HelloWorld.java,,5,0,Default task
2021-09-02T20:30:14.692+09:00,user,IdeState,Active,HelloWorld,Editor,C:/Users/user/IdeaProjects/HelloWorld/src/HelloWorld.java,,5,0,Default task
2021-09-02T20:30:15.693+09:00,user,IdeState,Active,HelloWorld,Editor,C:/Users/user/IdeaProjects/HelloWorld/src/HelloWorld.java,,5,0,Default task
2021-09-02T20:30:16.697+09:00,user,IdeState,Active,HelloWorld,Editor,C:/Users/user/IdeaProjects/HelloWorld/src/HelloWorld.java,,5,0,Default task
2021-09-02T20:30:17.708+09:00,user,IdeState,Active,HelloWorld,Editor,C:/Users/user/IdeaProjects/HelloWorld/src/HelloWorld.java,,5,0,Default task
2021-09-02T20:30:18.720+09:00,user,IdeState,Active,HelloWorld,Editor,C:/Users/user/IdeaProjects/HelloWorld/src/HelloWorld.java,,5,0,Default task
2021-09-02T20:30:19.731+09:00,user,IdeState,Active,HelloWorld,Editor,C:/Users/user/IdeaProjects/HelloWorld/src/HelloWorld.java,,5,0,Default task
2021-09-02T20:30:20.744+09:00,user,IdeState,Active,HelloWorld,Editor,C:/Users/user/IdeaProjects/HelloWorld/src/HelloWorld.java,,5,0,Default task
2021-09-02T20:30:21.759+09:00,user,IdeState,Active,HelloWorld,Editor,C:/Users/user/IdeaProjects/HelloWorld/src/HelloWorld.java,,5,0,Default task
2021-09-02T20:30:22.773+09:00,user,IdeState,Active,HelloWorld,Editor,C:/Users/user/IdeaProjects/HelloWorld/src/HelloWorld.java,,5,0,Default task
2021-09-02T20:30:23.785+09:00,user,IdeState,Active,HelloWorld,Editor,C:/Users/user/IdeaProjects/HelloWorld/src/HelloWorld.java,,5,0,Default task
2021-09-02T20:30:24.799+09:00,user,IdeState,Active,HelloWorld,Editor,C:/Users/user/IdeaProjects/HelloWorld/src/HelloWorld.java,,5,0,Default task
2021-09-02T20:30:25.800+09:00,user,IdeState,Active,HelloWorld,Editor,C:/Users/user/IdeaProjects/HelloWorld/src/HelloWorld.java,,5,0,Default task
2021-09-02T20:30:26.809+09:00,user,IdeState,Active,HelloWorld,Editor,C:/Users/user/IdeaProjects/HelloWorld/src/HelloWorld.java,,5,0,Default task
2021-09-02T20:30:27.811+09:00,user,IdeState,Active,HelloWorld,Editor,C:/Users/user/IdeaProjects/HelloWorld/src/HelloWorld.java,,5,0,Default task
2021-09-02T20:30:28.826+09:00,user,IdeState,Active,HelloWorld,Editor,C:/Users/user/IdeaProjects/HelloWorld/src/HelloWorld.java,,5,0,Default task
2021-09-02T20:30:29.827+09:00,user,IdeState,Active,HelloWorld,Editor,C:/Users/user/IdeaProjects/HelloWorld/src/HelloWorld.java,,5,0,Default task
2021-09-02T20:30:30.841+09:00,user,IdeState,Active,HelloWorld,Editor,C:/Users/user/IdeaProjects/HelloWorld/src/HelloWorld.java,,5,0,Default task
2021-09-02T20:30:31.843+09:00,user,IdeState,Active,HelloWorld,Editor,C:/Users/user/IdeaProjects/HelloWorld/src/HelloWorld.java,,5,0,Default task
2021-09-02T20:30:32.858+09:00,user,IdeState,Active,HelloWorld,Editor,C:/Users/user/IdeaProjects/HelloWorld/src/HelloWorld.java,,5,0,Default task
2021-09-02T20:30:33.874+09:00,user,IdeState,Active,HelloWorld,Editor,C:/Users/user/IdeaProjects/HelloWorld/src/HelloWorld.java,,5,0,Default task
2021-09-02T20:30:34.887+09:00,user,IdeState,Active,HelloWorld,Editor,C:/Users/user/IdeaProjects/HelloWorld/src/HelloWorld.java,,5,0,Default task
2021-09-02T20:30:35.903+09:00,user,IdeState,Active,HelloWorld,Editor,C:/Users/user/IdeaProjects/HelloWorld/src/HelloWorld.java,,5,0,Default task
2021-09-02T20:30:36.905+09:00,user,IdeState,Active,HelloWorld,Editor,C:/Users/user/IdeaProjects/HelloWorld/src/HelloWorld.java,,5,0,Default task
2021-09-02T20:30:37.915+09:00,user,IdeState,Active,HelloWorld,Editor,C:/Users/user/IdeaProjects/HelloWorld/src/HelloWorld.java,,5,0,Default task
2021-09-02T20:30:38.917+09:00,user,IdeState,Active,HelloWorld,Editor,C:/Users/user/IdeaProjects/HelloWorld/src/HelloWorld.java,,5,0,Default task
2021-09-02T20:30:39.931+09:00,user,IdeState,Active,HelloWorld,Editor,C:/Users/user/IdeaProjects/HelloWorld/src/HelloWorld.java,,5,0,Default task
2021-09-02T20:30:40.943+09:00,user,IdeState,Active,HelloWorld,Editor,C:/Users/user/IdeaProjects/HelloWorld/src/HelloWorld.java,,5,0,Default task
2021-09-02T20:30:41.947+09:00,user,IdeState,Active,HelloWorld,Editor,C:/Users/user/IdeaProjects/HelloWorld/src/HelloWorld.java,,4,5,Default task
2021-09-02T20:30:42.952+09:00,user,IdeState,Active,HelloWorld,Editor,C:/Users/user/IdeaProjects/HelloWorld/src/HelloWorld.java,,4,5,Default task
2021-09-02T20:30:43.960+09:00,user,IdeState,Active,HelloWorld,Popup,C:/Users/user/IdeaProjects/HelloWorld/src/HelloWorld.java,,4,5,Default task
2021-09-02T20:30:44.963+09:00,user,IdeState,Active,HelloWorld,Editor,C:/Users/user/IdeaProjects/HelloWorld/src/HelloWorld.java,,4,5,Default task
2021-09-02T20:30:45.973+09:00,user,IdeState,Active,HelloWorld,Editor,C:/Users/user/IdeaProjects/HelloWorld/src/HelloWorld.java,,4,5,Default task
2021-09-02T20:30:46.987+09:00,user,IdeState,Active,HelloWorld,Editor,C:/Users/user/IdeaProjects/HelloWorld/src/HelloWorld.java,,4,5,Default task
2021-09-02T20:30:47.989+09:00,user,IdeState,Active,HelloWorld,Editor,C:/Users/user/IdeaProjects/HelloWorld/src/HelloWorld.java,,4,5,Default task
2021-09-02T20:30:48.989+09:00,user,IdeState,Active,HelloWorld,Editor,C:/Users/user/IdeaProjects/HelloWorld/src/HelloWorld.java,,4,5,Default task
2021-09-02T20:30:50.005+09:00,user,IdeState,Active,HelloWorld,Editor,C:/Users/user/IdeaProjects/HelloWorld/src/HelloWorld.java,,4,5,Default task
2021-09-02T20:30:51.020+09:00,user,IdeState,Active,HelloWorld,Editor,C:/Users/user/IdeaProjects/HelloWorld/src/HelloWorld.java,,6,0,Default task
2021-09-02T20:30:52.035+09:00,user,IdeState,Active,HelloWorld,Editor,C:/Users/user/IdeaProjects/HelloWorld/src/HelloWorld.java,,6,0,Default task
2021-09-02T20:30:53.045+09:00,user,IdeState,Inactive,,,,,-1,-1,
2021-09-02T20:30:54.059+09:00,user,IdeState,Inactive,,,,,-1,-1,
2021-09-02T20:30:55.070+09:00,user,IdeState,Inactive,,,,,-1,-1,
2021-09-02T20:30:56.083+09:00,user,IdeState,Inactive,,,,,-1,-1,
2021-09-02T20:30:57.093+09:00,user,IdeState,Inactive,,,,,-1,-1,
2021-09-02T20:30:58.105+09:00,user,IdeState,Inactive,,,,,-1,-1,
2021-09-02T20:30:59.114+09:00,user,IdeState,Active,HelloWorld,Editor,C:/Users/user/IdeaProjects/HelloWorld/src/HelloWorld.java,,6,0,Default task
2021-09-02T20:31:00.128+09:00,user,IdeState,Active,HelloWorld,Editor,C:/Users/user/IdeaProjects/HelloWorld/src/HelloWorld.java,,6,0,Default task
2021-09-02T20:31:01.144+09:00,user,IdeState,Active,HelloWorld,Editor,C:/Users/user/IdeaProjects/HelloWorld/src/HelloWorld.java,,6,0,Default task
2021-09-02T20:31:02.159+09:00,user,IdeState,Active,HelloWorld,Editor,C:/Users/user/IdeaProjects/HelloWorld/src/HelloWorld.java,,6,0,Default task
2021-09-02T20:31:03.173+09:00,user,IdeState,Active,HelloWorld,Editor,C:/Users/user/IdeaProjects/HelloWorld/src/HelloWorld.java,,6,0,Default task
2021-09-02T20:31:04.183+09:00,user,IdeState,Active,HelloWorld,Editor,C:/Users/user/IdeaProjects/HelloWorld/src/HelloWorld.java,,6,0,Default task
2021-09-02T20:31:05.193+09:00,user,IdeState,Active,HelloWorld,Popup,C:/Users/user/IdeaProjects/HelloWorld/src/HelloWorld.java,,6,0,Default task
2021-09-02T20:31:06.205+09:00,user,IdeState,Active,HelloWorld,Popup,C:/Users/user/IdeaProjects/HelloWorld/src/HelloWorld.java,,6,0,Default task
