2021-11-14T19:23:41.004+09:00,user,IdeState,Active,10,Editor,C:/Users/user/IdeaProjects/10/src/button/ButtonView.java,,8,4,Default task
2021-11-14T19:23:42.009+09:00,user,IdeState,Active,10,Popup,C:/Users/user/IdeaProjects/10/src/button/ButtonView.java,,8,4,Default task
2021-11-14T19:23:48.012+09:00,user,IdeState,Active,10,Editor,C:/Users/user/IdeaProjects/10/src/button/ButtonView.java,,8,4,Default task
2021-11-14T19:23:49.025+09:00,user,IdeState,Active,10,Editor,C:/Users/user/IdeaProjects/10/src/button/ButtonView.java,,8,4,Default task
2021-11-14T19:23:50.027+09:00,user,IdeState,Active,10,Editor,C:/Users/user/IdeaProjects/10/src/button/ButtonView.java,,8,4,Default task
2021-11-14T19:23:51.032+09:00,user,IdeState,Active,10,Editor,C:/Users/user/IdeaProjects/10/src/button/ButtonView.java,,8,5,Default task
2021-11-14T19:23:52.035+09:00,user,IdeState,Active,10,Editor,C:/Users/user/IdeaProjects/10/src/button/ButtonView.java,,8,11,Default task
2021-11-14T19:23:53.038+09:00,user,IdeState,Active,10,Editor,C:/Users/user/IdeaProjects/10/src/button/ButtonView.java,,8,13,Default task
2021-11-14T19:23:54.051+09:00,user,IdeState,Active,10,Editor,C:/Users/user/IdeaProjects/10/src/button/ButtonView.java,,9,4,Default task
2021-11-14T19:23:55.064+09:00,user,IdeState,Active,10,Editor,C:/Users/user/IdeaProjects/10/src/button/ButtonView.java,,9,11,Default task
2021-11-14T19:23:56.079+09:00,user,IdeState,Active,10,Editor,C:/Users/user/IdeaProjects/10/src/button/ButtonView.java,,9,14,Default task
2021-11-14T19:23:57.094+09:00,user,IdeState,Active,10,Editor,C:/Users/user/IdeaProjects/10/src/button/ButtonView.java,,10,4,Default task
2021-11-14T19:23:58.101+09:00,user,IdeState,Active,10,Editor,C:/Users/user/IdeaProjects/10/src/button/ButtonView.java,,10,6,Default task
2021-11-14T19:23:59.115+09:00,user,IdeState,Active,10,Editor,C:/Users/user/IdeaProjects/10/src/button/ButtonView.java,,10,12,Default task
2021-11-14T19:24:00.119+09:00,user,IdeState,Active,10,Editor,C:/Users/user/IdeaProjects/10/src/button/ButtonView.java,,10,14,Default task
2021-11-14T19:24:01.134+09:00,user,IdeState,Active,10,Editor,C:/Users/user/IdeaProjects/10/src/button/ButtonView.java,,12,4,Default task
2021-11-14T19:24:02.136+09:00,user,IdeState,Active,10,Editor,C:/Users/user/IdeaProjects/10/src/button/ButtonView.java,,12,4,Default task
2021-11-14T19:24:03.140+09:00,user,IdeState,Active,10,Editor,C:/Users/user/IdeaProjects/10/src/button/ButtonView.java,,12,11,Default task
2021-11-14T19:24:04.141+09:00,user,IdeState,Active,10,Editor,C:/Users/user/IdeaProjects/10/src/button/ButtonView.java,,12,13,Default task
2021-11-14T19:24:05.157+09:00,user,IdeState,Active,10,Editor,C:/Users/user/IdeaProjects/10/src/button/ButtonView.java,,12,21,Default task
2021-11-14T19:24:06.161+09:00,user,IdeState,Active,10,Editor,C:/Users/user/IdeaProjects/10/src/button/ButtonView.java,,12,21,Default task
2021-11-14T19:24:07.165+09:00,user,IdeState,Active,10,Editor,C:/Users/user/IdeaProjects/10/src/button/ButtonView.java,,13,0,Default task
2021-11-14T19:24:08.166+09:00,user,IdeState,Active,10,Editor,C:/Users/user/IdeaProjects/10/src/button/ButtonView.java,,12,23,Default task
2021-11-14T19:24:09.168+09:00,user,IdeState,Active,10,Editor,C:/Users/user/IdeaProjects/10/src/button/ButtonView.java,ButtonView::ButtonView,13,8,Default task
2021-11-14T19:24:10.182+09:00,user,IdeState,Active,10,Editor,C:/Users/user/IdeaProjects/10/src/button/ButtonView.java,ButtonView::ButtonView,13,8,Default task
2021-11-14T19:24:11.188+09:00,user,IdeState,Active,10,Editor,C:/Users/user/IdeaProjects/10/src/button/ButtonView.java,ButtonView::ButtonView,13,12,Default task
2021-11-14T19:24:12.194+09:00,user,IdeState,Active,10,Editor,C:/Users/user/IdeaProjects/10/src/button/ButtonView.java,ButtonView::ButtonView,13,15,Default task
2021-11-14T19:24:13.210+09:00,user,IdeState,Active,10,Editor,C:/Users/user/IdeaProjects/10/src/button/ButtonView.java,ButtonView::ButtonView,13,21,Default task
2021-11-14T19:24:14.212+09:00,user,IdeState,Active,10,Editor,C:/Users/user/IdeaProjects/10/src/button/ButtonView.java,ButtonView::ButtonView,13,24,Default task
2021-11-14T19:24:15.224+09:00,user,IdeState,Active,10,Editor,C:/Users/user/IdeaProjects/10/src/button/ButtonView.java,ButtonView::ButtonView,13,27,Default task
2021-11-14T19:24:16.227+09:00,user,IdeState,Active,10,Editor,C:/Users/user/IdeaProjects/10/src/button/ButtonView.java,ButtonView::ButtonView,13,30,Default task
2021-11-14T19:24:17.243+09:00,user,IdeState,Active,10,Editor,C:/Users/user/IdeaProjects/10/src/button/ButtonView.java,ButtonView::ButtonView,14,8,Default task
2021-11-14T19:24:18.246+09:00,user,IdeState,Active,10,Editor,C:/Users/user/IdeaProjects/10/src/button/ButtonView.java,ButtonView::ButtonView,14,14,Default task
2021-11-14T19:24:19.252+09:00,user,IdeState,Active,10,Editor,C:/Users/user/IdeaProjects/10/src/button/ButtonView.java,ButtonView::ButtonView,14,23,Default task
2021-11-14T19:24:20.259+09:00,user,IdeState,Active,10,Editor,C:/Users/user/IdeaProjects/10/src/button/ButtonView.java,ButtonView::ButtonView,14,26,Default task
2021-11-14T19:24:21.262+09:00,user,IdeState,Active,10,Editor,C:/Users/user/IdeaProjects/10/src/button/ButtonView.java,ButtonView::ButtonView,14,27,Default task
2021-11-14T19:24:22.270+09:00,user,IdeState,Active,10,Editor,C:/Users/user/IdeaProjects/10/src/button/ButtonView.java,ButtonView::ButtonView,14,28,Default task
2021-11-14T19:24:23.277+09:00,user,IdeState,Active,10,Editor,C:/Users/user/IdeaProjects/10/src/button/ButtonView.java,ButtonView::ButtonView::[LayoutManager]::addLayoutComponent,17,16,Default task
2021-11-14T19:24:24.278+09:00,user,IdeState,Active,10,Editor,C:/Users/user/IdeaProjects/10/src/button/ButtonView.java,ButtonView::ButtonView::[LayoutManager]::addLayoutComponent,17,16,Default task
2021-11-14T19:24:25.293+09:00,user,IdeState,Active,10,Editor,C:/Users/user/IdeaProjects/10/src/button/ButtonView.java,ButtonView::ButtonView::[LayoutManager]::addLayoutComponent,17,16,Default task
2021-11-14T19:24:26.308+09:00,user,IdeState,Active,10,Editor,C:/Users/user/IdeaProjects/10/src/button/ButtonView.java,ButtonView::ButtonView,34,0,Default task
2021-11-14T19:24:27.309+09:00,user,IdeState,Active,10,Editor,C:/Users/user/IdeaProjects/10/src/button/ButtonView.java,ButtonView::ButtonView,39,11,Default task
2021-11-14T19:24:28.349+09:00,user,IdeState,Active,10,Editor,C:/Users/user/IdeaProjects/10/src/button/ButtonView.java,ButtonView::ButtonView,39,11,Default task
2021-11-14T19:24:29.352+09:00,user,IdeState,Active,10,Editor,C:/Users/user/IdeaProjects/10/src/button/ButtonView.java,ButtonView::ButtonView,14,23,Default task
2021-11-14T19:24:30.355+09:00,user,IdeState,Active,10,Editor,C:/Users/user/IdeaProjects/10/src/button/ButtonView.java,ButtonView::ButtonView,14,23,Default task
2021-11-14T19:24:31.359+09:00,user,IdeState,Active,10,Editor,C:/Users/user/IdeaProjects/10/src/button/ButtonView.java,ButtonView::ButtonView,14,24,Default task
2021-11-14T19:24:32.365+09:00,user,IdeState,Active,10,Editor,C:/Users/user/IdeaProjects/10/src/button/ButtonView.java,ButtonView::ButtonView,14,23,Default task
2021-11-14T19:24:33.381+09:00,user,IdeState,Active,10,Editor,C:/Users/user/IdeaProjects/10/src/button/ButtonView.java,ButtonView::ButtonView,14,24,Default task
2021-11-14T19:24:34.391+09:00,user,IdeState,Active,10,Editor,C:/Users/user/IdeaProjects/10/src/button/ButtonView.java,ButtonView::ButtonView,14,27,Default task
2021-11-14T19:24:35.399+09:00,user,IdeState,Active,10,Editor,C:/Users/user/IdeaProjects/10/src/button/ButtonView.java,ButtonView::ButtonView,14,38,Default task
2021-11-14T19:24:36.405+09:00,user,IdeState,Active,10,Editor,C:/Users/user/IdeaProjects/10/src/button/ButtonView.java,ButtonView::ButtonView,14,40,Default task
2021-11-14T19:24:37.406+09:00,user,IdeState,Active,10,Editor,C:/Users/user/IdeaProjects/10/src/button/ButtonView.java,ButtonView::ButtonView,15,8,Default task
2021-11-14T19:24:38.421+09:00,user,IdeState,Active,10,Editor,C:/Users/user/IdeaProjects/10/src/button/ButtonView.java,ButtonView::ButtonView,16,8,Default task
2021-11-14T19:24:39.435+09:00,user,IdeState,Active,10,Editor,C:/Users/user/IdeaProjects/10/src/button/ButtonView.java,ButtonView::ButtonView,16,12,Default task
2021-11-14T19:24:40.437+09:00,user,IdeState,Active,10,Editor,C:/Users/user/IdeaProjects/10/src/button/ButtonView.java,ButtonView::ButtonView,16,13,Default task
2021-11-14T19:24:41.442+09:00,user,IdeState,Active,10,Editor,C:/Users/user/IdeaProjects/10/src/button/ButtonView.java,ButtonView::ButtonView,16,17,Default task
2021-11-14T19:24:42.451+09:00,user,IdeState,Active,10,Editor,C:/Users/user/IdeaProjects/10/src/button/ButtonView.java,ButtonView::ButtonView,16,25,Default task
2021-11-14T19:24:43.466+09:00,user,IdeState,Active,10,Editor,C:/Users/user/IdeaProjects/10/src/button/ButtonView.java,ButtonView::ButtonView,16,25,Default task
2021-11-14T19:24:44.480+09:00,user,IdeState,Active,10,Editor,C:/Users/user/IdeaProjects/10/src/button/ButtonView.java,ButtonView::ButtonView,16,30,Default task
2021-11-14T19:24:45.482+09:00,user,IdeState,Active,10,Editor,C:/Users/user/IdeaProjects/10/src/button/ButtonView.java,ButtonView::ButtonView,16,33,Default task
2021-11-14T19:24:46.498+09:00,user,IdeState,Active,10,Editor,C:/Users/user/IdeaProjects/10/src/button/ButtonView.java,ButtonView::ButtonView,16,36,Default task
2021-11-14T19:24:47.508+09:00,user,IdeState,Active,10,Editor,C:/Users/user/IdeaProjects/10/src/button/ButtonView.java,ButtonView::ButtonView,16,41,Default task
2021-11-14T19:24:48.518+09:00,user,IdeState,Active,10,Editor,C:/Users/user/IdeaProjects/10/src/button/ButtonView.java,ButtonView::ButtonView,16,47,Default task
2021-11-14T19:24:49.531+09:00,user,IdeState,Active,10,Editor,C:/Users/user/IdeaProjects/10/src/button/ButtonView.java,ButtonView::ButtonView,16,49,Default task
2021-11-14T19:24:50.534+09:00,user,IdeState,Active,10,Editor,C:/Users/user/IdeaProjects/10/src/button/ButtonView.java,ButtonView::ButtonView,17,9,Default task
2021-11-14T19:24:51.536+09:00,user,IdeState,Active,10,Editor,C:/Users/user/IdeaProjects/10/src/button/ButtonView.java,ButtonView::ButtonView,17,13,Default task
2021-11-14T19:24:52.542+09:00,user,IdeState,Active,10,Editor,C:/Users/user/IdeaProjects/10/src/button/ButtonView.java,ButtonView::ButtonView,17,18,Default task
2021-11-14T19:24:53.549+09:00,user,IdeState,Active,10,Editor,C:/Users/user/IdeaProjects/10/src/button/ButtonView.java,ButtonView::ButtonView,17,17,Default task
2021-11-14T19:24:54.553+09:00,user,IdeState,Active,10,Editor,C:/Users/user/IdeaProjects/10/src/button/ButtonView.java,ButtonView::ButtonView,17,17,Default task
2021-11-14T19:24:55.560+09:00,user,IdeState,Active,10,Editor,C:/Users/user/IdeaProjects/10/src/button/ButtonView.java,ButtonView::ButtonView,17,25,Default task
2021-11-14T19:24:56.568+09:00,user,IdeState,Active,10,Editor,C:/Users/user/IdeaProjects/10/src/button/ButtonView.java,ButtonView::ButtonView,17,26,Default task
2021-11-14T19:24:57.570+09:00,user,IdeState,Active,10,Editor,C:/Users/user/IdeaProjects/10/src/button/ButtonView.java,ButtonView::ButtonView,17,28,Default task
2021-11-14T19:24:58.584+09:00,user,IdeState,Active,10,Editor,C:/Users/user/IdeaProjects/10/src/button/ButtonView.java,ButtonView::ButtonView,17,33,Default task
2021-11-14T19:24:59.598+09:00,user,IdeState,Active,10,Editor,C:/Users/user/IdeaProjects/10/src/button/ButtonView.java,ButtonView::ButtonView,17,35,Default task
2021-11-14T19:25:00.601+09:00,user,IdeState,Active,10,Editor,C:/Users/user/IdeaProjects/10/src/button/ButtonView.java,ButtonView::ButtonView,18,16,Default task
2021-11-14T19:25:01.613+09:00,user,IdeState,Active,10,Editor,C:/Users/user/IdeaProjects/10/src/button/ButtonView.java,ButtonView::ButtonView,17,37,Default task
2021-11-14T19:25:02.628+09:00,user,IdeState,Active,10,Editor,C:/Users/user/IdeaProjects/10/src/button/ButtonView.java,ButtonView::ButtonView,17,35,Default task
2021-11-14T19:25:03.644+09:00,user,IdeState,Active,10,Editor,C:/Users/user/IdeaProjects/10/src/button/ButtonView.java,ButtonView::ButtonView,17,39,Default task
2021-11-14T19:25:04.661+09:00,user,IdeState,Active,10,Editor,C:/Users/user/IdeaProjects/10/src/button/ButtonView.java,ButtonView::ButtonView,17,41,Default task
2021-11-14T19:25:05.664+09:00,user,IdeState,Active,10,Editor,C:/Users/user/IdeaProjects/10/src/button/ButtonView.java,ButtonView::ButtonView,18,8,Default task
2021-11-14T19:25:06.665+09:00,user,IdeState,Active,10,Editor,C:/Users/user/IdeaProjects/10/src/button/ButtonView.java,ButtonView::ButtonView,18,9,Default task
2021-11-14T19:25:07.680+09:00,user,IdeState,Active,10,Editor,C:/Users/user/IdeaProjects/10/src/button/ButtonView.java,ButtonView::ButtonView,18,14,Default task
2021-11-14T19:25:08.694+09:00,user,IdeState,Active,10,Editor,C:/Users/user/IdeaProjects/10/src/button/ButtonView.java,ButtonView::ButtonView,18,16,Default task
2021-11-14T19:25:09.703+09:00,user,IdeState,Active,10,Editor,C:/Users/user/IdeaProjects/10/src/button/ButtonView.java,ButtonView::ButtonView,18,18,Default task
2021-11-14T19:25:10.745+09:00,user,IdeState,Active,10,Editor,C:/Users/user/IdeaProjects/10/src/button/ButtonView.java,ButtonView::ButtonView,18,18,Default task
2021-11-14T19:25:11.751+09:00,user,IdeState,Active,10,Editor,C:/Users/user/IdeaProjects/10/src/button/ButtonView.java,ButtonView::ButtonView,18,25,Default task
2021-11-14T19:25:12.765+09:00,user,IdeState,Active,10,Editor,C:/Users/user/IdeaProjects/10/src/button/ButtonView.java,ButtonView::ButtonView,18,26,Default task
2021-11-14T19:25:13.767+09:00,user,IdeState,Active,10,Editor,C:/Users/user/IdeaProjects/10/src/button/ButtonView.java,ButtonView::ButtonView,18,27,Default task
2021-11-14T19:25:14.782+09:00,user,IdeState,Active,10,Editor,C:/Users/user/IdeaProjects/10/src/button/ButtonView.java,ButtonView::ButtonView,18,32,Default task
2021-11-14T19:25:15.786+09:00,user,IdeState,Active,10,Editor,C:/Users/user/IdeaProjects/10/src/button/ButtonView.java,ButtonView::ButtonView,18,35,Default task
2021-11-14T19:25:16.801+09:00,user,IdeState,Active,10,Editor,C:/Users/user/IdeaProjects/10/src/button/ButtonView.java,ButtonView::ButtonView,18,40,Default task
2021-11-14T19:25:17.814+09:00,user,IdeState,Active,10,Editor,C:/Users/user/IdeaProjects/10/src/button/ButtonView.java,ButtonView::ButtonView,18,42,Default task
2021-11-14T19:25:18.830+09:00,user,IdeState,Active,10,Editor,C:/Users/user/IdeaProjects/10/src/button/ButtonView.java,ButtonView::ButtonView,18,48,Default task
2021-11-14T19:25:19.832+09:00,user,IdeState,Active,10,Editor,C:/Users/user/IdeaProjects/10/src/button/ButtonView.java,ButtonView::ButtonView,18,49,Default task
2021-11-14T19:25:20.838+09:00,user,IdeState,Active,10,Editor,C:/Users/user/IdeaProjects/10/src/button/ButtonView.java,ButtonView::ButtonView,20,9,Default task
2021-11-14T19:25:21.838+09:00,user,IdeState,Active,10,Editor,C:/Users/user/IdeaProjects/10/src/button/ButtonView.java,ButtonView::ButtonView,20,13,Default task
2021-11-14T19:25:22.842+09:00,user,IdeState,Active,10,Editor,C:/Users/user/IdeaProjects/10/src/button/ButtonView.java,ButtonView::ButtonView,20,14,Default task
2021-11-14T19:25:23.854+09:00,user,IdeState,Active,10,Editor,C:/Users/user/IdeaProjects/10/src/button/ButtonView.java,ButtonView::ButtonView,20,17,Default task
2021-11-14T19:25:24.855+09:00,user,IdeState,Active,10,Editor,C:/Users/user/IdeaProjects/10/src/button/ButtonView.java,ButtonView::ButtonView,20,35,Default task
2021-11-14T19:25:25.874+09:00,user,IdeState,Active,10,Editor,C:/Users/user/IdeaProjects/10/src/button/ButtonView.java,ButtonView::ButtonView,20,49,Default task
2021-11-14T19:25:26.880+09:00,user,IdeState,Active,10,Editor,C:/Users/user/IdeaProjects/10/src/button/ButtonView.java,ButtonView::ButtonView,20,50,Default task
2021-11-14T19:25:27.886+09:00,user,IdeState,Active,10,Editor,C:/Users/user/IdeaProjects/10/src/button/ButtonView.java,ButtonView::ButtonView,20,57,Default task
2021-11-14T19:25:28.891+09:00,user,IdeState,Active,10,Editor,C:/Users/user/IdeaProjects/10/src/button/ButtonView.java,ButtonView::ButtonView,21,9,Default task
2021-11-14T19:25:29.897+09:00,user,IdeState,Active,10,Editor,C:/Users/user/IdeaProjects/10/src/button/ButtonView.java,ButtonView::ButtonView,21,9,Default task
2021-11-14T19:25:30.909+09:00,user,IdeState,Active,10,Editor,C:/Users/user/IdeaProjects/10/src/button/ButtonView.java,ButtonView::ButtonView,21,9,Default task
2021-11-14T19:25:31.921+09:00,user,IdeState,Active,10,Editor,C:/Users/user/IdeaProjects/10/src/button/ButtonView.java,ButtonView::ButtonView,21,10,Default task
2021-11-14T19:25:32.929+09:00,user,IdeState,Active,10,Editor,C:/Users/user/IdeaProjects/10/src/button/ButtonView.java,ButtonView::ButtonView,21,14,Default task
2021-11-14T19:25:33.934+09:00,user,IdeState,Active,10,Editor,C:/Users/user/IdeaProjects/10/src/button/ButtonView.java,ButtonView::ButtonView,21,14,Default task
2021-11-14T19:25:34.937+09:00,user,IdeState,Active,10,Editor,C:/Users/user/IdeaProjects/10/src/button/ButtonView.java,ButtonView::ButtonView,21,16,Default task
2021-11-14T19:25:35.948+09:00,user,IdeState,Active,10,Editor,C:/Users/user/IdeaProjects/10/src/button/ButtonView.java,ButtonView::ButtonView,21,37,Default task
2021-11-14T19:25:36.962+09:00,user,IdeState,Active,10,Editor,C:/Users/user/IdeaProjects/10/src/button/ButtonView.java,ButtonView::ButtonView,21,37,Default task
2021-11-14T19:25:37.965+09:00,user,IdeState,Active,10,Editor,C:/Users/user/IdeaProjects/10/src/button/ButtonView.java,ButtonView::ButtonView,21,37,Default task
2021-11-14T19:25:38.980+09:00,user,IdeState,Active,10,Editor,C:/Users/user/IdeaProjects/10/src/button/ButtonView.java,ButtonView::ButtonView,21,37,Default task
2021-11-14T19:25:39.983+09:00,user,IdeState,Active,10,Editor,C:/Users/user/IdeaProjects/10/src/button/ButtonView.java,ButtonView::ButtonView,21,39,Default task
2021-11-14T19:25:40.999+09:00,user,IdeState,Active,10,Editor,C:/Users/user/IdeaProjects/10/src/button/ButtonView.java,ButtonView::ButtonView,21,52,Default task
2021-11-14T19:25:42.039+09:00,user,IdeState,Active,10,Editor,C:/Users/user/IdeaProjects/10/src/button/ButtonView.java,ButtonView::ButtonView,21,59,Default task
2021-11-14T19:25:43.046+09:00,user,IdeState,Active,10,Editor,C:/Users/user/IdeaProjects/10/src/button/ButtonView.java,ButtonView::ButtonView,22,8,Default task
2021-11-14T19:25:44.047+09:00,user,IdeState,Active,10,Editor,C:/Users/user/IdeaProjects/10/src/button/ButtonView.java,ButtonView::ButtonView,22,9,Default task
2021-11-14T19:25:45.064+09:00,user,IdeState,Active,10,Editor,C:/Users/user/IdeaProjects/10/src/button/ButtonView.java,ButtonView::ButtonView,22,11,Default task
2021-11-14T19:25:46.080+09:00,user,IdeState,Active,10,Editor,C:/Users/user/IdeaProjects/10/src/button/ButtonView.java,ButtonView::ButtonView,22,15,Default task
2021-11-14T19:25:47.092+09:00,user,IdeState,Active,10,Editor,C:/Users/user/IdeaProjects/10/src/button/ButtonView.java,ButtonView::ButtonView,22,23,Default task
2021-11-14T19:25:48.105+09:00,user,IdeState,Active,10,Editor,C:/Users/user/IdeaProjects/10/src/button/ButtonView.java,ButtonView::ButtonView,22,25,Default task
2021-11-14T19:25:49.108+09:00,user,IdeState,Active,10,Editor,C:/Users/user/IdeaProjects/10/src/button/ButtonView.java,ButtonView::ButtonView,22,32,Default task
2021-11-14T19:25:50.120+09:00,user,IdeState,Active,10,Editor,C:/Users/user/IdeaProjects/10/src/button/ButtonView.java,ButtonView::ButtonView,22,32,Default task
2021-11-14T19:25:51.134+09:00,user,IdeState,Active,10,Editor,C:/Users/user/IdeaProjects/10/src/button/ButtonView.java,ButtonView::ButtonView,22,32,Default task
2021-11-14T19:25:52.150+09:00,user,IdeState,Active,10,Editor,C:/Users/user/IdeaProjects/10/src/button/ButtonView.java,ButtonView::ButtonView,22,38,Default task
2021-11-14T19:25:53.164+09:00,user,IdeState,Active,10,Editor,C:/Users/user/IdeaProjects/10/src/button/ButtonView.java,ButtonView::ButtonView,23,9,Default task
2021-11-14T19:25:54.166+09:00,user,IdeState,Active,10,Editor,C:/Users/user/IdeaProjects/10/src/button/ButtonView.java,ButtonView::ButtonView,23,11,Default task
2021-11-14T19:25:55.172+09:00,user,IdeState,Active,10,Editor,C:/Users/user/IdeaProjects/10/src/button/ButtonView.java,ButtonView::ButtonView,23,14,Default task
2021-11-14T19:25:56.186+09:00,user,IdeState,Active,10,Editor,C:/Users/user/IdeaProjects/10/src/button/ButtonView.java,ButtonView::ButtonView,23,15,Default task
2021-11-14T19:25:57.190+09:00,user,IdeState,Active,10,Editor,C:/Users/user/IdeaProjects/10/src/button/ButtonView.java,ButtonView::ButtonView,23,28,Default task
2021-11-14T19:25:58.203+09:00,user,IdeState,Active,10,Editor,C:/Users/user/IdeaProjects/10/src/button/ButtonView.java,ButtonView::ButtonView,23,29,Default task
2021-11-14T19:25:59.205+09:00,user,IdeState,Active,10,Editor,C:/Users/user/IdeaProjects/10/src/button/ButtonView.java,ButtonView::ButtonView,23,33,Default task
2021-11-14T19:26:00.220+09:00,user,IdeState,Active,10,Editor,C:/Users/user/IdeaProjects/10/src/button/ButtonView.java,ButtonView::ButtonView,23,36,Default task
2021-11-14T19:26:01.237+09:00,user,IdeState,Active,10,Editor,C:/Users/user/IdeaProjects/10/src/button/ButtonView.java,ButtonView::ButtonView,23,39,Default task
2021-11-14T19:26:02.254+09:00,user,IdeState,Active,10,Editor,C:/Users/user/IdeaProjects/10/src/button/ButtonView.java,ButtonView::ButtonView,25,8,Default task
2021-11-14T19:26:03.265+09:00,user,IdeState,Active,10,Editor,C:/Users/user/IdeaProjects/10/src/button/ButtonView.java,ButtonView::ButtonView,25,11,Default task
2021-11-14T19:26:04.266+09:00,user,IdeState,Active,10,Editor,C:/Users/user/IdeaProjects/10/src/button/ButtonView.java,ButtonView::ButtonView,25,11,Default task
2021-11-14T19:26:05.272+09:00,user,IdeState,Active,10,Editor,C:/Users/user/IdeaProjects/10/src/button/ButtonView.java,ButtonView::ButtonView,25,11,Default task
2021-11-14T19:26:06.275+09:00,user,IdeState,Active,10,Editor,C:/Users/user/IdeaProjects/10/src/button/ButtonView.java,ButtonView::ButtonView,25,11,Default task
2021-11-14T19:26:07.281+09:00,user,IdeState,Active,10,Editor,C:/Users/user/IdeaProjects/10/src/button/ButtonView.java,ButtonView::ButtonView,25,23,Default task
2021-11-14T19:26:08.282+09:00,user,IdeState,Active,10,Editor,C:/Users/user/IdeaProjects/10/src/button/ButtonView.java,ButtonView::ButtonView,25,24,Default task
2021-11-14T19:26:09.286+09:00,user,IdeState,Active,10,Editor,C:/Users/user/IdeaProjects/10/src/button/ButtonView.java,ButtonView::ButtonView,25,25,Default task
2021-11-14T19:26:10.290+09:00,user,IdeState,Active,10,Editor,C:/Users/user/IdeaProjects/10/src/button/ButtonView.java,ButtonView::ButtonView,25,32,Default task
2021-11-14T19:26:11.294+09:00,user,IdeState,Active,10,Editor,C:/Users/user/IdeaProjects/10/src/button/ButtonView.java,ButtonView::ButtonView,25,32,Default task
2021-11-14T19:26:12.308+09:00,user,IdeState,Active,10,Editor,C:/Users/user/IdeaProjects/10/src/button/ButtonView.java,ButtonView::ButtonView,25,32,Default task
2021-11-14T19:26:13.309+09:00,user,IdeState,Active,10,Editor,C:/Users/user/IdeaProjects/10/src/button/ButtonView.java,ButtonView::ButtonView,25,36,Default task
2021-11-14T19:26:14.324+09:00,user,IdeState,Active,10,Editor,C:/Users/user/IdeaProjects/10/src/button/ButtonView.java,ButtonView::ButtonView,25,38,Default task
2021-11-14T19:26:15.326+09:00,user,IdeState,Active,10,Editor,C:/Users/user/IdeaProjects/10/src/button/ButtonView.java,ButtonView::ButtonView,26,10,Default task
2021-11-14T19:26:16.329+09:00,user,IdeState,Active,10,Editor,C:/Users/user/IdeaProjects/10/src/button/ButtonView.java,ButtonView::ButtonView,26,14,Default task
2021-11-14T19:26:17.333+09:00,user,IdeState,Active,10,Editor,C:/Users/user/IdeaProjects/10/src/button/ButtonView.java,ButtonView::ButtonView,26,15,Default task
2021-11-14T19:26:18.335+09:00,user,IdeState,Active,10,Editor,C:/Users/user/IdeaProjects/10/src/button/ButtonView.java,ButtonView::ButtonView,26,35,Default task
2021-11-14T19:26:19.337+09:00,user,IdeState,Active,10,Editor,C:/Users/user/IdeaProjects/10/src/button/ButtonView.java,ButtonView::ButtonView,26,35,Default task
2021-11-14T19:26:20.339+09:00,user,IdeState,Active,10,Editor,C:/Users/user/IdeaProjects/10/src/button/ButtonView.java,ButtonView::ButtonView,26,36,Default task
2021-11-14T19:26:21.344+09:00,user,IdeState,Active,10,Editor,C:/Users/user/IdeaProjects/10/src/button/ButtonView.java,ButtonView::ButtonView,26,50,Default task
2021-11-14T19:26:22.359+09:00,user,IdeState,Active,10,Editor,C:/Users/user/IdeaProjects/10/src/button/ButtonView.java,ButtonView::ButtonView,26,50,Default task
2021-11-14T19:26:23.377+09:00,user,IdeState,Active,10,Editor,C:/Users/user/IdeaProjects/10/src/button/ButtonView.java,ButtonView::ButtonView,26,51,Default task
2021-11-14T19:26:24.391+09:00,user,IdeState,Active,10,Editor,C:/Users/user/IdeaProjects/10/src/button/ButtonView.java,ButtonView::ButtonView,26,58,Default task
2021-11-14T19:26:25.394+09:00,user,IdeState,Active,10,Editor,C:/Users/user/IdeaProjects/10/src/button/ButtonView.java,ButtonView::ButtonView,27,8,Default task
2021-11-14T19:26:26.398+09:00,user,IdeState,Active,10,Editor,C:/Users/user/IdeaProjects/10/src/button/ButtonView.java,ButtonView::ButtonView,27,10,Default task
2021-11-14T19:26:27.416+09:00,user,IdeState,Active,10,Editor,C:/Users/user/IdeaProjects/10/src/button/ButtonView.java,ButtonView::ButtonView,27,14,Default task
2021-11-14T19:26:28.418+09:00,user,IdeState,Active,10,Editor,C:/Users/user/IdeaProjects/10/src/button/ButtonView.java,ButtonView::ButtonView,27,14,Default task
2021-11-14T19:26:29.434+09:00,user,IdeState,Active,10,Editor,C:/Users/user/IdeaProjects/10/src/button/ButtonView.java,ButtonView::ButtonView,27,15,Default task
2021-11-14T19:26:30.435+09:00,user,IdeState,Active,10,Editor,C:/Users/user/IdeaProjects/10/src/button/ButtonView.java,ButtonView::ButtonView,27,37,Default task
2021-11-14T19:26:31.561+09:00,user,IdeState,Active,10,Editor,C:/Users/user/IdeaProjects/10/src/button/ButtonView.java,ButtonView::ButtonView,27,38,Default task
2021-11-14T19:26:32.572+09:00,user,IdeState,Active,10,Editor,C:/Users/user/IdeaProjects/10/src/button/ButtonView.java,ButtonView::ButtonView,27,51,Default task
2021-11-14T19:26:33.578+09:00,user,IdeState,Active,10,Editor,C:/Users/user/IdeaProjects/10/src/button/ButtonView.java,ButtonView::ButtonView,27,52,Default task
2021-11-14T19:26:34.581+09:00,user,IdeState,Active,10,Editor,C:/Users/user/IdeaProjects/10/src/button/ButtonView.java,ButtonView::ButtonView,27,53,Default task
2021-11-14T19:26:35.593+09:00,user,IdeState,Active,10,Editor,C:/Users/user/IdeaProjects/10/src/button/ButtonView.java,ButtonView::ButtonView,27,60,Default task
2021-11-14T19:26:36.604+09:00,user,IdeState,Active,10,Editor,C:/Users/user/IdeaProjects/10/src/button/ButtonView.java,ButtonView::ButtonView,28,9,Default task
2021-11-14T19:26:37.607+09:00,user,IdeState,Active,10,Editor,C:/Users/user/IdeaProjects/10/src/button/ButtonView.java,ButtonView::ButtonView,28,13,Default task
2021-11-14T19:26:38.609+09:00,user,IdeState,Active,10,Editor,C:/Users/user/IdeaProjects/10/src/button/ButtonView.java,ButtonView::ButtonView,28,14,Default task
2021-11-14T19:26:39.624+09:00,user,IdeState,Active,10,Editor,C:/Users/user/IdeaProjects/10/src/button/ButtonView.java,ButtonView::ButtonView,28,29,Default task
2021-11-14T19:26:40.629+09:00,user,IdeState,Active,10,Editor,C:/Users/user/IdeaProjects/10/src/button/ButtonView.java,ButtonView::ButtonView,28,29,Default task
2021-11-14T19:26:41.634+09:00,user,IdeState,Active,10,Editor,C:/Users/user/IdeaProjects/10/src/button/ButtonView.java,ButtonView::ButtonView,28,31,Default task
2021-11-14T19:26:42.644+09:00,user,IdeState,Active,10,Editor,C:/Users/user/IdeaProjects/10/src/button/ButtonView.java,ButtonView::ButtonView,28,33,Default task
2021-11-14T19:26:43.647+09:00,user,IdeState,Active,10,Editor,C:/Users/user/IdeaProjects/10/src/button/ButtonView.java,ButtonView::ButtonView::[ActionListener]::actionPerformed,31,16,Default task
2021-11-14T19:26:44.649+09:00,user,IdeState,Active,10,Editor,C:/Users/user/IdeaProjects/10/src/button/ButtonView.java,ButtonView::ButtonView::[ActionListener]::actionPerformed,31,16,Default task
2021-11-14T19:26:45.657+09:00,user,IdeState,Active,10,Editor,C:/Users/user/IdeaProjects/10/src/button/ButtonView.java,ButtonView::ButtonView::[ActionListener]::actionPerformed,31,16,Default task
2021-11-14T19:26:46.660+09:00,user,IdeState,Active,10,Editor,C:/Users/user/IdeaProjects/10/src/button/ButtonView.java,ButtonView::ButtonView::[ActionListener]::actionPerformed,31,17,Default task
2021-11-14T19:26:47.663+09:00,user,IdeState,Active,10,Editor,C:/Users/user/IdeaProjects/10/src/button/ButtonView.java,ButtonView::ButtonView::[ActionListener]::actionPerformed,31,17,Default task
2021-11-14T19:26:48.678+09:00,user,IdeState,Active,10,Editor,C:/Users/user/IdeaProjects/10/src/button/ButtonView.java,ButtonView::ButtonView::[ActionListener]::actionPerformed,31,17,Default task
2021-11-14T19:26:49.682+09:00,user,IdeState,Active,10,Editor,C:/Users/user/IdeaProjects/10/src/button/ButtonView.java,ButtonView::ButtonView::[ActionListener]::actionPerformed,31,28,Default task
2021-11-14T19:26:50.698+09:00,user,IdeState,Active,10,Editor,C:/Users/user/IdeaProjects/10/src/button/ButtonView.java,ButtonView::ButtonView::[ActionListener]::actionPerformed,31,28,Default task
2021-11-14T19:26:51.712+09:00,user,IdeState,Active,10,Editor,C:/Users/user/IdeaProjects/10/src/button/ButtonView.java,ButtonView::ButtonView::[ActionListener]::actionPerformed,31,47,Default task
2021-11-14T19:26:52.736+09:00,user,IdeState,Active,10,Editor,C:/Users/user/IdeaProjects/10/src/button/ButtonView.java,ButtonView::ButtonView::[ActionListener]::actionPerformed,31,48,Default task
2021-11-14T19:26:53.741+09:00,user,IdeState,Active,10,Editor,C:/Users/user/IdeaProjects/10/src/button/ButtonView.java,ButtonView::ButtonView::[ActionListener]::actionPerformed,31,49,Default task
2021-11-14T19:26:54.747+09:00,user,IdeState,Active,10,Editor,C:/Users/user/IdeaProjects/10/src/button/ButtonView.java,ButtonView::ButtonView::[ActionListener]::actionPerformed,31,49,Default task
2021-11-14T19:26:55.761+09:00,user,IdeState,Active,10,Editor,C:/Users/user/IdeaProjects/10/src/button/ButtonView.java,ButtonView::ButtonView::[ActionListener]::actionPerformed,31,52,Default task
2021-11-14T19:26:56.767+09:00,user,IdeState,Active,10,Editor,C:/Users/user/IdeaProjects/10/src/button/ButtonView.java,ButtonView::ButtonView::[ActionListener]::actionPerformed,31,56,Default task
2021-11-14T19:26:57.782+09:00,user,IdeState,Active,10,Editor,C:/Users/user/IdeaProjects/10/src/button/ButtonView.java,ButtonView::ButtonView::[ActionListener]::actionPerformed,31,59,Default task
2021-11-14T19:26:58.792+09:00,user,IdeState,Active,10,Editor,C:/Users/user/IdeaProjects/10/src/button/ButtonView.java,ButtonView::ButtonView,33,11,Default task
2021-11-14T19:26:59.805+09:00,user,IdeState,Active,10,Editor,C:/Users/user/IdeaProjects/10/src/button/ButtonView.java,ButtonView::ButtonView,33,11,Default task
2021-11-14T19:27:00.810+09:00,user,IdeState,Active,10,Editor,C:/Users/user/IdeaProjects/10/src/button/ButtonView.java,ButtonView::ButtonView,35,10,Default task
2021-11-14T19:27:01.816+09:00,user,IdeState,Active,10,Editor,C:/Users/user/IdeaProjects/10/src/button/ButtonView.java,ButtonView::ButtonView,35,14,Default task
2021-11-14T19:27:02.819+09:00,user,IdeState,Active,10,Editor,C:/Users/user/IdeaProjects/10/src/button/ButtonView.java,ButtonView::ButtonView,35,14,Default task
2021-11-14T19:27:03.821+09:00,user,IdeState,Active,10,Editor,C:/Users/user/IdeaProjects/10/src/button/ButtonView.java,ButtonView::ButtonView,35,23,Default task
2021-11-14T19:27:04.823+09:00,user,IdeState,Active,10,Editor,C:/Users/user/IdeaProjects/10/src/button/ButtonView.java,ButtonView::ButtonView,35,24,Default task
2021-11-14T19:27:05.824+09:00,user,IdeState,Active,10,Editor,C:/Users/user/IdeaProjects/10/src/button/ButtonView.java,ButtonView::ButtonView,35,32,Default task
2021-11-14T19:27:06.829+09:00,user,IdeState,Active,10,Editor,C:/Users/user/IdeaProjects/10/src/button/ButtonView.java,ButtonView::ButtonView,35,32,Default task
2021-11-14T19:27:07.834+09:00,user,IdeState,Active,10,Editor,C:/Users/user/IdeaProjects/10/src/button/ButtonView.java,ButtonView::ButtonView,35,32,Default task
2021-11-14T19:27:08.848+09:00,user,IdeState,Active,10,Editor,C:/Users/user/IdeaProjects/10/src/button/ButtonView.java,ButtonView::ButtonView,35,36,Default task
2021-11-14T19:27:09.861+09:00,user,IdeState,Active,10,Editor,C:/Users/user/IdeaProjects/10/src/button/ButtonView.java,ButtonView::ButtonView,36,8,Default task
2021-11-14T19:27:10.867+09:00,user,IdeState,Active,10,Editor,C:/Users/user/IdeaProjects/10/src/button/ButtonView.java,ButtonView::ButtonView,36,11,Default task
2021-11-14T19:27:11.869+09:00,user,IdeState,Active,10,Editor,C:/Users/user/IdeaProjects/10/src/button/ButtonView.java,ButtonView::ButtonView,36,14,Default task
2021-11-14T19:27:12.875+09:00,user,IdeState,Active,10,Editor,C:/Users/user/IdeaProjects/10/src/button/ButtonView.java,ButtonView::ButtonView,36,15,Default task
2021-11-14T19:27:13.890+09:00,user,IdeState,Active,10,Editor,C:/Users/user/IdeaProjects/10/src/button/ButtonView.java,ButtonView::ButtonView,36,15,Default task
2021-11-14T19:27:14.891+09:00,user,IdeState,Active,10,Editor,C:/Users/user/IdeaProjects/10/src/button/ButtonView.java,ButtonView::ButtonView,36,28,Default task
2021-11-14T19:27:15.903+09:00,user,IdeState,Active,10,Editor,C:/Users/user/IdeaProjects/10/src/button/ButtonView.java,ButtonView::ButtonView,36,28,Default task
2021-11-14T19:27:16.907+09:00,user,IdeState,Active,10,Editor,C:/Users/user/IdeaProjects/10/src/button/ButtonView.java,ButtonView::ButtonView,36,31,Default task
2021-11-14T19:27:17.910+09:00,user,IdeState,Active,10,Editor,C:/Users/user/IdeaProjects/10/src/button/ButtonView.java,ButtonView::ButtonView,36,36,Default task
2021-11-14T19:27:18.910+09:00,user,IdeState,Active,10,Editor,C:/Users/user/IdeaProjects/10/src/button/ButtonView.java,ButtonView::ButtonView,37,8,Default task
2021-11-14T19:27:19.937+09:00,user,IdeState,Active,10,Editor,C:/Users/user/IdeaProjects/10/src/button/ButtonView.java,ButtonView::ButtonView,37,9,Default task
2021-11-14T19:27:20.941+09:00,user,IdeState,Active,10,Editor,C:/Users/user/IdeaProjects/10/src/button/ButtonView.java,ButtonView::ButtonView,37,11,Default task
2021-11-14T19:27:21.941+09:00,user,IdeState,Active,10,Editor,C:/Users/user/IdeaProjects/10/src/button/ButtonView.java,ButtonView::ButtonView,37,11,Default task
2021-11-14T19:27:22.949+09:00,user,IdeState,Active,10,Editor,C:/Users/user/IdeaProjects/10/src/button/ButtonView.java,ButtonView::ButtonView,37,11,Default task
2021-11-14T19:27:23.949+09:00,user,IdeState,Active,10,Editor,C:/Users/user/IdeaProjects/10/src/button/ButtonView.java,ButtonView::ButtonView,37,22,Default task
2021-11-14T19:27:24.976+09:00,user,IdeState,Active,10,Editor,C:/Users/user/IdeaProjects/10/src/button/ButtonView.java,ButtonView::ButtonView,37,23,Default task
2021-11-14T19:27:25.979+09:00,user,IdeState,Active,10,Editor,C:/Users/user/IdeaProjects/10/src/button/ButtonView.java,ButtonView::ButtonView,37,29,Default task
2021-11-14T19:27:26.992+09:00,user,IdeState,Active,10,Editor,C:/Users/user/IdeaProjects/10/src/button/ButtonView.java,ButtonView::ButtonView,39,9,Default task
2021-11-14T19:27:28.040+09:00,user,IdeState,Active,10,Editor,C:/Users/user/IdeaProjects/10/src/button/ButtonView.java,ButtonView::ButtonView,39,12,Default task
2021-11-14T19:27:29.056+09:00,user,IdeState,Active,10,Editor,C:/Users/user/IdeaProjects/10/src/button/ButtonView.java,ButtonView::ButtonView,39,14,Default task
2021-11-14T19:27:30.061+09:00,user,IdeState,Active,10,Editor,C:/Users/user/IdeaProjects/10/src/button/ButtonView.java,ButtonView::ButtonView,39,15,Default task
2021-11-14T19:27:31.066+09:00,user,IdeState,Active,10,Editor,C:/Users/user/IdeaProjects/10/src/button/ButtonView.java,ButtonView::ButtonView,39,29,Default task
2021-11-14T19:27:32.070+09:00,user,IdeState,Active,10,Editor,C:/Users/user/IdeaProjects/10/src/button/ButtonView.java,ButtonView::ButtonView,39,35,Default task
2021-11-14T19:27:33.087+09:00,user,IdeState,Active,10,Editor,C:/Users/user/IdeaProjects/10/src/button/ButtonView.java,ButtonView::ButtonView,40,10,Default task
2021-11-14T19:27:34.104+09:00,user,IdeState,Active,10,Editor,C:/Users/user/IdeaProjects/10/src/button/ButtonView.java,ButtonView::ButtonView,40,14,Default task
2021-11-14T19:27:35.117+09:00,user,IdeState,Active,10,Editor,C:/Users/user/IdeaProjects/10/src/button/ButtonView.java,ButtonView::ButtonView,40,15,Default task
2021-11-14T19:27:36.131+09:00,user,IdeState,Active,10,Editor,C:/Users/user/IdeaProjects/10/src/button/ButtonView.java,ButtonView::ButtonView,40,30,Default task
2021-11-14T19:27:37.136+09:00,user,IdeState,Active,10,Editor,C:/Users/user/IdeaProjects/10/src/button/ButtonView.java,ButtonView::ButtonView,40,35,Default task
2021-11-14T19:27:38.137+09:00,user,IdeState,Active,10,Editor,C:/Users/user/IdeaProjects/10/src/button/ButtonView.java,ButtonView::ButtonView,40,35,Default task
2021-11-14T19:27:39.151+09:00,user,IdeState,Active,10,Editor,C:/Users/user/IdeaProjects/10/src/button/ButtonView.java,ButtonView::ButtonView,42,9,Default task
2021-11-14T19:27:40.165+09:00,user,IdeState,Active,10,Editor,C:/Users/user/IdeaProjects/10/src/button/ButtonView.java,ButtonView::ButtonView,42,14,Default task
2021-11-14T19:27:41.177+09:00,user,IdeState,Active,10,Editor,C:/Users/user/IdeaProjects/10/src/button/ButtonView.java,ButtonView::ButtonView,42,14,Default task
2021-11-14T19:27:42.178+09:00,user,IdeState,Active,10,Editor,C:/Users/user/IdeaProjects/10/src/button/ButtonView.java,ButtonView::ButtonView,42,16,Default task
2021-11-14T19:27:43.195+09:00,user,IdeState,Active,10,Editor,C:/Users/user/IdeaProjects/10/src/button/ButtonView.java,ButtonView::ButtonView,42,26,Default task
2021-11-14T19:27:44.197+09:00,user,IdeState,Active,10,Editor,C:/Users/user/IdeaProjects/10/src/button/ButtonView.java,ButtonView::ButtonView,42,26,Default task
2021-11-14T19:27:45.210+09:00,user,IdeState,Active,10,Editor,C:/Users/user/IdeaProjects/10/src/button/ButtonView.java,ButtonView::ButtonView,42,26,Default task
2021-11-14T19:27:46.223+09:00,user,IdeState,Active,10,Editor,C:/Users/user/IdeaProjects/10/src/button/ButtonView.java,ButtonView::ButtonView,42,26,Default task
2021-11-14T19:27:47.224+09:00,user,IdeState,Inactive,,,,,-1,-1,
2021-11-14T19:27:48.229+09:00,user,IdeState,Inactive,,,,,-1,-1,
2021-11-14T19:27:49.241+09:00,user,IdeState,Inactive,,,,,-1,-1,
2021-11-14T19:27:50.255+09:00,user,IdeState,Inactive,,,,,-1,-1,
2021-11-14T19:27:51.268+09:00,user,IdeState,Inactive,,,,,-1,-1,
2021-11-14T19:27:52.279+09:00,user,IdeState,Inactive,,,,,-1,-1,
2021-11-14T19:27:53.291+09:00,user,IdeState,Inactive,,,,,-1,-1,
2021-11-14T19:27:54.296+09:00,user,IdeState,Inactive,,,,,-1,-1,
2021-11-14T19:27:55.306+09:00,user,IdeState,Inactive,,,,,-1,-1,
2021-11-14T19:27:56.307+09:00,user,IdeState,Inactive,,,,,-1,-1,
2021-11-14T19:27:57.310+09:00,user,IdeState,Active,10,Editor,C:/Users/user/IdeaProjects/10/src/button/ButtonView.java,ButtonView::ButtonView,42,26,Default task
2021-11-14T19:27:58.310+09:00,user,IdeState,Active,10,Editor,C:/Users/user/IdeaProjects/10/src/button/ButtonView.java,ButtonView::ButtonView,42,26,Default task
2021-11-14T19:27:59.323+09:00,user,IdeState,Active,10,Editor,C:/Users/user/IdeaProjects/10/src/button/ButtonView.java,ButtonView::ButtonView,42,26,Default task
2021-11-14T19:28:00.325+09:00,user,IdeState,Active,10,Editor,C:/Users/user/IdeaProjects/10/src/button/ButtonView.java,ButtonView::ButtonView,42,28,Default task
2021-11-14T19:28:01.340+09:00,user,IdeState,Active,10,Editor,C:/Users/user/IdeaProjects/10/src/button/ButtonView.java,ButtonView::ButtonView,42,28,Default task
2021-11-14T19:28:02.356+09:00,user,IdeState,Active,10,Editor,C:/Users/user/IdeaProjects/10/src/button/ButtonView.java,ButtonView::ButtonView,42,27,Default task
2021-11-14T19:28:03.369+09:00,user,IdeState,Active,10,Editor,C:/Users/user/IdeaProjects/10/src/button/ButtonView.java,ButtonView::ButtonView,42,31,Default task
2021-11-14T19:28:04.371+09:00,user,IdeState,Active,10,Editor,C:/Users/user/IdeaProjects/10/src/button/ButtonView.java,ButtonView::ButtonView,42,35,Default task
2021-11-14T19:28:05.383+09:00,user,IdeState,Active,10,Editor,C:/Users/user/IdeaProjects/10/src/button/ButtonView.java,ButtonView::ButtonView,42,38,Default task
2021-11-14T19:28:06.398+09:00,user,IdeState,Active,10,Editor,C:/Users/user/IdeaProjects/10/src/button/ButtonView.java,ButtonView::ButtonView,42,44,Default task
2021-11-14T19:28:07.408+09:00,user,IdeState,Active,10,Editor,C:/Users/user/IdeaProjects/10/src/button/ButtonView.java,ButtonView::ButtonView,42,47,Default task
2021-11-14T19:28:08.410+09:00,user,IdeState,Active,10,Editor,C:/Users/user/IdeaProjects/10/src/button/ButtonView.java,ButtonView::ButtonView,42,52,Default task
2021-11-14T19:28:09.426+09:00,user,IdeState,Active,10,Editor,C:/Users/user/IdeaProjects/10/src/button/ButtonView.java,ButtonView::ButtonView,42,55,Default task
2021-11-14T19:28:10.442+09:00,user,IdeState,Active,10,Editor,C:/Users/user/IdeaProjects/10/src/button/ButtonView.java,ButtonView::ButtonView,42,56,Default task
2021-11-14T19:28:11.443+09:00,user,IdeState,Active,10,Editor,C:/Users/user/IdeaProjects/10/src/button/ButtonView.java,ButtonView::ButtonView,42,56,Default task
2021-11-14T19:28:12.446+09:00,user,IdeState,Active,10,Editor,C:/Users/user/IdeaProjects/10/src/button/ButtonView.java,ButtonView::ButtonView,42,59,Default task
2021-11-14T19:28:13.461+09:00,user,IdeState,Active,10,Editor,C:/Users/user/IdeaProjects/10/src/button/ButtonView.java,ButtonView::ButtonView,42,59,Default task
2021-11-14T19:28:14.477+09:00,user,IdeState,Active,10,Editor,C:/Users/user/IdeaProjects/10/src/button/ButtonView.java,ButtonView::ButtonView,42,60,Default task
2021-11-14T19:28:15.479+09:00,user,IdeState,Active,10,Editor,C:/Users/user/IdeaProjects/10/src/button/ButtonView.java,ButtonView::ButtonView,42,64,Default task
2021-11-14T19:28:16.492+09:00,user,IdeState,Active,10,Editor,C:/Users/user/IdeaProjects/10/src/button/ButtonView.java,ButtonView::ButtonView,42,71,Default task
2021-11-14T19:28:17.495+09:00,user,IdeState,Active,10,Editor,C:/Users/user/IdeaProjects/10/src/button/ButtonView.java,ButtonView::ButtonView,42,73,Default task
2021-11-14T19:28:18.498+09:00,user,IdeState,Active,10,Editor,C:/Users/user/IdeaProjects/10/src/button/ButtonView.java,ButtonView::ButtonView,42,79,Default task
2021-11-14T19:28:19.498+09:00,user,IdeState,Active,10,Editor,C:/Users/user/IdeaProjects/10/src/button/ButtonView.java,ButtonView::ButtonView,42,77,Default task
2021-11-14T19:28:20.504+09:00,user,IdeState,Active,10,Editor,C:/Users/user/IdeaProjects/10/src/button/ButtonView.java,ButtonView::ButtonView,42,77,Default task
2021-11-14T19:28:21.508+09:00,user,IdeState,Active,10,Editor,C:/Users/user/IdeaProjects/10/src/button/ButtonView.java,ButtonView::ButtonView,42,81,Default task
2021-11-14T19:28:22.519+09:00,user,IdeState,Active,10,Editor,C:/Users/user/IdeaProjects/10/src/button/ButtonView.java,ButtonView::ButtonView,43,9,Default task
2021-11-14T19:28:23.534+09:00,user,IdeState,Active,10,Editor,C:/Users/user/IdeaProjects/10/src/button/ButtonView.java,ButtonView::ButtonView,43,10,Default task
2021-11-14T19:28:24.548+09:00,user,IdeState,Active,10,Editor,C:/Users/user/IdeaProjects/10/src/button/ButtonView.java,ButtonView::ButtonView,43,14,Default task
2021-11-14T19:28:25.549+09:00,user,IdeState,Active,10,Editor,C:/Users/user/IdeaProjects/10/src/button/ButtonView.java,ButtonView::ButtonView,43,27,Default task
2021-11-14T19:28:26.553+09:00,user,IdeState,Active,10,Editor,C:/Users/user/IdeaProjects/10/src/button/ButtonView.java,ButtonView::ButtonView,43,30,Default task
2021-11-14T19:28:27.566+09:00,user,IdeState,Active,10,Editor,C:/Users/user/IdeaProjects/10/src/button/ButtonView.java,ButtonView::ButtonView,43,38,Default task
2021-11-14T19:28:28.571+09:00,user,IdeState,Active,10,Editor,C:/Users/user/IdeaProjects/10/src/button/ButtonView.java,ButtonView::ButtonView,43,44,Default task
2021-11-14T19:28:29.573+09:00,user,IdeState,Active,10,Editor,C:/Users/user/IdeaProjects/10/src/button/ButtonView.java,ButtonView::ButtonView,43,50,Default task
2021-11-14T19:28:30.587+09:00,user,IdeState,Active,10,Editor,C:/Users/user/IdeaProjects/10/src/button/ButtonView.java,ButtonView::ButtonView,43,55,Default task
2021-11-14T19:28:31.604+09:00,user,IdeState,Active,10,Editor,C:/Users/user/IdeaProjects/10/src/button/ButtonView.java,ButtonView::ButtonView,43,55,Default task
2021-11-14T19:28:32.618+09:00,user,IdeState,Active,10,Editor,C:/Users/user/IdeaProjects/10/src/button/ButtonView.java,ButtonView::ButtonView,43,60,Default task
2021-11-14T19:28:33.632+09:00,user,IdeState,Active,10,Editor,C:/Users/user/IdeaProjects/10/src/button/ButtonView.java,ButtonView::ButtonView,43,61,Default task
2021-11-14T19:28:34.648+09:00,user,IdeState,Active,10,Editor,C:/Users/user/IdeaProjects/10/src/button/ButtonView.java,ButtonView::ButtonView,43,62,Default task
2021-11-14T19:28:35.661+09:00,user,IdeState,Active,10,Editor,C:/Users/user/IdeaProjects/10/src/button/ButtonView.java,ButtonView::ButtonView,43,69,Default task
2021-11-14T19:28:36.662+09:00,user,IdeState,Active,10,Editor,C:/Users/user/IdeaProjects/10/src/button/ButtonView.java,ButtonView::ButtonView,43,74,Default task
2021-11-14T19:28:37.664+09:00,user,IdeState,Active,10,Editor,C:/Users/user/IdeaProjects/10/src/button/ButtonView.java,ButtonView::ButtonView,43,75,Default task
2021-11-14T19:28:38.680+09:00,user,IdeState,Active,10,Editor,C:/Users/user/IdeaProjects/10/src/button/ButtonView.java,ButtonView::ButtonView,43,76,Default task
2021-11-14T19:28:39.695+09:00,user,IdeState,Active,10,Editor,C:/Users/user/IdeaProjects/10/src/button/ButtonView.java,ButtonView::ButtonView,43,79,Default task
2021-11-14T19:28:40.699+09:00,user,IdeState,Active,10,Editor,C:/Users/user/IdeaProjects/10/src/button/ButtonView.java,ButtonView::ButtonView,45,9,Default task
2021-11-14T19:28:41.705+09:00,user,IdeState,Active,10,Editor,C:/Users/user/IdeaProjects/10/src/button/ButtonView.java,ButtonView::ButtonView,45,14,Default task
2021-11-14T19:28:42.709+09:00,user,IdeState,Active,10,Editor,C:/Users/user/IdeaProjects/10/src/button/ButtonView.java,ButtonView::ButtonView,45,17,Default task
2021-11-14T19:28:43.712+09:00,user,IdeState,Active,10,Editor,C:/Users/user/IdeaProjects/10/src/button/ButtonView.java,ButtonView::ButtonView,45,19,Default task
2021-11-14T19:28:44.714+09:00,user,IdeState,Active,10,Editor,C:/Users/user/IdeaProjects/10/src/button/ButtonView.java,ButtonView::ButtonView,45,20,Default task
2021-11-14T19:28:45.725+09:00,user,IdeState,Active,10,Editor,C:/Users/user/IdeaProjects/10/src/button/ButtonView.java,ButtonView::ButtonView,46,10,Default task
2021-11-14T19:28:46.739+09:00,user,IdeState,Active,10,Editor,C:/Users/user/IdeaProjects/10/src/button/ButtonView.java,ButtonView::ButtonView,46,13,Default task
2021-11-14T19:28:47.756+09:00,user,IdeState,Active,10,Editor,C:/Users/user/IdeaProjects/10/src/button/ButtonView.java,ButtonView::ButtonView,46,24,Default task
2021-11-14T19:28:48.756+09:00,user,IdeState,Active,10,Editor,C:/Users/user/IdeaProjects/10/src/button/ButtonView.java,ButtonView::ButtonView,46,24,Default task
2021-11-14T19:28:49.757+09:00,user,IdeState,Active,10,Editor,C:/Users/user/IdeaProjects/10/src/button/ButtonView.java,ButtonView::ButtonView,46,14,Default task
2021-11-14T19:28:50.773+09:00,user,IdeState,Active,10,Editor,C:/Users/user/IdeaProjects/10/src/button/ButtonView.java,ButtonView::ButtonView,46,16,Default task
2021-11-14T19:28:51.788+09:00,user,IdeState,Active,10,Editor,C:/Users/user/IdeaProjects/10/src/button/ButtonView.java,ButtonView::ButtonView,46,18,Default task
2021-11-14T19:28:52.802+09:00,user,IdeState,Active,10,Editor,C:/Users/user/IdeaProjects/10/src/button/ButtonView.java,ButtonView::ButtonView,47,8,Default task
2021-11-14T19:28:53.803+09:00,user,IdeState,Active,10,Editor,C:/Users/user/IdeaProjects/10/src/button/ButtonView.java,ButtonView::ButtonView,47,13,Default task
2021-11-14T19:28:54.804+09:00,user,IdeState,Active,10,Editor,C:/Users/user/IdeaProjects/10/src/button/ButtonView.java,ButtonView::ButtonView,47,13,Default task
2021-11-14T19:28:55.807+09:00,user,IdeState,Active,10,Editor,C:/Users/user/IdeaProjects/10/src/button/ButtonView.java,ButtonView::ButtonView,47,17,Default task
2021-11-14T19:28:56.822+09:00,user,IdeState,Active,10,Editor,C:/Users/user/IdeaProjects/10/src/button/ButtonView.java,ButtonView::ButtonView,47,19,Default task
2021-11-14T19:28:57.826+09:00,user,IdeState,Active,10,Editor,C:/Users/user/IdeaProjects/10/src/button/ButtonView.java,ButtonView::ButtonView,47,21,Default task
2021-11-14T19:28:58.840+09:00,user,IdeState,Active,10,Editor,C:/Users/user/IdeaProjects/10/src/button/ButtonView.java,ButtonView::ButtonView,47,21,Default task
2021-11-14T19:28:59.853+09:00,user,IdeState,Active,10,Editor,C:/Users/user/IdeaProjects/10/src/button/ButtonView.java,ButtonView::ButtonView,47,21,Default task
2021-11-14T19:29:00.868+09:00,user,IdeState,Active,10,Editor,C:/Users/user/IdeaProjects/10/src/button/ButtonView.java,ButtonView::ButtonView,47,21,Default task
2021-11-14T19:29:01.883+09:00,user,IdeState,Active,10,Editor,C:/Users/user/IdeaProjects/10/src/button/ButtonView.java,,49,4,Default task
2021-11-14T19:29:02.897+09:00,user,IdeState,Active,10,Editor,C:/Users/user/IdeaProjects/10/src/button/ButtonView.java,,50,6,Default task
2021-11-14T19:29:03.901+09:00,user,IdeState,Active,10,Editor,C:/Users/user/IdeaProjects/10/src/button/ButtonView.java,,50,5,Default task
2021-11-14T19:29:04.905+09:00,user,IdeState,Active,10,Editor,C:/Users/user/IdeaProjects/10/src/button/ButtonView.java,,51,4,Default task
2021-11-14T19:29:05.916+09:00,user,IdeState,Active,10,Editor,C:/Users/user/IdeaProjects/10/src/button/ButtonView.java,,51,4,Default task
2021-11-14T19:29:06.918+09:00,user,IdeState,Active,10,Editor,C:/Users/user/IdeaProjects/10/src/button/ButtonView.java,,51,12,Default task
2021-11-14T19:29:07.923+09:00,user,IdeState,Active,10,Editor,C:/Users/user/IdeaProjects/10/src/button/ButtonView.java,,51,12,Default task
2021-11-14T19:29:08.934+09:00,user,IdeState,Active,10,Editor,C:/Users/user/IdeaProjects/10/src/button/ButtonView.java,,51,16,Default task
2021-11-14T19:29:09.937+09:00,user,IdeState,Active,10,Editor,C:/Users/user/IdeaProjects/10/src/button/ButtonView.java,,51,18,Default task
2021-11-14T19:29:10.951+09:00,user,IdeState,Active,10,Editor,C:/Users/user/IdeaProjects/10/src/button/ButtonView.java,,51,22,Default task
2021-11-14T19:29:11.965+09:00,user,IdeState,Active,10,Editor,C:/Users/user/IdeaProjects/10/src/button/ButtonView.java,,51,22,Default task
2021-11-14T19:29:12.979+09:00,user,IdeState,Active,10,Editor,C:/Users/user/IdeaProjects/10/src/button/ButtonView.java,,51,27,Default task
2021-11-14T19:29:13.985+09:00,user,IdeState,Active,10,Editor,C:/Users/user/IdeaProjects/10/src/button/ButtonView.java,,51,31,Default task
2021-11-14T19:29:14.997+09:00,user,IdeState,Active,10,Editor,C:/Users/user/IdeaProjects/10/src/button/ButtonView.java,ButtonView::actionPerformed,51,34,Default task
2021-11-14T19:29:16.012+09:00,user,IdeState,Active,10,Editor,C:/Users/user/IdeaProjects/10/src/button/ButtonView.java,ButtonView::actionPerformed,51,38,Default task
2021-11-14T19:29:17.018+09:00,user,IdeState,Active,10,Editor,C:/Users/user/IdeaProjects/10/src/button/ButtonView.java,ButtonView::actionPerformed,51,43,Default task
2021-11-14T19:29:18.031+09:00,user,IdeState,Active,10,Editor,C:/Users/user/IdeaProjects/10/src/button/ButtonView.java,,51,46,Default task
2021-11-14T19:29:19.048+09:00,user,IdeState,Active,10,Editor,C:/Users/user/IdeaProjects/10/src/button/ButtonView.java,ButtonView::actionPerformed,52,8,Default task
2021-11-14T19:29:20.060+09:00,user,IdeState,Active,10,Editor,C:/Users/user/IdeaProjects/10/src/button/ButtonView.java,ButtonView::actionPerformed,52,10,Default task
2021-11-14T19:29:21.076+09:00,user,IdeState,Active,10,Editor,C:/Users/user/IdeaProjects/10/src/button/ButtonView.java,ButtonView::actionPerformed,52,12,Default task
2021-11-14T19:29:22.091+09:00,user,IdeState,Active,10,Editor,C:/Users/user/IdeaProjects/10/src/button/ButtonView.java,ButtonView::actionPerformed,52,19,Default task
2021-11-14T19:29:23.105+09:00,user,IdeState,Active,10,Editor,C:/Users/user/IdeaProjects/10/src/button/ButtonView.java,ButtonView::actionPerformed,52,21,Default task
2021-11-14T19:29:24.121+09:00,user,IdeState,Active,10,Editor,C:/Users/user/IdeaProjects/10/src/button/ButtonView.java,ButtonView::actionPerformed,52,28,Default task
2021-11-14T19:29:25.143+09:00,user,IdeState,Active,10,Editor,C:/Users/user/IdeaProjects/10/src/button/ButtonView.java,ButtonView::actionPerformed,52,29,Default task
2021-11-14T19:29:26.160+09:00,user,IdeState,Active,10,Editor,C:/Users/user/IdeaProjects/10/src/button/ButtonView.java,ButtonView::actionPerformed,52,48,Default task
2021-11-14T19:29:27.161+09:00,user,IdeState,Active,10,Editor,C:/Users/user/IdeaProjects/10/src/button/ButtonView.java,ButtonView::actionPerformed,52,50,Default task
2021-11-14T19:29:28.178+09:00,user,IdeState,Active,10,Editor,C:/Users/user/IdeaProjects/10/src/button/ButtonView.java,ButtonView::actionPerformed,53,12,Default task
2021-11-14T19:29:29.189+09:00,user,IdeState,Active,10,Editor,C:/Users/user/IdeaProjects/10/src/button/ButtonView.java,ButtonView::actionPerformed,53,14,Default task
2021-11-14T19:29:30.203+09:00,user,IdeState,Active,10,Editor,C:/Users/user/IdeaProjects/10/src/button/ButtonView.java,ButtonView::actionPerformed,53,18,Default task
2021-11-14T19:29:31.216+09:00,user,IdeState,Active,10,Editor,C:/Users/user/IdeaProjects/10/src/button/ButtonView.java,ButtonView::actionPerformed,53,26,Default task
2021-11-14T19:29:32.222+09:00,user,IdeState,Active,10,Editor,C:/Users/user/IdeaProjects/10/src/button/ButtonView.java,ButtonView::actionPerformed,53,32,Default task
2021-11-14T19:29:33.222+09:00,user,IdeState,Active,10,Editor,C:/Users/user/IdeaProjects/10/src/button/ButtonView.java,ButtonView::actionPerformed,54,12,Default task
2021-11-14T19:29:34.235+09:00,user,IdeState,Active,10,Editor,C:/Users/user/IdeaProjects/10/src/button/ButtonView.java,ButtonView::actionPerformed,54,14,Default task
2021-11-14T19:29:35.238+09:00,user,IdeState,Active,10,Editor,C:/Users/user/IdeaProjects/10/src/button/ButtonView.java,ButtonView::actionPerformed,54,15,Default task
2021-11-14T19:29:36.252+09:00,user,IdeState,Active,10,Editor,C:/Users/user/IdeaProjects/10/src/button/ButtonView.java,ButtonView::actionPerformed,54,18,Default task
2021-11-14T19:29:37.255+09:00,user,IdeState,Active,10,Editor,C:/Users/user/IdeaProjects/10/src/button/ButtonView.java,ButtonView::actionPerformed,54,18,Default task
2021-11-14T19:29:38.258+09:00,user,IdeState,Active,10,Editor,C:/Users/user/IdeaProjects/10/src/button/ButtonView.java,ButtonView::actionPerformed,54,27,Default task
2021-11-14T19:29:39.263+09:00,user,IdeState,Active,10,Editor,C:/Users/user/IdeaProjects/10/src/button/ButtonView.java,ButtonView::actionPerformed,54,32,Default task
2021-11-14T19:29:40.263+09:00,user,IdeState,Active,10,Editor,C:/Users/user/IdeaProjects/10/src/button/ButtonView.java,ButtonView::actionPerformed,55,12,Default task
2021-11-14T19:29:41.267+09:00,user,IdeState,Active,10,Editor,C:/Users/user/IdeaProjects/10/src/button/ButtonView.java,ButtonView::actionPerformed,55,15,Default task
2021-11-14T19:29:42.281+09:00,user,IdeState,Active,10,Editor,C:/Users/user/IdeaProjects/10/src/button/ButtonView.java,ButtonView::actionPerformed,55,26,Default task
2021-11-14T19:29:43.291+09:00,user,IdeState,Active,10,Editor,C:/Users/user/IdeaProjects/10/src/button/ButtonView.java,ButtonView::actionPerformed,55,29,Default task
2021-11-14T19:29:44.299+09:00,user,IdeState,Active,10,Editor,C:/Users/user/IdeaProjects/10/src/button/ButtonView.java,ButtonView::actionPerformed,56,9,Default task
2021-11-14T19:29:45.314+09:00,user,IdeState,Active,10,Editor,C:/Users/user/IdeaProjects/10/src/button/ButtonView.java,ButtonView::actionPerformed,56,13,Default task
2021-11-14T19:29:46.327+09:00,user,IdeState,Active,10,Editor,C:/Users/user/IdeaProjects/10/src/button/ButtonView.java,ButtonView::actionPerformed,56,13,Default task
2021-11-14T19:29:47.330+09:00,user,IdeState,Active,10,Editor,C:/Users/user/IdeaProjects/10/src/button/ButtonView.java,ButtonView::actionPerformed,57,12,Default task
2021-11-14T19:29:48.331+09:00,user,IdeState,Active,10,Editor,C:/Users/user/IdeaProjects/10/src/button/ButtonView.java,ButtonView::actionPerformed,57,12,Default task
2021-11-14T19:29:49.333+09:00,user,IdeState,Active,10,Editor,C:/Users/user/IdeaProjects/10/src/button/ButtonView.java,ButtonView::actionPerformed,57,15,Default task
2021-11-14T19:29:50.349+09:00,user,IdeState,Active,10,Editor,C:/Users/user/IdeaProjects/10/src/button/ButtonView.java,ButtonView::actionPerformed,57,26,Default task
2021-11-14T19:29:51.353+09:00,user,IdeState,Active,10,Editor,C:/Users/user/IdeaProjects/10/src/button/ButtonView.java,ButtonView::actionPerformed,57,30,Default task
2021-11-14T19:29:52.369+09:00,user,IdeState,Active,10,Editor,C:/Users/user/IdeaProjects/10/src/button/ButtonView.java,ButtonView::actionPerformed,57,32,Default task
2021-11-14T19:29:53.374+09:00,user,IdeState,Active,10,Editor,C:/Users/user/IdeaProjects/10/src/button/ButtonView.java,ButtonView::actionPerformed,58,13,Default task
2021-11-14T19:29:54.378+09:00,user,IdeState,Active,10,Editor,C:/Users/user/IdeaProjects/10/src/button/ButtonView.java,ButtonView::actionPerformed,58,13,Default task
2021-11-14T19:29:55.383+09:00,user,IdeState,Active,10,Editor,C:/Users/user/IdeaProjects/10/src/button/ButtonView.java,ButtonView::actionPerformed,58,16,Default task
2021-11-14T19:29:56.387+09:00,user,IdeState,Active,10,Editor,C:/Users/user/IdeaProjects/10/src/button/ButtonView.java,ButtonView::actionPerformed,58,26,Default task
2021-11-14T19:29:57.405+09:00,user,IdeState,Active,10,Editor,C:/Users/user/IdeaProjects/10/src/button/ButtonView.java,ButtonView::actionPerformed,58,30,Default task
2021-11-14T19:29:58.409+09:00,user,IdeState,Active,10,Editor,C:/Users/user/IdeaProjects/10/src/button/ButtonView.java,ButtonView::actionPerformed,58,28,Default task
2021-11-14T19:29:59.412+09:00,user,IdeState,Active,10,Editor,C:/Users/user/IdeaProjects/10/src/button/ButtonView.java,ButtonView::actionPerformed,58,28,Default task
2021-11-14T19:30:00.421+09:00,user,IdeState,Active,10,Editor,C:/Users/user/IdeaProjects/10/src/button/ButtonView.java,ButtonView::actionPerformed,58,31,Default task
2021-11-14T19:30:01.435+09:00,user,IdeState,Active,10,Editor,C:/Users/user/IdeaProjects/10/src/button/ButtonView.java,ButtonView::actionPerformed,59,13,Default task
2021-11-14T19:30:02.469+09:00,user,IdeState,Active,10,Editor,C:/Users/user/IdeaProjects/10/src/button/ButtonView.java,ButtonView::actionPerformed,59,17,Default task
2021-11-14T19:30:03.483+09:00,user,IdeState,Active,10,Editor,C:/Users/user/IdeaProjects/10/src/button/ButtonView.java,ButtonView::actionPerformed,59,27,Default task
2021-11-14T19:30:04.495+09:00,user,IdeState,Active,10,Editor,C:/Users/user/IdeaProjects/10/src/button/ButtonView.java,ButtonView::actionPerformed,59,31,Default task
2021-11-14T19:30:05.497+09:00,user,IdeState,Active,10,Editor,C:/Users/user/IdeaProjects/10/src/button/ButtonView.java,ButtonView::actionPerformed,59,31,Default task
2021-11-14T19:30:06.498+09:00,user,IdeState,Active,10,Editor,C:/Users/user/IdeaProjects/10/src/button/ButtonView.java,ButtonView::actionPerformed,59,31,Default task
2021-11-14T19:30:07.499+09:00,user,IdeState,Active,10,Editor,C:/Users/user/IdeaProjects/10/src/button/ButtonView.java,ButtonView::actionPerformed,59,31,Default task
2021-11-14T19:30:08.519+09:00,user,IdeState,Active,10,Editor,C:/Users/user/IdeaProjects/10/src/button/ButtonView.java,ButtonView::actionPerformed,59,31,Default task
2021-11-14T19:30:09.532+09:00,user,IdeState,Active,10,Editor,C:/Users/user/IdeaProjects/10/src/button/ButtonView.java,,10,15,Default task
2021-11-14T19:30:10.546+09:00,user,IdeState,Active,10,Editor,C:/Users/user/IdeaProjects/10/src/button/ButtonView.java,,10,15,Default task
2021-11-14T19:30:11.550+09:00,user,IdeState,Active,10,Editor,C:/Users/user/IdeaProjects/10/src/button/SwingButtonTest.java,,12,5,Default task
2021-11-14T19:30:12.561+09:00,user,IdeState,Active,10,Editor,C:/Users/user/IdeaProjects/10/src/button/SwingButtonTest.java,,12,5,Default task
2021-11-14T19:30:13.575+09:00,user,IdeState,Active,10,Popup,C:/Users/user/IdeaProjects/10/src/button/SwingButtonTest.java,,12,5,Default task
2021-11-14T19:30:14.590+09:00,user,IdeState,Active,10,Popup,C:/Users/user/IdeaProjects/10/src/button/SwingButtonTest.java,,12,5,Default task
2021-11-14T19:30:15.592+09:00,user,IdeState,Active,10,Popup,C:/Users/user/IdeaProjects/10/src/button/SwingButtonTest.java,,12,5,Default task
2021-11-14T19:30:16.607+09:00,user,IdeState,Active,10,Editor,C:/Users/user/IdeaProjects/10/src/button/SwingButtonTest.java,,12,5,Default task
2021-11-14T19:30:17.619+09:00,user,IdeState,Active,10,Editor,C:/Users/user/IdeaProjects/10/src/button/SwingButtonTest.java,,12,5,Default task
2021-11-14T19:30:18.630+09:00,user,IdeState,Active,10,Editor,C:/Users/user/IdeaProjects/10/src/button/SwingButtonTest.java,,12,5,Default task
2021-11-14T19:30:19.641+09:00,user,IdeState,Inactive,,,,,-1,-1,
2021-11-14T19:30:20.652+09:00,user,IdeState,Inactive,,,,,-1,-1,
2021-11-14T19:30:21.655+09:00,user,IdeState,Inactive,,,,,-1,-1,
2021-11-14T19:30:22.661+09:00,user,IdeState,Inactive,,,,,-1,-1,
2021-11-14T19:30:23.663+09:00,user,IdeState,Inactive,,,,,-1,-1,
2021-11-14T19:30:24.675+09:00,user,IdeState,Inactive,,,,,-1,-1,
2021-11-14T19:30:25.677+09:00,user,IdeState,Active,10,Editor,C:/Users/user/IdeaProjects/10/src/button/SwingButtonTest.java,,12,5,Default task
2021-11-14T19:30:26.694+09:00,user,IdeState,Active,10,Popup,C:/Users/user/IdeaProjects/10/src/button/SwingButtonTest.java,,12,5,Default task
2021-11-14T19:30:27.709+09:00,user,IdeState,Active,10,Popup,C:/Users/user/IdeaProjects/10/src/button/SwingButtonTest.java,,12,5,Default task
