2021-10-13T12:46:32.011+09:00,user,IdeState,Active,Interface,Editor,C:/Users/user/IdeaProjects/Interface/src/Rectangle.java,,0,0,Default task
2021-10-13T12:46:33.026+09:00,user,IdeState,Active,Interface,Editor,C:/Users/user/IdeaProjects/Interface/src/Rectangle.java,,0,0,Default task
2021-10-13T12:46:34.037+09:00,user,IdeState,Active,Interface,Editor,C:/Users/user/IdeaProjects/Interface/src/Rectangle.java,,0,2,Default task
2021-10-13T12:46:35.042+09:00,user,IdeState,Active,Interface,Editor,C:/Users/user/IdeaProjects/Interface/src/Rectangle.java,,0,8,Default task
2021-10-13T12:46:36.043+09:00,user,IdeState,Active,Interface,Editor,C:/Users/user/IdeaProjects/Interface/src/Rectangle.java,,0,23,Default task
2021-10-13T12:46:37.049+09:00,user,IdeState,Active,Interface,Editor,C:/Users/user/IdeaProjects/Interface/src/Rectangle.java,,0,24,Default task
2021-10-13T12:46:38.051+09:00,user,IdeState,Active,Interface,Editor,C:/Users/user/IdeaProjects/Interface/src/Rectangle.java,,0,34,Default task
2021-10-13T12:46:39.057+09:00,user,IdeState,Active,Interface,Editor,C:/Users/user/IdeaProjects/Interface/src/Rectangle.java,,0,36,Default task
2021-10-13T12:46:40.058+09:00,user,IdeState,Active,Interface,Editor,C:/Users/user/IdeaProjects/Interface/src/Rectangle.java,,0,47,Default task
2021-10-13T12:46:41.063+09:00,user,IdeState,Active,Interface,Editor,C:/Users/user/IdeaProjects/Interface/src/Rectangle.java,,1,4,Default task
2021-10-13T12:46:42.063+09:00,user,IdeState,Active,Interface,Editor,C:/Users/user/IdeaProjects/Interface/src/Rectangle.java,,1,15,Default task
2021-10-13T12:46:43.068+09:00,user,IdeState,Active,Interface,Editor,C:/Users/user/IdeaProjects/Interface/src/Rectangle.java,,1,14,Default task
2021-10-13T12:46:44.073+09:00,user,IdeState,Active,Interface,Editor,C:/Users/user/IdeaProjects/Interface/src/Rectangle.java,,1,16,Default task
2021-10-13T12:46:45.083+09:00,user,IdeState,Active,Interface,Editor,C:/Users/user/IdeaProjects/Interface/src/Rectangle.java,,1,19,Default task
2021-10-13T12:46:46.091+09:00,user,IdeState,Active,Interface,Editor,C:/Users/user/IdeaProjects/Interface/src/Rectangle.java,,1,23,Default task
2021-10-13T12:46:47.094+09:00,user,IdeState,Active,Interface,Editor,C:/Users/user/IdeaProjects/Interface/src/Rectangle.java,,1,25,Default task
2021-10-13T12:46:48.095+09:00,user,IdeState,Active,Interface,Editor,C:/Users/user/IdeaProjects/Interface/src/Rectangle.java,,1,30,Default task
2021-10-13T12:46:49.096+09:00,user,IdeState,Active,Interface,Editor,C:/Users/user/IdeaProjects/Interface/src/Rectangle.java,,1,34,Default task
2021-10-13T12:46:50.104+09:00,user,IdeState,Active,Interface,Editor,C:/Users/user/IdeaProjects/Interface/src/Rectangle.java,,1,34,Default task
2021-10-13T12:46:51.111+09:00,user,IdeState,Active,Interface,Editor,C:/Users/user/IdeaProjects/Interface/src/Rectangle.java,,1,35,Default task
2021-10-13T12:46:52.119+09:00,user,IdeState,Active,Interface,Editor,C:/Users/user/IdeaProjects/Interface/src/Rectangle.java,,3,4,Default task
2021-10-13T12:46:53.123+09:00,user,IdeState,Active,Interface,Editor,C:/Users/user/IdeaProjects/Interface/src/Rectangle.java,,3,11,Default task
2021-10-13T12:46:54.126+09:00,user,IdeState,Active,Interface,Editor,C:/Users/user/IdeaProjects/Interface/src/Rectangle.java,,3,13,Default task
2021-10-13T12:46:55.138+09:00,user,IdeState,Active,Interface,Editor,C:/Users/user/IdeaProjects/Interface/src/Rectangle.java,,3,11,Default task
2021-10-13T12:46:56.143+09:00,user,IdeState,Active,Interface,Editor,C:/Users/user/IdeaProjects/Interface/src/Rectangle.java,,3,14,Default task
2021-10-13T12:46:57.149+09:00,user,IdeState,Active,Interface,Editor,C:/Users/user/IdeaProjects/Interface/src/Rectangle.java,,3,20,Default task
2021-10-13T12:46:58.152+09:00,user,IdeState,Active,Interface,Editor,C:/Users/user/IdeaProjects/Interface/src/Rectangle.java,,3,21,Default task
2021-10-13T12:46:59.159+09:00,user,IdeState,Active,Interface,Editor,C:/Users/user/IdeaProjects/Interface/src/Rectangle.java,,3,19,Default task
2021-10-13T12:47:00.163+09:00,user,IdeState,Active,Interface,Editor,C:/Users/user/IdeaProjects/Interface/src/Rectangle.java,,3,20,Default task
2021-10-13T12:47:01.164+09:00,user,IdeState,Active,Interface,Editor,C:/Users/user/IdeaProjects/Interface/src/Rectangle.java,Rectangle::Rectangle,3,25,Default task
2021-10-13T12:47:02.170+09:00,user,IdeState,Active,Interface,Editor,C:/Users/user/IdeaProjects/Interface/src/Rectangle.java,Rectangle::Rectangle,3,26,Default task
2021-10-13T12:47:03.172+09:00,user,IdeState,Active,Interface,Editor,C:/Users/user/IdeaProjects/Interface/src/Rectangle.java,Rectangle::Rectangle,3,26,Default task
2021-10-13T12:47:04.174+09:00,user,IdeState,Active,Interface,Editor,C:/Users/user/IdeaProjects/Interface/src/Rectangle.java,Rectangle::Rectangle,3,30,Default task
2021-10-13T12:47:05.186+09:00,user,IdeState,Active,Interface,Editor,C:/Users/user/IdeaProjects/Interface/src/Rectangle.java,Rectangle::Rectangle,3,36,Default task
2021-10-13T12:47:06.193+09:00,user,IdeState,Active,Interface,Editor,C:/Users/user/IdeaProjects/Interface/src/Rectangle.java,Rectangle::Rectangle,3,42,Default task
2021-10-13T12:47:07.194+09:00,user,IdeState,Active,Interface,Editor,C:/Users/user/IdeaProjects/Interface/src/Rectangle.java,,3,44,Default task
2021-10-13T12:47:08.209+09:00,user,IdeState,Active,Interface,Editor,C:/Users/user/IdeaProjects/Interface/src/Rectangle.java,,4,4,Default task
2021-10-13T12:47:09.211+09:00,user,IdeState,Active,Interface,Editor,C:/Users/user/IdeaProjects/Interface/src/Rectangle.java,,4,8,Default task
2021-10-13T12:47:10.217+09:00,user,IdeState,Active,Interface,Editor,C:/Users/user/IdeaProjects/Interface/src/Rectangle.java,,4,12,Default task
2021-10-13T12:47:11.220+09:00,user,IdeState,Active,Interface,Editor,C:/Users/user/IdeaProjects/Interface/src/Rectangle.java,,4,17,Default task
2021-10-13T12:47:12.236+09:00,user,IdeState,Active,Interface,Editor,C:/Users/user/IdeaProjects/Interface/src/Rectangle.java,,4,18,Default task
2021-10-13T12:47:13.260+09:00,user,IdeState,Active,Interface,Editor,C:/Users/user/IdeaProjects/Interface/src/Rectangle.java,,4,20,Default task
2021-10-13T12:47:14.270+09:00,user,IdeState,Active,Interface,Editor,C:/Users/user/IdeaProjects/Interface/src/Rectangle.java,,4,22,Default task
2021-10-13T12:47:15.277+09:00,user,IdeState,Active,Interface,Editor,C:/Users/user/IdeaProjects/Interface/src/Rectangle.java,,4,27,Default task
2021-10-13T12:47:16.281+09:00,user,IdeState,Active,Interface,Editor,C:/Users/user/IdeaProjects/Interface/src/Rectangle.java,,4,30,Default task
2021-10-13T12:47:17.285+09:00,user,IdeState,Active,Interface,Editor,C:/Users/user/IdeaProjects/Interface/src/Rectangle.java,,4,31,Default task
2021-10-13T12:47:18.301+09:00,user,IdeState,Active,Interface,Editor,C:/Users/user/IdeaProjects/Interface/src/Rectangle.java,,4,35,Default task
2021-10-13T12:47:19.306+09:00,user,IdeState,Active,Interface,Editor,C:/Users/user/IdeaProjects/Interface/src/Rectangle.java,,4,37,Default task
2021-10-13T12:47:20.320+09:00,user,IdeState,Active,Interface,Editor,C:/Users/user/IdeaProjects/Interface/src/Rectangle.java,,4,26,Default task
2021-10-13T12:47:21.324+09:00,user,IdeState,Active,Interface,Editor,C:/Users/user/IdeaProjects/Interface/src/Rectangle.java,,4,27,Default task
2021-10-13T12:47:22.330+09:00,user,IdeState,Active,Interface,Editor,C:/Users/user/IdeaProjects/Interface/src/Rectangle.java,,4,29,Default task
2021-10-13T12:47:23.345+09:00,user,IdeState,Active,Interface,Editor,C:/Users/user/IdeaProjects/Interface/src/Rectangle.java,,4,32,Default task
2021-10-13T12:47:24.352+09:00,user,IdeState,Active,Interface,Editor,C:/Users/user/IdeaProjects/Interface/src/Rectangle.java,,4,38,Default task
2021-10-13T12:47:25.354+09:00,user,IdeState,Active,Interface,Editor,C:/Users/user/IdeaProjects/Interface/src/Rectangle.java,,4,40,Default task
2021-10-13T12:47:26.369+09:00,user,IdeState,Active,Interface,Editor,C:/Users/user/IdeaProjects/Interface/src/Rectangle.java,,4,45,Default task
2021-10-13T12:47:27.371+09:00,user,IdeState,Active,Interface,Editor,C:/Users/user/IdeaProjects/Interface/src/Rectangle.java,,4,45,Default task
2021-10-13T12:47:28.377+09:00,user,IdeState,Active,Interface,Editor,C:/Users/user/IdeaProjects/Interface/src/Rectangle.java,,5,1,Default task
2021-10-13T12:47:29.393+09:00,user,IdeState,Active,Interface,Editor,C:/Users/user/IdeaProjects/Interface/src/Rectangle.java,,4,45,Default task
2021-10-13T12:47:30.397+09:00,user,IdeState,Active,Interface,Editor,C:/Users/user/IdeaProjects/Interface/src/Rectangle.java,,4,45,Default task
2021-10-13T12:47:31.401+09:00,user,IdeState,Active,Interface,Editor,C:/Users/user/IdeaProjects/Interface/src/Rectangle.java,,3,43,Default task
2021-10-13T12:47:32.408+09:00,user,IdeState,Active,Interface,Editor,C:/Users/user/IdeaProjects/Interface/src/Rectangle.java,Rectangle::Rectangle,3,44,Default task
2021-10-13T12:47:33.410+09:00,user,IdeState,Active,Interface,Editor,C:/Users/user/IdeaProjects/Interface/src/Rectangle.java,Rectangle::Rectangle,3,44,Default task
2021-10-13T12:47:34.426+09:00,user,IdeState,Active,Interface,Editor,C:/Users/user/IdeaProjects/Interface/src/Rectangle.java,Rectangle::Rectangle,4,0,Default task
2021-10-13T12:47:35.431+09:00,user,IdeState,Active,Interface,Editor,C:/Users/user/IdeaProjects/Interface/src/Rectangle.java,Rectangle::Rectangle,4,1,Default task
2021-10-13T12:47:36.436+09:00,user,IdeState,Active,Interface,Editor,C:/Users/user/IdeaProjects/Interface/src/Rectangle.java,,6,0,Default task
2021-10-13T12:47:37.441+09:00,user,IdeState,Active,Interface,Editor,C:/Users/user/IdeaProjects/Interface/src/Rectangle.java,,7,1,Default task
2021-10-13T12:47:38.445+09:00,user,IdeState,Active,Interface,Editor,C:/Users/user/IdeaProjects/Interface/src/Rectangle.java,,7,1,Default task
2021-10-13T12:47:39.445+09:00,user,IdeState,Active,Interface,Editor,C:/Users/user/IdeaProjects/Interface/src/Rectangle.java,,6,5,Default task
2021-10-13T12:47:40.451+09:00,user,IdeState,Active,Interface,Editor,C:/Users/user/IdeaProjects/Interface/src/Rectangle.java,,8,4,Default task
2021-10-13T12:47:41.457+09:00,user,IdeState,Active,Interface,Editor,C:/Users/user/IdeaProjects/Interface/src/Rectangle.java,,8,8,Default task
2021-10-13T12:47:42.479+09:00,user,IdeState,Active,Interface,Editor,C:/Users/user/IdeaProjects/Interface/src/Rectangle.java,,8,11,Default task
2021-10-13T12:47:43.482+09:00,user,IdeState,Active,Interface,Editor,C:/Users/user/IdeaProjects/Interface/src/Rectangle.java,,8,15,Default task
2021-10-13T12:47:44.486+09:00,user,IdeState,Active,Interface,Editor,C:/Users/user/IdeaProjects/Interface/src/Rectangle.java,,8,17,Default task
2021-10-13T12:47:45.490+09:00,user,IdeState,Active,Interface,Editor,C:/Users/user/IdeaProjects/Interface/src/Rectangle.java,,8,19,Default task
2021-10-13T12:47:46.505+09:00,user,IdeState,Active,Interface,Editor,C:/Users/user/IdeaProjects/Interface/src/Rectangle.java,,8,22,Default task
2021-10-13T12:47:47.507+09:00,user,IdeState,Active,Interface,Editor,C:/Users/user/IdeaProjects/Interface/src/Rectangle.java,,8,24,Default task
2021-10-13T12:47:48.510+09:00,user,IdeState,Active,Interface,Editor,C:/Users/user/IdeaProjects/Interface/src/Rectangle.java,Rectangle::compareTo,8,25,Default task
2021-10-13T12:47:49.515+09:00,user,IdeState,Active,Interface,Editor,C:/Users/user/IdeaProjects/Interface/src/Rectangle.java,Rectangle::compareTo,8,25,Default task
2021-10-13T12:47:50.521+09:00,user,IdeState,Active,Interface,Editor,C:/Users/user/IdeaProjects/Interface/src/Rectangle.java,Rectangle::compareTo,8,27,Default task
2021-10-13T12:47:51.525+09:00,user,IdeState,Active,Interface,Editor,C:/Users/user/IdeaProjects/Interface/src/Rectangle.java,Rectangle::compareTo,8,34,Default task
2021-10-13T12:47:52.529+09:00,user,IdeState,Active,Interface,Editor,C:/Users/user/IdeaProjects/Interface/src/Rectangle.java,,8,38,Default task
2021-10-13T12:47:53.531+09:00,user,IdeState,Active,Interface,Editor,C:/Users/user/IdeaProjects/Interface/src/Rectangle.java,Rectangle::compareTo,9,8,Default task
2021-10-13T12:47:54.548+09:00,user,IdeState,Active,Interface,Editor,C:/Users/user/IdeaProjects/Interface/src/Rectangle.java,Rectangle::compareTo,9,10,Default task
2021-10-13T12:47:55.555+09:00,user,IdeState,Active,Interface,Editor,C:/Users/user/IdeaProjects/Interface/src/Rectangle.java,Rectangle::compareTo,9,11,Default task
2021-10-13T12:47:56.556+09:00,user,IdeState,Active,Interface,Editor,C:/Users/user/IdeaProjects/Interface/src/Rectangle.java,Rectangle::compareTo,9,12,Default task
2021-10-13T12:47:57.570+09:00,user,IdeState,Active,Interface,Editor,C:/Users/user/IdeaProjects/Interface/src/Rectangle.java,Rectangle::compareTo,9,13,Default task
2021-10-13T12:47:58.585+09:00,user,IdeState,Active,Interface,Editor,C:/Users/user/IdeaProjects/Interface/src/Rectangle.java,Rectangle::compareTo,9,19,Default task
2021-10-13T12:47:59.595+09:00,user,IdeState,Active,Interface,Editor,C:/Users/user/IdeaProjects/Interface/src/Rectangle.java,Rectangle::compareTo,9,21,Default task
2021-10-13T12:48:00.599+09:00,user,IdeState,Active,Interface,Editor,C:/Users/user/IdeaProjects/Interface/src/Rectangle.java,Rectangle::compareTo,9,22,Default task
2021-10-13T12:48:01.604+09:00,user,IdeState,Active,Interface,Editor,C:/Users/user/IdeaProjects/Interface/src/Rectangle.java,Rectangle::compareTo,9,30,Default task
2021-10-13T12:48:02.610+09:00,user,IdeState,Active,Interface,Editor,C:/Users/user/IdeaProjects/Interface/src/Rectangle.java,Rectangle::compareTo,9,32,Default task
2021-10-13T12:48:03.615+09:00,user,IdeState,Active,Interface,Editor,C:/Users/user/IdeaProjects/Interface/src/Rectangle.java,Rectangle::compareTo,9,39,Default task
2021-10-13T12:48:04.631+09:00,user,IdeState,Active,Interface,Editor,C:/Users/user/IdeaProjects/Interface/src/Rectangle.java,Rectangle::compareTo,9,40,Default task
2021-10-13T12:48:05.647+09:00,user,IdeState,Active,Interface,Editor,C:/Users/user/IdeaProjects/Interface/src/Rectangle.java,Rectangle::compareTo,10,14,Default task
2021-10-13T12:48:06.661+09:00,user,IdeState,Active,Interface,Editor,C:/Users/user/IdeaProjects/Interface/src/Rectangle.java,Rectangle::compareTo,10,19,Default task
2021-10-13T12:48:07.678+09:00,user,IdeState,Active,Interface,Editor,C:/Users/user/IdeaProjects/Interface/src/Rectangle.java,Rectangle::compareTo,11,8,Default task
2021-10-13T12:48:08.684+09:00,user,IdeState,Active,Interface,Editor,C:/Users/user/IdeaProjects/Interface/src/Rectangle.java,Rectangle::compareTo,11,9,Default task
2021-10-13T12:48:09.689+09:00,user,IdeState,Active,Interface,Editor,C:/Users/user/IdeaProjects/Interface/src/Rectangle.java,Rectangle::compareTo,11,9,Default task
2021-10-13T12:48:10.700+09:00,user,IdeState,Active,Interface,Editor,C:/Users/user/IdeaProjects/Interface/src/Rectangle.java,Rectangle::compareTo,11,9,Default task
2021-10-13T12:48:11.714+09:00,user,IdeState,Active,Interface,Editor,C:/Users/user/IdeaProjects/Interface/src/Rectangle.java,Rectangle::compareTo,11,10,Default task
2021-10-13T12:48:12.729+09:00,user,IdeState,Active,Interface,Editor,C:/Users/user/IdeaProjects/Interface/src/Rectangle.java,Rectangle::compareTo,11,17,Default task
2021-10-13T12:48:13.741+09:00,user,IdeState,Active,Interface,Editor,C:/Users/user/IdeaProjects/Interface/src/Rectangle.java,Rectangle::compareTo,11,18,Default task
2021-10-13T12:48:14.742+09:00,user,IdeState,Active,Interface,Editor,C:/Users/user/IdeaProjects/Interface/src/Rectangle.java,Rectangle::compareTo,11,23,Default task
2021-10-13T12:48:15.744+09:00,user,IdeState,Active,Interface,Editor,C:/Users/user/IdeaProjects/Interface/src/Rectangle.java,Rectangle::compareTo,11,26,Default task
2021-10-13T12:48:16.746+09:00,user,IdeState,Active,Interface,Editor,C:/Users/user/IdeaProjects/Interface/src/Rectangle.java,Rectangle::compareTo,11,25,Default task
2021-10-13T12:48:17.750+09:00,user,IdeState,Active,Interface,Editor,C:/Users/user/IdeaProjects/Interface/src/Rectangle.java,Rectangle::compareTo,11,32,Default task
2021-10-13T12:48:18.766+09:00,user,IdeState,Active,Interface,Editor,C:/Users/user/IdeaProjects/Interface/src/Rectangle.java,Rectangle::compareTo,11,31,Default task
2021-10-13T12:48:19.766+09:00,user,IdeState,Active,Interface,Editor,C:/Users/user/IdeaProjects/Interface/src/Rectangle.java,Rectangle::compareTo,11,32,Default task
2021-10-13T12:48:20.767+09:00,user,IdeState,Active,Interface,Editor,C:/Users/user/IdeaProjects/Interface/src/Rectangle.java,Rectangle::compareTo,11,32,Default task
2021-10-13T12:48:21.773+09:00,user,IdeState,Active,Interface,Editor,C:/Users/user/IdeaProjects/Interface/src/Rectangle.java,Rectangle::compareTo,11,35,Default task
2021-10-13T12:48:22.777+09:00,user,IdeState,Active,Interface,Editor,C:/Users/user/IdeaProjects/Interface/src/Rectangle.java,Rectangle::compareTo,11,36,Default task
2021-10-13T12:48:23.782+09:00,user,IdeState,Active,Interface,Editor,C:/Users/user/IdeaProjects/Interface/src/Rectangle.java,Rectangle::compareTo,11,39,Default task
2021-10-13T12:48:24.797+09:00,user,IdeState,Active,Interface,Editor,C:/Users/user/IdeaProjects/Interface/src/Rectangle.java,Rectangle::compareTo,11,48,Default task
2021-10-13T12:48:25.804+09:00,user,IdeState,Active,Interface,Editor,C:/Users/user/IdeaProjects/Interface/src/Rectangle.java,Rectangle::compareTo,11,48,Default task
2021-10-13T12:48:26.818+09:00,user,IdeState,Active,Interface,Editor,C:/Users/user/IdeaProjects/Interface/src/Rectangle.java,Rectangle::compareTo,11,52,Default task
2021-10-13T12:48:27.821+09:00,user,IdeState,Active,Interface,Editor,C:/Users/user/IdeaProjects/Interface/src/Rectangle.java,Rectangle::compareTo,11,53,Default task
2021-10-13T12:48:28.825+09:00,user,IdeState,Active,Interface,Editor,C:/Users/user/IdeaProjects/Interface/src/Rectangle.java,Rectangle::compareTo,13,8,Default task
2021-10-13T12:48:29.834+09:00,user,IdeState,Active,Interface,Editor,C:/Users/user/IdeaProjects/Interface/src/Rectangle.java,Rectangle::compareTo,13,12,Default task
2021-10-13T12:48:30.837+09:00,user,IdeState,Active,Interface,Editor,C:/Users/user/IdeaProjects/Interface/src/Rectangle.java,Rectangle::compareTo,13,12,Default task
2021-10-13T12:48:31.840+09:00,user,IdeState,Active,Interface,Editor,C:/Users/user/IdeaProjects/Interface/src/Rectangle.java,Rectangle::compareTo,13,14,Default task
2021-10-13T12:48:32.843+09:00,user,IdeState,Active,Interface,Editor,C:/Users/user/IdeaProjects/Interface/src/Rectangle.java,Rectangle::compareTo,13,18,Default task
2021-10-13T12:48:33.846+09:00,user,IdeState,Active,Interface,Editor,C:/Users/user/IdeaProjects/Interface/src/Rectangle.java,Rectangle::compareTo,13,21,Default task
2021-10-13T12:48:34.852+09:00,user,IdeState,Active,Interface,Editor,C:/Users/user/IdeaProjects/Interface/src/Rectangle.java,Rectangle::compareTo,13,23,Default task
2021-10-13T12:48:35.854+09:00,user,IdeState,Active,Interface,Editor,C:/Users/user/IdeaProjects/Interface/src/Rectangle.java,Rectangle::compareTo,13,27,Default task
2021-10-13T12:48:36.859+09:00,user,IdeState,Active,Interface,Editor,C:/Users/user/IdeaProjects/Interface/src/Rectangle.java,Rectangle::compareTo,14,8,Default task
2021-10-13T12:48:37.862+09:00,user,IdeState,Active,Interface,Editor,C:/Users/user/IdeaProjects/Interface/src/Rectangle.java,Rectangle::compareTo,14,11,Default task
2021-10-13T12:48:38.867+09:00,user,IdeState,Active,Interface,Editor,C:/Users/user/IdeaProjects/Interface/src/Rectangle.java,Rectangle::compareTo,14,15,Default task
2021-10-13T12:48:39.868+09:00,user,IdeState,Active,Interface,Editor,C:/Users/user/IdeaProjects/Interface/src/Rectangle.java,Rectangle::compareTo,14,15,Default task
2021-10-13T12:48:40.872+09:00,user,IdeState,Active,Interface,Editor,C:/Users/user/IdeaProjects/Interface/src/Rectangle.java,Rectangle::compareTo,14,15,Default task
2021-10-13T12:48:41.887+09:00,user,IdeState,Active,Interface,Editor,C:/Users/user/IdeaProjects/Interface/src/Rectangle.java,Rectangle::compareTo,14,15,Default task
2021-10-13T12:48:42.902+09:00,user,IdeState,Active,Interface,Editor,C:/Users/user/IdeaProjects/Interface/src/Rectangle.java,,6,5,Default task
2021-10-13T12:48:43.911+09:00,user,IdeState,Active,Interface,Editor,C:/Users/user/IdeaProjects/Interface/src/Rectangle.java,,8,6,Default task
2021-10-13T12:48:44.915+09:00,user,IdeState,Active,Interface,Editor,C:/Users/user/IdeaProjects/Interface/src/Rectangle.java,,8,12,Default task
2021-10-13T12:48:45.916+09:00,user,IdeState,Active,Interface,Editor,C:/Users/user/IdeaProjects/Interface/src/Rectangle.java,,8,17,Default task
2021-10-13T12:48:46.920+09:00,user,IdeState,Active,Interface,Editor,C:/Users/user/IdeaProjects/Interface/src/Rectangle.java,,8,22,Default task
2021-10-13T12:48:47.925+09:00,user,IdeState,Active,Interface,Editor,C:/Users/user/IdeaProjects/Interface/src/Rectangle.java,,8,24,Default task
2021-10-13T12:48:48.927+09:00,user,IdeState,Active,Interface,Editor,C:/Users/user/IdeaProjects/Interface/src/Rectangle.java,Rectangle::getArea,9,8,Default task
2021-10-13T12:48:49.941+09:00,user,IdeState,Active,Interface,Editor,C:/Users/user/IdeaProjects/Interface/src/Rectangle.java,Rectangle::getArea,9,12,Default task
2021-10-13T12:48:50.956+09:00,user,IdeState,Active,Interface,Editor,C:/Users/user/IdeaProjects/Interface/src/Rectangle.java,Rectangle::getArea,9,17,Default task
2021-10-13T12:48:51.957+09:00,user,IdeState,Active,Interface,Editor,C:/Users/user/IdeaProjects/Interface/src/Rectangle.java,Rectangle::getArea,9,20,Default task
2021-10-13T12:48:52.958+09:00,user,IdeState,Active,Interface,Editor,C:/Users/user/IdeaProjects/Interface/src/Rectangle.java,Rectangle::getArea,9,21,Default task
2021-10-13T12:48:53.965+09:00,user,IdeState,Active,Interface,Editor,C:/Users/user/IdeaProjects/Interface/src/Rectangle.java,Rectangle::getArea,9,22,Default task
2021-10-13T12:48:54.966+09:00,user,IdeState,Active,Interface,Editor,C:/Users/user/IdeaProjects/Interface/src/Rectangle.java,Rectangle::getArea,9,21,Default task
2021-10-13T12:48:55.968+09:00,user,IdeState,Active,Interface,Editor,C:/Users/user/IdeaProjects/Interface/src/Rectangle.java,Rectangle::getArea,9,27,Default task
2021-10-13T12:48:56.980+09:00,user,IdeState,Active,Interface,Editor,C:/Users/user/IdeaProjects/Interface/src/Rectangle.java,Rectangle::getArea,10,9,Default task
2021-10-13T12:48:57.994+09:00,user,IdeState,Active,Interface,Editor,C:/Users/user/IdeaProjects/Interface/src/Rectangle.java,Rectangle::getArea,10,19,Default task
2021-10-13T12:48:58.998+09:00,user,IdeState,Active,Interface,Editor,C:/Users/user/IdeaProjects/Interface/src/Rectangle.java,Rectangle::getArea,10,20,Default task
2021-10-13T12:48:59.999+09:00,user,IdeState,Active,Interface,Editor,C:/Users/user/IdeaProjects/Interface/src/Rectangle.java,Rectangle::getArea,10,20,Default task
2021-10-13T12:49:01.015+09:00,user,IdeState,Active,Interface,Editor,C:/Users/user/IdeaProjects/Interface/src/Rectangle.java,Rectangle::compareTo,19,15,Default task
2021-10-13T12:49:02.020+09:00,user,IdeState,Active,Interface,Editor,C:/Users/user/IdeaProjects/Interface/src/Rectangle.java,Rectangle::compareTo,19,15,Default task
2021-10-13T12:49:03.035+09:00,user,IdeState,Active,Interface,Editor,C:/Users/user/IdeaProjects/Interface/src/Rectangle.java,Rectangle::compareTo,19,15,Default task
2021-10-13T12:49:04.035+09:00,user,IdeState,Active,Interface,Editor,C:/Users/user/IdeaProjects/Interface/src/Rectangle.java,Rectangle::compareTo,19,17,Default task
2021-10-13T12:49:05.040+09:00,user,IdeState,Active,Interface,Editor,C:/Users/user/IdeaProjects/Interface/src/Rectangle.java,Rectangle::compareTo,19,21,Default task
2021-10-13T12:49:06.049+09:00,user,IdeState,Active,Interface,Editor,C:/Users/user/IdeaProjects/Interface/src/Rectangle.java,Rectangle::compareTo,19,21,Default task
2021-10-13T12:49:07.055+09:00,user,IdeState,Active,Interface,Editor,C:/Users/user/IdeaProjects/Interface/src/Rectangle.java,Rectangle::compareTo,19,42,Default task
2021-10-13T12:49:08.070+09:00,user,IdeState,Active,Interface,Editor,C:/Users/user/IdeaProjects/Interface/src/Rectangle.java,Rectangle::compareTo,19,42,Default task
2021-10-13T12:49:09.071+09:00,user,IdeState,Active,Interface,Editor,C:/Users/user/IdeaProjects/Interface/src/Rectangle.java,Rectangle::compareTo,20,14,Default task
2021-10-13T12:49:10.085+09:00,user,IdeState,Active,Interface,Editor,C:/Users/user/IdeaProjects/Interface/src/Rectangle.java,Rectangle::compareTo,20,19,Default task
2021-10-13T12:49:11.101+09:00,user,IdeState,Active,Interface,Editor,C:/Users/user/IdeaProjects/Interface/src/Rectangle.java,Rectangle::compareTo,21,8,Default task
2021-10-13T12:49:12.117+09:00,user,IdeState,Active,Interface,Editor,C:/Users/user/IdeaProjects/Interface/src/Rectangle.java,Rectangle::compareTo,21,11,Default task
2021-10-13T12:49:13.121+09:00,user,IdeState,Active,Interface,Editor,C:/Users/user/IdeaProjects/Interface/src/Rectangle.java,Rectangle::compareTo,21,15,Default task
2021-10-13T12:49:14.124+09:00,user,IdeState,Active,Interface,Editor,C:/Users/user/IdeaProjects/Interface/src/Rectangle.java,Rectangle::compareTo,21,16,Default task
2021-10-13T12:49:15.134+09:00,user,IdeState,Active,Interface,Editor,C:/Users/user/IdeaProjects/Interface/src/Rectangle.java,Rectangle::compareTo,21,17,Default task
2021-10-13T12:49:16.138+09:00,user,IdeState,Active,Interface,Editor,C:/Users/user/IdeaProjects/Interface/src/Rectangle.java,Rectangle::compareTo,21,18,Default task
2021-10-13T12:49:17.139+09:00,user,IdeState,Active,Interface,Editor,C:/Users/user/IdeaProjects/Interface/src/Rectangle.java,Rectangle::compareTo,21,20,Default task
2021-10-13T12:49:18.143+09:00,user,IdeState,Active,Interface,Editor,C:/Users/user/IdeaProjects/Interface/src/Rectangle.java,Rectangle::compareTo,21,33,Default task
2021-10-13T12:49:19.158+09:00,user,IdeState,Active,Interface,Editor,C:/Users/user/IdeaProjects/Interface/src/Rectangle.java,Rectangle::compareTo,21,34,Default task
2021-10-13T12:49:20.173+09:00,user,IdeState,Active,Interface,Editor,C:/Users/user/IdeaProjects/Interface/src/Rectangle.java,Rectangle::compareTo,21,44,Default task
2021-10-13T12:49:21.179+09:00,user,IdeState,Active,Interface,Editor,C:/Users/user/IdeaProjects/Interface/src/Rectangle.java,Rectangle::compareTo,22,19,Default task
2021-10-13T12:49:22.183+09:00,user,IdeState,Active,Interface,Editor,C:/Users/user/IdeaProjects/Interface/src/Rectangle.java,Rectangle::compareTo,22,19,Default task
2021-10-13T12:49:23.189+09:00,user,IdeState,Active,Interface,Editor,C:/Users/user/IdeaProjects/Interface/src/Rectangle.java,Rectangle::compareTo,22,19,Default task
2021-10-13T12:49:24.190+09:00,user,IdeState,Active,Interface,Editor,C:/Users/user/IdeaProjects/Interface/src/Rectangle.java,Rectangle::compareTo,22,21,Default task
2021-10-13T12:49:25.207+09:00,user,IdeState,Active,Interface,Editor,C:/Users/user/IdeaProjects/Interface/src/Rectangle.java,Rectangle::compareTo,23,10,Default task
2021-10-13T12:49:26.221+09:00,user,IdeState,Active,Interface,Editor,C:/Users/user/IdeaProjects/Interface/src/Rectangle.java,Rectangle::compareTo,23,14,Default task
2021-10-13T12:49:27.222+09:00,user,IdeState,Active,Interface,Editor,C:/Users/user/IdeaProjects/Interface/src/Rectangle.java,Rectangle::compareTo,23,15,Default task
2021-10-13T12:49:28.225+09:00,user,IdeState,Active,Interface,Editor,C:/Users/user/IdeaProjects/Interface/src/Rectangle.java,Rectangle::compareTo,23,16,Default task
2021-10-13T12:49:29.233+09:00,user,IdeState,Active,Interface,Editor,C:/Users/user/IdeaProjects/Interface/src/Rectangle.java,Rectangle::compareTo,23,16,Default task
2021-10-13T12:49:30.235+09:00,user,IdeState,Active,Interface,Editor,C:/Users/user/IdeaProjects/Interface/src/Rectangle.java,Rectangle::compareTo,23,17,Default task
2021-10-13T12:49:31.241+09:00,user,IdeState,Active,Interface,Editor,C:/Users/user/IdeaProjects/Interface/src/Rectangle.java,Rectangle::compareTo,23,19,Default task
2021-10-13T12:49:32.243+09:00,user,IdeState,Active,Interface,Editor,C:/Users/user/IdeaProjects/Interface/src/Rectangle.java,Rectangle::compareTo,23,42,Default task
2021-10-13T12:49:33.245+09:00,user,IdeState,Active,Interface,Editor,C:/Users/user/IdeaProjects/Interface/src/Rectangle.java,Rectangle::compareTo,24,14,Default task
2021-10-13T12:49:34.252+09:00,user,IdeState,Active,Interface,Editor,C:/Users/user/IdeaProjects/Interface/src/Rectangle.java,Rectangle::compareTo,24,21,Default task
2021-10-13T12:49:35.254+09:00,user,IdeState,Active,Interface,Editor,C:/Users/user/IdeaProjects/Interface/src/Rectangle.java,Rectangle::compareTo,24,21,Default task
2021-10-13T12:49:36.259+09:00,user,IdeState,Active,Interface,Editor,C:/Users/user/IdeaProjects/Interface/src/Rectangle.java,Rectangle::compareTo,26,8,Default task
2021-10-13T12:49:37.275+09:00,user,IdeState,Active,Interface,Editor,C:/Users/user/IdeaProjects/Interface/src/Rectangle.java,Rectangle::compareTo,26,8,Default task
2021-10-13T12:49:38.290+09:00,user,IdeState,Active,Interface,Editor,C:/Users/user/IdeaProjects/Interface/src/Rectangle.java,Rectangle::compareTo,26,8,Default task
2021-10-13T12:49:39.305+09:00,user,IdeState,Active,Interface,Editor,C:/Users/user/IdeaProjects/Interface/src/Rectangle.java,Rectangle::compareTo,26,8,Default task
2021-10-13T12:49:40.306+09:00,user,IdeState,Active,Interface,Editor,C:/Users/user/IdeaProjects/Interface/src/Rectangle.java,Rectangle::compareTo,26,8,Default task
2021-10-13T12:49:41.308+09:00,user,IdeState,Active,Interface,Editor,C:/Users/user/IdeaProjects/Interface/src/Rectangle.java,Rectangle::compareTo,26,8,Default task
2021-10-13T12:49:42.312+09:00,user,IdeState,Active,Interface,Editor,C:/Users/user/IdeaProjects/Interface/src/Rectangle.java,Rectangle::compareTo,26,8,Default task
2021-10-13T12:49:43.314+09:00,user,IdeState,Active,Interface,Editor,C:/Users/user/IdeaProjects/Interface/src/Rectangle.java,Rectangle::compareTo,26,8,Default task
2021-10-13T12:49:44.330+09:00,user,IdeState,Active,Interface,Editor,C:/Users/user/IdeaProjects/Interface/src/Rectangle.java,Rectangle::compareTo,26,8,Default task
2021-10-13T12:49:45.341+09:00,user,IdeState,Active,Interface,Editor,C:/Users/user/IdeaProjects/Interface/src/Rectangle.java,Rectangle::compareTo,26,8,Default task
2021-10-13T12:49:46.354+09:00,user,IdeState,Active,Interface,Editor,C:/Users/user/IdeaProjects/Interface/src/Rectangle.java,Rectangle::compareTo,20,20,Default task
2021-10-13T12:49:47.370+09:00,user,IdeState,Active,Interface,Editor,C:/Users/user/IdeaProjects/Interface/src/Rectangle.java,Rectangle::compareTo,24,19,Default task
2021-10-13T12:49:48.373+09:00,user,IdeState,Active,Interface,Editor,C:/Users/user/IdeaProjects/Interface/src/Rectangle.java,Rectangle::compareTo,24,20,Default task
2021-10-13T12:49:49.376+09:00,user,IdeState,Active,Interface,Editor,C:/Users/user/IdeaProjects/Interface/src/Rectangle.java,Rectangle::compareTo,25,8,Default task
2021-10-13T12:49:50.381+09:00,user,IdeState,Active,Interface,Editor,C:/Users/user/IdeaProjects/Interface/src/Rectangle.java,,27,5,Default task
2021-10-13T12:49:51.396+09:00,user,IdeState,Active,Interface,Editor,C:/Users/user/IdeaProjects/Interface/src/Rectangle.java,Rectangle::compareTo,25,8,Default task
2021-10-13T12:49:52.397+09:00,user,IdeState,Active,Interface,Editor,C:/Users/user/IdeaProjects/Interface/src/Rectangle.java,Rectangle::compareTo,26,8,Default task
2021-10-13T12:49:53.400+09:00,user,IdeState,Active,Interface,Editor,C:/Users/user/IdeaProjects/Interface/src/Rectangle.java,Rectangle::compareTo,26,15,Default task
2021-10-13T12:49:54.414+09:00,user,IdeState,Active,Interface,Editor,C:/Users/user/IdeaProjects/Interface/src/Rectangle.java,Rectangle::compareTo,26,17,Default task
2021-10-13T12:49:55.428+09:00,user,IdeState,Active,Interface,Editor,C:/Users/user/IdeaProjects/Interface/src/Rectangle.java,Rectangle::compareTo,26,27,Default task
2021-10-13T12:49:56.429+09:00,user,IdeState,Active,Interface,Editor,C:/Users/user/IdeaProjects/Interface/src/Rectangle.java,Rectangle::compareTo,26,27,Default task
2021-10-13T12:49:57.440+09:00,user,IdeState,Active,Interface,Editor,C:/Users/user/IdeaProjects/Interface/src/Rectangle.java,Rectangle::compareTo,26,27,Default task
2021-10-13T12:49:58.454+09:00,user,IdeState,Active,Interface,Editor,C:/Users/user/IdeaProjects/Interface/src/Rectangle.java,,27,5,Default task
2021-10-13T12:49:59.459+09:00,user,IdeState,Active,Interface,Editor,C:/Users/user/IdeaProjects/Interface/src/Rectangle.java,,29,4,Default task
2021-10-13T12:50:00.474+09:00,user,IdeState,Active,Interface,Editor,C:/Users/user/IdeaProjects/Interface/src/Rectangle.java,,29,11,Default task
2021-10-13T12:50:01.477+09:00,user,IdeState,Active,Interface,Editor,C:/Users/user/IdeaProjects/Interface/src/Rectangle.java,,29,15,Default task
2021-10-13T12:50:02.478+09:00,user,IdeState,Active,Interface,Editor,C:/Users/user/IdeaProjects/Interface/src/Rectangle.java,,29,18,Default task
2021-10-13T12:50:03.480+09:00,user,IdeState,Active,Interface,Editor,C:/Users/user/IdeaProjects/Interface/src/Rectangle.java,,29,22,Default task
2021-10-13T12:50:04.496+09:00,user,IdeState,Active,Interface,Editor,C:/Users/user/IdeaProjects/Interface/src/Rectangle.java,,29,24,Default task
2021-10-13T12:50:05.512+09:00,user,IdeState,Active,Interface,Editor,C:/Users/user/IdeaProjects/Interface/src/Rectangle.java,,29,24,Default task
2021-10-13T12:50:06.514+09:00,user,IdeState,Active,Interface,Editor,C:/Users/user/IdeaProjects/Interface/src/Rectangle.java,Rectangle::equal,29,25,Default task
2021-10-13T12:50:07.522+09:00,user,IdeState,Active,Interface,Editor,C:/Users/user/IdeaProjects/Interface/src/Rectangle.java,Rectangle::equal,29,31,Default task
2021-10-13T12:50:08.536+09:00,user,IdeState,Active,Interface,Editor,C:/Users/user/IdeaProjects/Interface/src/Rectangle.java,Rectangle::equal,30,4,Default task
2021-10-13T12:50:09.538+09:00,user,IdeState,Active,Interface,Editor,C:/Users/user/IdeaProjects/Interface/src/Rectangle.java,Rectangle::equal,29,33,Default task
2021-10-13T12:50:10.539+09:00,user,IdeState,Active,Interface,Editor,C:/Users/user/IdeaProjects/Interface/src/Rectangle.java,Rectangle::equal,29,34,Default task
2021-10-13T12:50:11.554+09:00,user,IdeState,Active,Interface,Editor,C:/Users/user/IdeaProjects/Interface/src/Rectangle.java,,29,39,Default task
2021-10-13T12:50:12.563+09:00,user,IdeState,Active,Interface,Editor,C:/Users/user/IdeaProjects/Interface/src/Rectangle.java,,29,39,Default task
2021-10-13T12:50:13.566+09:00,user,IdeState,Active,Interface,Editor,C:/Users/user/IdeaProjects/Interface/src/Rectangle.java,Rectangle::equal,30,8,Default task
2021-10-13T12:50:14.581+09:00,user,IdeState,Active,Interface,Editor,C:/Users/user/IdeaProjects/Interface/src/Rectangle.java,Rectangle::equal,30,8,Default task
2021-10-13T12:50:15.596+09:00,user,IdeState,Active,Interface,Editor,C:/Users/user/IdeaProjects/Interface/src/Rectangle.java,Rectangle::equal,30,8,Default task
2021-10-13T12:50:16.597+09:00,user,IdeState,Active,Interface,Editor,C:/Users/user/IdeaProjects/Interface/src/Rectangle.java,Rectangle::equal,29,33,Default task
2021-10-13T12:50:17.599+09:00,user,IdeState,Active,Interface,Editor,C:/Users/user/IdeaProjects/Interface/src/Rectangle.java,Rectangle::equal,29,32,Default task
2021-10-13T12:50:18.600+09:00,user,IdeState,Active,Interface,Editor,C:/Users/user/IdeaProjects/Interface/src/Rectangle.java,Rectangle::equal,29,37,Default task
2021-10-13T12:50:19.608+09:00,user,IdeState,Active,Interface,Editor,C:/Users/user/IdeaProjects/Interface/src/Rectangle.java,Rectangle::equal,30,8,Default task
2021-10-13T12:50:20.624+09:00,user,IdeState,Active,Interface,Editor,C:/Users/user/IdeaProjects/Interface/src/Rectangle.java,Rectangle::equal,30,10,Default task
2021-10-13T12:50:21.642+09:00,user,IdeState,Active,Interface,Editor,C:/Users/user/IdeaProjects/Interface/src/Rectangle.java,Rectangle::equal,30,12,Default task
2021-10-13T12:50:22.656+09:00,user,IdeState,Active,Interface,Editor,C:/Users/user/IdeaProjects/Interface/src/Rectangle.java,Rectangle::equal,30,11,Default task
2021-10-13T12:50:23.659+09:00,user,IdeState,Active,Interface,Editor,C:/Users/user/IdeaProjects/Interface/src/Rectangle.java,Rectangle::equal,30,13,Default task
2021-10-13T12:50:24.662+09:00,user,IdeState,Active,Interface,Editor,C:/Users/user/IdeaProjects/Interface/src/Rectangle.java,Rectangle::equal,30,19,Default task
2021-10-13T12:50:25.678+09:00,user,IdeState,Active,Interface,Editor,C:/Users/user/IdeaProjects/Interface/src/Rectangle.java,Rectangle::equal,30,30,Default task
2021-10-13T12:50:26.685+09:00,user,IdeState,Active,Interface,Editor,C:/Users/user/IdeaProjects/Interface/src/Rectangle.java,Rectangle::equal,30,32,Default task
2021-10-13T12:50:27.687+09:00,user,IdeState,Active,Interface,Editor,C:/Users/user/IdeaProjects/Interface/src/Rectangle.java,Rectangle::equal,30,39,Default task
2021-10-13T12:50:28.689+09:00,user,IdeState,Active,Interface,Editor,C:/Users/user/IdeaProjects/Interface/src/Rectangle.java,Rectangle::equal,30,41,Default task
2021-10-13T12:50:29.691+09:00,user,IdeState,Active,Interface,Editor,C:/Users/user/IdeaProjects/Interface/src/Rectangle.java,Rectangle::equal,31,14,Default task
2021-10-13T12:50:30.692+09:00,user,IdeState,Active,Interface,Editor,C:/Users/user/IdeaProjects/Interface/src/Rectangle.java,Rectangle::equal,31,21,Default task
2021-10-13T12:50:31.706+09:00,user,IdeState,Active,Interface,Editor,C:/Users/user/IdeaProjects/Interface/src/Rectangle.java,Rectangle::equal,31,21,Default task
2021-10-13T12:50:32.709+09:00,user,IdeState,Active,Interface,Editor,C:/Users/user/IdeaProjects/Interface/src/Rectangle.java,Rectangle::equal,31,24,Default task
2021-10-13T12:50:33.710+09:00,user,IdeState,Active,Interface,Editor,C:/Users/user/IdeaProjects/Interface/src/Rectangle.java,Rectangle::equal,32,8,Default task
2021-10-13T12:50:34.713+09:00,user,IdeState,Active,Interface,Editor,C:/Users/user/IdeaProjects/Interface/src/Rectangle.java,Rectangle::equal,32,9,Default task
2021-10-13T12:50:35.717+09:00,user,IdeState,Active,Interface,Editor,C:/Users/user/IdeaProjects/Interface/src/Rectangle.java,Rectangle::equal,32,17,Default task
2021-10-13T12:50:36.730+09:00,user,IdeState,Active,Interface,Editor,C:/Users/user/IdeaProjects/Interface/src/Rectangle.java,Rectangle::equal,32,20,Default task
2021-10-13T12:50:37.732+09:00,user,IdeState,Active,Interface,Editor,C:/Users/user/IdeaProjects/Interface/src/Rectangle.java,Rectangle::equal,32,24,Default task
2021-10-13T12:50:38.739+09:00,user,IdeState,Active,Interface,Editor,C:/Users/user/IdeaProjects/Interface/src/Rectangle.java,Rectangle::equal,32,26,Default task
2021-10-13T12:50:39.755+09:00,user,IdeState,Active,Interface,Editor,C:/Users/user/IdeaProjects/Interface/src/Rectangle.java,Rectangle::equal,32,32,Default task
2021-10-13T12:50:40.759+09:00,user,IdeState,Active,Interface,Editor,C:/Users/user/IdeaProjects/Interface/src/Rectangle.java,Rectangle::equal,32,32,Default task
2021-10-13T12:50:41.775+09:00,user,IdeState,Active,Interface,Editor,C:/Users/user/IdeaProjects/Interface/src/Rectangle.java,Rectangle::equal,32,33,Default task
2021-10-13T12:50:42.776+09:00,user,IdeState,Active,Interface,Editor,C:/Users/user/IdeaProjects/Interface/src/Rectangle.java,Rectangle::equal,32,36,Default task
2021-10-13T12:50:43.783+09:00,user,IdeState,Active,Interface,Editor,C:/Users/user/IdeaProjects/Interface/src/Rectangle.java,Rectangle::equal,32,38,Default task
2021-10-13T12:50:44.798+09:00,user,IdeState,Active,Interface,Editor,C:/Users/user/IdeaProjects/Interface/src/Rectangle.java,Rectangle::equal,32,48,Default task
2021-10-13T12:50:45.806+09:00,user,IdeState,Active,Interface,Editor,C:/Users/user/IdeaProjects/Interface/src/Rectangle.java,Rectangle::equal,32,50,Default task
2021-10-13T12:50:46.809+09:00,user,IdeState,Active,Interface,Editor,C:/Users/user/IdeaProjects/Interface/src/Rectangle.java,Rectangle::equal,32,52,Default task
2021-10-13T12:50:47.815+09:00,user,IdeState,Active,Interface,Editor,C:/Users/user/IdeaProjects/Interface/src/Rectangle.java,Rectangle::equal,32,52,Default task
2021-10-13T12:50:48.817+09:00,user,IdeState,Active,Interface,Editor,C:/Users/user/IdeaProjects/Interface/src/Rectangle.java,Rectangle::equal,32,52,Default task
2021-10-13T12:50:49.823+09:00,user,IdeState,Active,Interface,Editor,C:/Users/user/IdeaProjects/Interface/src/Rectangle.java,Rectangle::equal,32,52,Default task
2021-10-13T12:50:50.826+09:00,user,IdeState,Active,Interface,Editor,C:/Users/user/IdeaProjects/Interface/src/Rectangle.java,Rectangle::equal,32,52,Default task
2021-10-13T12:50:51.831+09:00,user,IdeState,Active,Interface,Editor,C:/Users/user/IdeaProjects/Interface/src/Rectangle.java,Rectangle::equal,32,53,Default task
2021-10-13T12:50:52.834+09:00,user,IdeState,Active,Interface,Editor,C:/Users/user/IdeaProjects/Interface/src/Rectangle.java,Rectangle::equal,32,53,Default task
2021-10-13T12:50:53.837+09:00,user,IdeState,Active,Interface,Editor,C:/Users/user/IdeaProjects/Interface/src/Rectangle.java,Rectangle::equal,33,15,Default task
2021-10-13T12:50:54.852+09:00,user,IdeState,Active,Interface,Editor,C:/Users/user/IdeaProjects/Interface/src/Rectangle.java,Rectangle::equal,33,18,Default task
2021-10-13T12:50:55.867+09:00,user,IdeState,Active,Interface,Editor,C:/Users/user/IdeaProjects/Interface/src/Rectangle.java,Rectangle::equal,33,21,Default task
2021-10-13T12:50:56.869+09:00,user,IdeState,Active,Interface,Editor,C:/Users/user/IdeaProjects/Interface/src/Rectangle.java,Rectangle::equal,33,24,Default task
2021-10-13T12:50:57.870+09:00,user,IdeState,Active,Interface,Editor,C:/Users/user/IdeaProjects/Interface/src/Rectangle.java,Rectangle::equal,33,26,Default task
2021-10-13T12:50:58.873+09:00,user,IdeState,Active,Interface,Editor,C:/Users/user/IdeaProjects/Interface/src/Rectangle.java,Rectangle::equal,33,25,Default task
2021-10-13T12:50:59.875+09:00,user,IdeState,Active,Interface,Editor,C:/Users/user/IdeaProjects/Interface/src/Rectangle.java,Rectangle::equal,33,38,Default task
2021-10-13T12:51:00.879+09:00,user,IdeState,Active,Interface,Editor,C:/Users/user/IdeaProjects/Interface/src/Rectangle.java,Rectangle::equal,33,44,Default task
2021-10-13T12:51:01.880+09:00,user,IdeState,Active,Interface,Editor,C:/Users/user/IdeaProjects/Interface/src/Rectangle.java,Rectangle::equal,33,45,Default task
2021-10-13T12:51:02.883+09:00,user,IdeState,Active,Interface,Editor,C:/Users/user/IdeaProjects/Interface/src/Rectangle.java,Rectangle::equal,33,45,Default task
2021-10-13T12:51:03.886+09:00,user,IdeState,Active,Interface,Editor,C:/Users/user/IdeaProjects/Interface/src/Rectangle.java,Rectangle::equal,33,45,Default task
2021-10-13T12:51:04.887+09:00,user,IdeState,Active,Interface,Editor,C:/Users/user/IdeaProjects/Interface/src/Rectangle.java,Rectangle::equal,33,46,Default task
2021-10-13T12:51:05.890+09:00,user,IdeState,Active,Interface,Editor,C:/Users/user/IdeaProjects/Interface/src/Rectangle.java,Rectangle::equal,33,48,Default task
2021-10-13T12:51:06.905+09:00,user,IdeState,Active,Interface,Editor,C:/Users/user/IdeaProjects/Interface/src/Rectangle.java,Rectangle::equal,33,49,Default task
2021-10-13T12:51:07.920+09:00,user,IdeState,Active,Interface,Editor,C:/Users/user/IdeaProjects/Interface/src/Rectangle.java,Rectangle::equal,33,56,Default task
2021-10-13T12:51:08.934+09:00,user,IdeState,Active,Interface,Editor,C:/Users/user/IdeaProjects/Interface/src/Rectangle.java,Rectangle::equal,33,59,Default task
2021-10-13T12:51:09.949+09:00,user,IdeState,Active,Interface,Editor,C:/Users/user/IdeaProjects/Interface/src/Rectangle.java,Rectangle::equal,33,73,Default task
2021-10-13T12:51:10.952+09:00,user,IdeState,Active,Interface,Editor,C:/Users/user/IdeaProjects/Interface/src/Rectangle.java,Rectangle::equal,33,80,Default task
2021-10-13T12:51:11.954+09:00,user,IdeState,Active,Interface,Editor,C:/Users/user/IdeaProjects/Interface/src/Rectangle.java,Rectangle::equal,33,80,Default task
2021-10-13T12:51:12.957+09:00,user,IdeState,Active,Interface,Editor,C:/Users/user/IdeaProjects/Interface/src/Rectangle.java,,35,4,Default task
2021-10-13T12:51:13.963+09:00,user,IdeState,Active,Interface,Editor,C:/Users/user/IdeaProjects/Interface/src/Rectangle.java,,36,4,Default task
2021-10-13T12:51:14.970+09:00,user,IdeState,Active,Interface,Editor,C:/Users/user/IdeaProjects/Interface/src/Rectangle.java,,36,11,Default task
2021-10-13T12:51:15.974+09:00,user,IdeState,Active,Interface,Editor,C:/Users/user/IdeaProjects/Interface/src/Rectangle.java,,36,14,Default task
2021-10-13T12:51:16.988+09:00,user,IdeState,Active,Interface,Editor,C:/Users/user/IdeaProjects/Interface/src/Rectangle.java,,36,19,Default task
2021-10-13T12:51:18.004+09:00,user,IdeState,Active,Interface,Editor,C:/Users/user/IdeaProjects/Interface/src/Rectangle.java,,36,24,Default task
2021-10-13T12:51:19.016+09:00,user,IdeState,Active,Interface,Editor,C:/Users/user/IdeaProjects/Interface/src/Rectangle.java,Rectangle::toString,36,27,Default task
2021-10-13T12:51:20.028+09:00,user,IdeState,Active,Interface,Editor,C:/Users/user/IdeaProjects/Interface/src/Rectangle.java,Rectangle::toString,36,29,Default task
2021-10-13T12:51:21.029+09:00,user,IdeState,Active,Interface,Editor,C:/Users/user/IdeaProjects/Interface/src/Rectangle.java,Rectangle::toString,37,9,Default task
2021-10-13T12:51:22.032+09:00,user,IdeState,Active,Interface,Editor,C:/Users/user/IdeaProjects/Interface/src/Rectangle.java,Rectangle::toString,37,15,Default task
2021-10-13T12:51:23.042+09:00,user,IdeState,Active,Interface,Editor,C:/Users/user/IdeaProjects/Interface/src/Rectangle.java,Rectangle::toString,37,17,Default task
2021-10-13T12:51:24.057+09:00,user,IdeState,Active,Interface,Editor,C:/Users/user/IdeaProjects/Interface/src/Rectangle.java,Rectangle::toString,37,18,Default task
2021-10-13T12:51:25.059+09:00,user,IdeState,Active,Interface,Editor,C:/Users/user/IdeaProjects/Interface/src/Rectangle.java,Rectangle::toString,37,24,Default task
2021-10-13T12:51:26.074+09:00,user,IdeState,Active,Interface,Editor,C:/Users/user/IdeaProjects/Interface/src/Rectangle.java,Rectangle::toString,37,25,Default task
2021-10-13T12:51:27.075+09:00,user,IdeState,Active,Interface,Editor,C:/Users/user/IdeaProjects/Interface/src/Rectangle.java,Rectangle::toString,37,26,Default task
2021-10-13T12:51:28.090+09:00,user,IdeState,Active,Interface,Editor,C:/Users/user/IdeaProjects/Interface/src/Rectangle.java,Rectangle::toString,37,30,Default task
2021-10-13T12:51:29.094+09:00,user,IdeState,Active,Interface,Editor,C:/Users/user/IdeaProjects/Interface/src/Rectangle.java,Rectangle::toString,37,30,Default task
2021-10-13T12:51:30.101+09:00,user,IdeState,Active,Interface,Editor,C:/Users/user/IdeaProjects/Interface/src/Rectangle.java,Rectangle::toString,37,32,Default task
2021-10-13T12:51:31.117+09:00,user,IdeState,Active,Interface,Editor,C:/Users/user/IdeaProjects/Interface/src/Rectangle.java,Rectangle::toString,37,32,Default task
2021-10-13T12:51:32.121+09:00,user,IdeState,Active,Interface,Editor,C:/Users/user/IdeaProjects/Interface/src/Rectangle.java,Rectangle::toString,37,33,Default task
2021-10-13T12:51:33.123+09:00,user,IdeState,Active,Interface,Editor,C:/Users/user/IdeaProjects/Interface/src/Rectangle.java,Rectangle::toString,37,36,Default task
2021-10-13T12:51:34.128+09:00,user,IdeState,Active,Interface,Editor,C:/Users/user/IdeaProjects/Interface/src/Rectangle.java,Rectangle::toString,37,42,Default task
2021-10-13T12:51:35.133+09:00,user,IdeState,Active,Interface,Editor,C:/Users/user/IdeaProjects/Interface/src/Rectangle.java,Rectangle::toString,37,44,Default task
2021-10-13T12:51:36.138+09:00,user,IdeState,Active,Interface,Editor,C:/Users/user/IdeaProjects/Interface/src/Rectangle.java,Rectangle::toString,37,46,Default task
2021-10-13T12:51:37.143+09:00,user,IdeState,Active,Interface,Editor,C:/Users/user/IdeaProjects/Interface/src/Rectangle.java,Rectangle::toString,37,44,Default task
2021-10-13T12:51:38.146+09:00,user,IdeState,Active,Interface,Editor,C:/Users/user/IdeaProjects/Interface/src/Rectangle.java,Rectangle::toString,37,44,Default task
2021-10-13T12:51:39.148+09:00,user,IdeState,Active,Interface,Editor,C:/Users/user/IdeaProjects/Interface/src/Rectangle.java,Rectangle::toString,37,46,Default task
2021-10-13T12:51:40.150+09:00,user,IdeState,Active,Interface,Editor,C:/Users/user/IdeaProjects/Interface/src/Rectangle.java,Rectangle::toString,37,47,Default task
2021-10-13T12:51:41.162+09:00,user,IdeState,Active,Interface,Editor,C:/Users/user/IdeaProjects/Interface/src/Rectangle.java,Rectangle::toString,37,47,Default task
2021-10-13T12:51:42.179+09:00,user,IdeState,Active,Interface,Editor,C:/Users/user/IdeaProjects/Interface/src/Rectangle.java,Rectangle::toString,37,47,Default task
2021-10-13T12:51:43.189+09:00,user,IdeState,Active,Interface,Editor,C:/Users/user/IdeaProjects/Interface/src/Rectangle.java,Rectangle::toString,37,47,Default task
2021-10-13T12:51:44.204+09:00,user,IdeState,Active,Interface,Editor,C:/Users/user/IdeaProjects/Interface/src/Rectangle.java,,2,0,Default task
2021-10-13T12:51:45.209+09:00,user,IdeState,Active,Interface,Editor,C:/Users/user/IdeaProjects/Interface/src/Rectangle.java,,2,0,Default task
2021-10-13T12:51:46.242+09:00,user,IdeState,Active,Interface,Editor,C:/Users/user/IdeaProjects/Interface/src/Rectangle.java,,2,0,Default task
2021-10-13T12:51:47.274+09:00,user,IdeState,Active,Interface,Popup,C:/Users/user/IdeaProjects/Interface/src/Rectangle.java,,2,0,Default task
2021-10-13T12:51:48.281+09:00,user,IdeState,Active,Interface,Popup,C:/Users/user/IdeaProjects/Interface/src/Rectangle.java,,2,0,Default task
2021-10-13T12:51:49.281+09:00,user,IdeState,Active,Interface,Editor,C:/Users/user/IdeaProjects/Interface/src/Rectangle.java,,2,0,Default task
2021-10-13T12:51:50.293+09:00,user,IdeState,Active,Interface,Editor,C:/Users/user/IdeaProjects/Interface/src/Rectangle.java,,2,0,Default task
2021-10-13T12:51:51.309+09:00,user,IdeState,Active,Interface,Editor,C:/Users/user/IdeaProjects/Interface/src/Rectangle.java,,2,0,Default task
2021-10-13T12:51:52.313+09:00,user,IdeState,Active,Interface,Editor,C:/Users/user/IdeaProjects/Interface/src/Rectangle.java,,2,0,Default task
2021-10-13T12:51:53.315+09:00,user,IdeState,Active,Interface,Editor,C:/Users/user/IdeaProjects/Interface/src/Rectangle.java,,2,0,Default task
2021-10-13T12:51:54.319+09:00,user,IdeState,Active,Interface,Editor,C:/Users/user/IdeaProjects/Interface/src/Rectangle.java,,2,0,Default task
2021-10-13T12:51:55.332+09:00,user,IdeState,Active,Interface,Editor,C:/Users/user/IdeaProjects/Interface/src/Rectangle.java,,2,0,Default task
2021-10-13T12:51:56.334+09:00,user,IdeState,Active,Interface,Popup,C:/Users/user/IdeaProjects/Interface/src/Rectangle.java,,2,0,Default task
2021-10-13T12:51:57.347+09:00,user,IdeState,Active,Interface,Editor,C:/Users/user/IdeaProjects/Interface/src/Rectangle.java,,2,0,Default task
2021-10-13T12:51:58.350+09:00,user,IdeState,Active,Interface,Popup,C:/Users/user/IdeaProjects/Interface/src/Rectangle.java,,2,0,Default task
2021-10-13T12:51:59.352+09:00,user,IdeState,Active,Interface,Popup,C:/Users/user/IdeaProjects/Interface/src/Rectangle.java,,2,0,Default task
2021-10-13T12:52:00.366+09:00,user,IdeState,Active,Interface,Popup,C:/Users/user/IdeaProjects/Interface/src/Rectangle.java,,2,0,Default task
2021-10-13T12:52:01.379+09:00,user,IdeState,Active,Interface,Editor,C:/Users/user/IdeaProjects/Interface/src/Rectangle.java,,2,0,Default task
2021-10-13T12:52:02.392+09:00,user,IdeState,Active,Interface,Popup,C:/Users/user/IdeaProjects/Interface/src/Rectangle.java,,2,0,Default task
2021-10-13T12:52:03.407+09:00,user,IdeState,Active,Interface,Popup,C:/Users/user/IdeaProjects/Interface/src/Rectangle.java,,2,0,Default task
2021-10-13T12:52:04.418+09:00,user,IdeState,Active,Interface,Popup,C:/Users/user/IdeaProjects/Interface/src/Rectangle.java,,2,0,Default task
2021-10-13T12:52:05.419+09:00,user,IdeState,Active,Interface,Popup,C:/Users/user/IdeaProjects/Interface/src/Rectangle.java,,2,0,Default task
2021-10-13T12:52:06.431+09:00,user,IdeState,Active,Interface,Editor,C:/Users/user/IdeaProjects/Interface/src/Rectangle.java,,2,0,Default task
2021-10-13T12:52:07.432+09:00,user,IdeState,Active,Interface,Popup,C:/Users/user/IdeaProjects/Interface/src/Rectangle.java,,2,0,Default task
