2021-11-20T01:59:25.044+09:00,user,IdeState,Active,11,Editor,C:/Users/user/IdeaProjects/11/src/HttpClientTest.java,,8,0,Default task
2021-11-20T01:59:26.099+09:00,user,IdeState,Active,11,Editor,C:/Users/user/IdeaProjects/11/src/HttpClientTest.java,,8,0,Default task
2021-11-20T01:59:27.114+09:00,user,IdeState,Active,11,Editor,C:/Users/user/IdeaProjects/11/src/HttpClientTest.java,,8,2,Default task
2021-11-20T01:59:28.118+09:00,user,IdeState,Active,11,Editor,C:/Users/user/IdeaProjects/11/src/HttpClientTest.java,,8,10,Default task
2021-11-20T01:59:29.133+09:00,user,IdeState,Active,11,Editor,C:/Users/user/IdeaProjects/11/src/HttpClientTest.java,,8,28,Default task
2021-11-20T01:59:30.147+09:00,user,IdeState,Active,11,Editor,C:/Users/user/IdeaProjects/11/src/HttpClientTest.java,,9,6,Default task
2021-11-20T01:59:31.150+09:00,user,IdeState,Active,11,Editor,C:/Users/user/IdeaProjects/11/src/HttpClientTest.java,,9,13,Default task
2021-11-20T01:59:32.161+09:00,user,IdeState,Active,11,Editor,C:/Users/user/IdeaProjects/11/src/HttpClientTest.java,,9,18,Default task
2021-11-20T01:59:33.177+09:00,user,IdeState,Active,11,Editor,C:/Users/user/IdeaProjects/11/src/HttpClientTest.java,,9,18,Default task
2021-11-20T01:59:34.217+09:00,user,IdeState,Active,11,Editor,C:/Users/user/IdeaProjects/11/src/HttpClientTest.java,,9,19,Default task
2021-11-20T01:59:35.222+09:00,user,IdeState,Active,11,Editor,C:/Users/user/IdeaProjects/11/src/HttpClientTest.java,,9,25,Default task
2021-11-20T01:59:36.229+09:00,user,IdeState,Active,11,Editor,C:/Users/user/IdeaProjects/11/src/HttpClientTest.java,,9,28,Default task
2021-11-20T01:59:37.231+09:00,user,IdeState,Active,11,Editor,C:/Users/user/IdeaProjects/11/src/HttpClientTest.java,HttpClientTest::get,9,29,Default task
2021-11-20T01:59:38.245+09:00,user,IdeState,Active,11,Editor,C:/Users/user/IdeaProjects/11/src/HttpClientTest.java,HttpClientTest::get,9,31,Default task
2021-11-20T01:59:39.254+09:00,user,IdeState,Active,11,Editor,C:/Users/user/IdeaProjects/11/src/HttpClientTest.java,HttpClientTest::get,9,31,Default task
2021-11-20T01:59:40.266+09:00,user,IdeState,Active,11,Editor,C:/Users/user/IdeaProjects/11/src/HttpClientTest.java,HttpClientTest::get,9,35,Default task
2021-11-20T01:59:41.280+09:00,user,IdeState,Active,11,Editor,C:/Users/user/IdeaProjects/11/src/HttpClientTest.java,HttpClientTest::get,9,37,Default task
2021-11-20T01:59:42.286+09:00,user,IdeState,Active,11,Editor,C:/Users/user/IdeaProjects/11/src/HttpClientTest.java,,9,40,Default task
2021-11-20T01:59:43.297+09:00,user,IdeState,Active,11,Editor,C:/Users/user/IdeaProjects/11/src/HttpClientTest.java,HttpClientTest::get,10,12,Default task
2021-11-20T01:59:44.306+09:00,user,IdeState,Active,11,Editor,C:/Users/user/IdeaProjects/11/src/HttpClientTest.java,HttpClientTest::get,9,41,Default task
2021-11-20T01:59:45.308+09:00,user,IdeState,Active,11,Editor,C:/Users/user/IdeaProjects/11/src/HttpClientTest.java,HttpClientTest::get,10,8,Default task
2021-11-20T01:59:46.314+09:00,user,IdeState,Active,11,Editor,C:/Users/user/IdeaProjects/11/src/HttpClientTest.java,HttpClientTest::get,11,8,Default task
2021-11-20T01:59:47.316+09:00,user,IdeState,Active,11,Editor,C:/Users/user/IdeaProjects/11/src/HttpClientTest.java,HttpClientTest::get,11,11,Default task
2021-11-20T01:59:48.328+09:00,user,IdeState,Active,11,Editor,C:/Users/user/IdeaProjects/11/src/HttpClientTest.java,HttpClientTest::get,12,12,Default task
2021-11-20T01:59:49.336+09:00,user,IdeState,Active,11,Editor,C:/Users/user/IdeaProjects/11/src/HttpClientTest.java,HttpClientTest::get,12,13,Default task
2021-11-20T01:59:50.347+09:00,user,IdeState,Active,11,Editor,C:/Users/user/IdeaProjects/11/src/HttpClientTest.java,HttpClientTest::get,12,13,Default task
2021-11-20T01:59:51.360+09:00,user,IdeState,Active,11,Editor,C:/Users/user/IdeaProjects/11/src/HttpClientTest.java,HttpClientTest::get,12,13,Default task
2021-11-20T01:59:52.376+09:00,user,IdeState,Active,11,Editor,C:/Users/user/IdeaProjects/11/src/HttpClientTest.java,HttpClientTest::get,12,23,Default task
2021-11-20T01:59:53.377+09:00,user,IdeState,Active,11,Editor,C:/Users/user/IdeaProjects/11/src/HttpClientTest.java,HttpClientTest::get,12,30,Default task
2021-11-20T01:59:54.392+09:00,user,IdeState,Active,11,Editor,C:/Users/user/IdeaProjects/11/src/HttpClientTest.java,HttpClientTest::get,12,30,Default task
2021-11-20T01:59:55.412+09:00,user,IdeState,Active,11,Editor,C:/Users/user/IdeaProjects/11/src/HttpClientTest.java,HttpClientTest::get,12,36,Default task
2021-11-20T01:59:56.428+09:00,user,IdeState,Active,11,Editor,C:/Users/user/IdeaProjects/11/src/HttpClientTest.java,HttpClientTest::get,12,36,Default task
2021-11-20T01:59:57.443+09:00,user,IdeState,Active,11,Editor,C:/Users/user/IdeaProjects/11/src/HttpClientTest.java,HttpClientTest::get,12,36,Default task
2021-11-20T01:59:58.457+09:00,user,IdeState,Active,11,Editor,C:/Users/user/IdeaProjects/11/src/HttpClientTest.java,HttpClientTest::get,12,36,Default task
2021-11-20T01:59:59.478+09:00,user,IdeState,Active,11,Editor,C:/Users/user/IdeaProjects/11/src/HttpClientTest.java,HttpClientTest::get,12,37,Default task
2021-11-20T02:00:00.491+09:00,user,IdeState,Active,11,Editor,C:/Users/user/IdeaProjects/11/src/HttpClientTest.java,HttpClientTest::get,12,37,Default task
2021-11-20T02:00:01.496+09:00,user,IdeState,Active,11,Editor,C:/Users/user/IdeaProjects/11/src/HttpClientTest.java,HttpClientTest::get,12,37,Default task
2021-11-20T02:00:02.502+09:00,user,IdeState,Active,11,Editor,C:/Users/user/IdeaProjects/11/src/HttpClientTest.java,HttpClientTest::get,12,40,Default task
2021-11-20T02:00:03.506+09:00,user,IdeState,Active,11,Editor,C:/Users/user/IdeaProjects/11/src/HttpClientTest.java,HttpClientTest::get,12,46,Default task
2021-11-20T02:00:04.519+09:00,user,IdeState,Active,11,Editor,C:/Users/user/IdeaProjects/11/src/HttpClientTest.java,HttpClientTest::get,12,46,Default task
2021-11-20T02:00:05.538+09:00,user,IdeState,Active,11,Editor,C:/Users/user/IdeaProjects/11/src/HttpClientTest.java,HttpClientTest::get,12,48,Default task
2021-11-20T02:00:06.547+09:00,user,IdeState,Active,11,Editor,C:/Users/user/IdeaProjects/11/src/HttpClientTest.java,HttpClientTest::get,12,49,Default task
2021-11-20T02:00:07.560+09:00,user,IdeState,Active,11,Editor,C:/Users/user/IdeaProjects/11/src/HttpClientTest.java,HttpClientTest::get,12,49,Default task
2021-11-20T02:00:08.576+09:00,user,IdeState,Active,11,Editor,C:/Users/user/IdeaProjects/11/src/HttpClientTest.java,HttpClientTest::get,12,49,Default task
2021-11-20T02:00:09.591+09:00,user,IdeState,Active,11,Editor,C:/Users/user/IdeaProjects/11/src/HttpClientTest.java,HttpClientTest::get,13,12,Default task
2021-11-20T02:00:10.593+09:00,user,IdeState,Active,11,Editor,C:/Users/user/IdeaProjects/11/src/HttpClientTest.java,HttpClientTest::get,13,12,Default task
2021-11-20T02:00:11.608+09:00,user,IdeState,Active,11,Editor,C:/Users/user/IdeaProjects/11/src/HttpClientTest.java,HttpClientTest::get,13,12,Default task
2021-11-20T02:00:12.625+09:00,user,IdeState,Active,11,Editor,C:/Users/user/IdeaProjects/11/src/HttpClientTest.java,HttpClientTest::get,13,13,Default task
2021-11-20T02:00:13.627+09:00,user,IdeState,Active,11,Editor,C:/Users/user/IdeaProjects/11/src/HttpClientTest.java,HttpClientTest::get,13,13,Default task
2021-11-20T02:00:14.630+09:00,user,IdeState,Active,11,Editor,C:/Users/user/IdeaProjects/11/src/HttpClientTest.java,HttpClientTest::get,13,15,Default task
2021-11-20T02:00:15.633+09:00,user,IdeState,Active,11,Editor,C:/Users/user/IdeaProjects/11/src/HttpClientTest.java,HttpClientTest::get,13,18,Default task
2021-11-20T02:00:16.647+09:00,user,IdeState,Active,11,Editor,C:/Users/user/IdeaProjects/11/src/HttpClientTest.java,HttpClientTest::get,13,22,Default task
2021-11-20T02:00:17.663+09:00,user,IdeState,Active,11,Editor,C:/Users/user/IdeaProjects/11/src/HttpClientTest.java,HttpClientTest::get,13,20,Default task
2021-11-20T02:00:18.677+09:00,user,IdeState,Active,11,Editor,C:/Users/user/IdeaProjects/11/src/HttpClientTest.java,HttpClientTest::get,13,20,Default task
2021-11-20T02:00:19.691+09:00,user,IdeState,Active,11,Editor,C:/Users/user/IdeaProjects/11/src/HttpClientTest.java,HttpClientTest::get,13,24,Default task
2021-11-20T02:00:20.706+09:00,user,IdeState,Active,11,Editor,C:/Users/user/IdeaProjects/11/src/HttpClientTest.java,HttpClientTest::get,13,26,Default task
2021-11-20T02:00:21.718+09:00,user,IdeState,Active,11,Editor,C:/Users/user/IdeaProjects/11/src/HttpClientTest.java,HttpClientTest::get,13,33,Default task
2021-11-20T02:00:22.732+09:00,user,IdeState,Active,11,Editor,C:/Users/user/IdeaProjects/11/src/HttpClientTest.java,HttpClientTest::get,13,35,Default task
2021-11-20T02:00:23.748+09:00,user,IdeState,Active,11,Editor,C:/Users/user/IdeaProjects/11/src/HttpClientTest.java,HttpClientTest::get,13,45,Default task
2021-11-20T02:00:24.760+09:00,user,IdeState,Active,11,Editor,C:/Users/user/IdeaProjects/11/src/HttpClientTest.java,HttpClientTest::get,13,49,Default task
2021-11-20T02:00:25.773+09:00,user,IdeState,Active,11,Editor,C:/Users/user/IdeaProjects/11/src/HttpClientTest.java,HttpClientTest::get,13,58,Default task
2021-11-20T02:00:26.785+09:00,user,IdeState,Active,11,Editor,C:/Users/user/IdeaProjects/11/src/HttpClientTest.java,HttpClientTest::get,13,58,Default task
2021-11-20T02:00:27.786+09:00,user,IdeState,Active,11,Editor,C:/Users/user/IdeaProjects/11/src/HttpClientTest.java,HttpClientTest::get,14,21,Default task
2021-11-20T02:00:28.802+09:00,user,IdeState,Active,11,Editor,C:/Users/user/IdeaProjects/11/src/HttpClientTest.java,HttpClientTest::get,14,25,Default task
2021-11-20T02:00:29.823+09:00,user,IdeState,Active,11,Editor,C:/Users/user/IdeaProjects/11/src/HttpClientTest.java,HttpClientTest::get,14,25,Default task
2021-11-20T02:00:30.836+09:00,user,IdeState,Active,11,Editor,C:/Users/user/IdeaProjects/11/src/HttpClientTest.java,HttpClientTest::get,14,26,Default task
2021-11-20T02:00:31.841+09:00,user,IdeState,Active,11,Editor,C:/Users/user/IdeaProjects/11/src/HttpClientTest.java,HttpClientTest::get,14,28,Default task
2021-11-20T02:00:32.845+09:00,user,IdeState,Active,11,Editor,C:/Users/user/IdeaProjects/11/src/HttpClientTest.java,HttpClientTest::get,14,36,Default task
2021-11-20T02:00:33.855+09:00,user,IdeState,Active,11,Editor,C:/Users/user/IdeaProjects/11/src/HttpClientTest.java,HttpClientTest::get,14,36,Default task
2021-11-20T02:00:34.870+09:00,user,IdeState,Active,11,Editor,C:/Users/user/IdeaProjects/11/src/HttpClientTest.java,HttpClientTest::get,14,40,Default task
2021-11-20T02:00:35.887+09:00,user,IdeState,Active,11,Editor,C:/Users/user/IdeaProjects/11/src/HttpClientTest.java,HttpClientTest::get,15,20,Default task
2021-11-20T02:00:36.900+09:00,user,IdeState,Active,11,Editor,C:/Users/user/IdeaProjects/11/src/HttpClientTest.java,HttpClientTest::get,15,21,Default task
2021-11-20T02:00:37.914+09:00,user,IdeState,Active,11,Editor,C:/Users/user/IdeaProjects/11/src/HttpClientTest.java,HttpClientTest::get,15,29,Default task
2021-11-20T02:00:38.922+09:00,user,IdeState,Active,11,Editor,C:/Users/user/IdeaProjects/11/src/HttpClientTest.java,HttpClientTest::get,16,12,Default task
2021-11-20T02:00:39.928+09:00,user,IdeState,Active,11,Editor,C:/Users/user/IdeaProjects/11/src/HttpClientTest.java,HttpClientTest::get,16,12,Default task
2021-11-20T02:00:40.947+09:00,user,IdeState,Active,11,Editor,C:/Users/user/IdeaProjects/11/src/HttpClientTest.java,HttpClientTest::get,16,15,Default task
2021-11-20T02:00:41.954+09:00,user,IdeState,Active,11,Editor,C:/Users/user/IdeaProjects/11/src/HttpClientTest.java,HttpClientTest::get,16,15,Default task
2021-11-20T02:00:42.959+09:00,user,IdeState,Active,11,Editor,C:/Users/user/IdeaProjects/11/src/HttpClientTest.java,HttpClientTest::get,16,15,Default task
2021-11-20T02:00:43.974+09:00,user,IdeState,Active,11,Editor,C:/Users/user/IdeaProjects/11/src/HttpClientTest.java,HttpClientTest::get,16,24,Default task
2021-11-20T02:00:44.988+09:00,user,IdeState,Active,11,Editor,C:/Users/user/IdeaProjects/11/src/HttpClientTest.java,HttpClientTest::get,16,27,Default task
2021-11-20T02:00:45.998+09:00,user,IdeState,Active,11,Editor,C:/Users/user/IdeaProjects/11/src/HttpClientTest.java,HttpClientTest::get,16,34,Default task
2021-11-20T02:00:47.009+09:00,user,IdeState,Active,11,Editor,C:/Users/user/IdeaProjects/11/src/HttpClientTest.java,HttpClientTest::get,16,36,Default task
2021-11-20T02:00:48.016+09:00,user,IdeState,Active,11,Editor,C:/Users/user/IdeaProjects/11/src/HttpClientTest.java,HttpClientTest::get,16,37,Default task
2021-11-20T02:00:49.019+09:00,user,IdeState,Active,11,Editor,C:/Users/user/IdeaProjects/11/src/HttpClientTest.java,HttpClientTest::get,16,45,Default task
2021-11-20T02:00:50.021+09:00,user,IdeState,Active,11,Editor,C:/Users/user/IdeaProjects/11/src/HttpClientTest.java,HttpClientTest::get,16,48,Default task
2021-11-20T02:00:51.025+09:00,user,IdeState,Active,11,Editor,C:/Users/user/IdeaProjects/11/src/HttpClientTest.java,HttpClientTest::get,16,50,Default task
2021-11-20T02:00:52.027+09:00,user,IdeState,Active,11,Editor,C:/Users/user/IdeaProjects/11/src/HttpClientTest.java,HttpClientTest::get,16,55,Default task
2021-11-20T02:00:53.043+09:00,user,IdeState,Active,11,Editor,C:/Users/user/IdeaProjects/11/src/HttpClientTest.java,HttpClientTest::get,16,57,Default task
2021-11-20T02:00:54.130+09:00,user,IdeState,Active,11,Editor,C:/Users/user/IdeaProjects/11/src/HttpClientTest.java,HttpClientTest::get,16,66,Default task
2021-11-20T02:00:55.139+09:00,user,IdeState,Active,11,Editor,C:/Users/user/IdeaProjects/11/src/HttpClientTest.java,HttpClientTest::get,16,68,Default task
2021-11-20T02:00:56.151+09:00,user,IdeState,Active,11,Editor,C:/Users/user/IdeaProjects/11/src/HttpClientTest.java,HttpClientTest::get,17,12,Default task
2021-11-20T02:00:57.165+09:00,user,IdeState,Active,11,Editor,C:/Users/user/IdeaProjects/11/src/HttpClientTest.java,HttpClientTest::get,17,14,Default task
2021-11-20T02:00:58.170+09:00,user,IdeState,Active,11,Editor,C:/Users/user/IdeaProjects/11/src/HttpClientTest.java,HttpClientTest::get,17,20,Default task
2021-11-20T02:00:59.171+09:00,user,IdeState,Active,11,Editor,C:/Users/user/IdeaProjects/11/src/HttpClientTest.java,HttpClientTest::get,17,28,Default task
2021-11-20T02:01:00.174+09:00,user,IdeState,Active,11,Editor,C:/Users/user/IdeaProjects/11/src/HttpClientTest.java,HttpClientTest::get,17,35,Default task
2021-11-20T02:01:01.182+09:00,user,IdeState,Active,11,Editor,C:/Users/user/IdeaProjects/11/src/HttpClientTest.java,HttpClientTest::get,18,9,Default task
2021-11-20T02:01:02.185+09:00,user,IdeState,Active,11,Editor,C:/Users/user/IdeaProjects/11/src/HttpClientTest.java,HttpClientTest::get,18,16,Default task
2021-11-20T02:01:03.200+09:00,user,IdeState,Active,11,Editor,C:/Users/user/IdeaProjects/11/src/HttpClientTest.java,HttpClientTest::get,18,16,Default task
2021-11-20T02:01:04.202+09:00,user,IdeState,Active,11,Editor,C:/Users/user/IdeaProjects/11/src/HttpClientTest.java,HttpClientTest::get,18,18,Default task
2021-11-20T02:01:05.216+09:00,user,IdeState,Active,11,Editor,C:/Users/user/IdeaProjects/11/src/HttpClientTest.java,HttpClientTest::get,18,37,Default task
2021-11-20T02:01:06.232+09:00,user,IdeState,Active,11,Editor,C:/Users/user/IdeaProjects/11/src/HttpClientTest.java,HttpClientTest::get,18,39,Default task
2021-11-20T02:01:07.235+09:00,user,IdeState,Active,11,Editor,C:/Users/user/IdeaProjects/11/src/HttpClientTest.java,HttpClientTest::get,19,12,Default task
2021-11-20T02:01:08.237+09:00,user,IdeState,Active,11,Editor,C:/Users/user/IdeaProjects/11/src/HttpClientTest.java,HttpClientTest::get,19,12,Default task
2021-11-20T02:01:09.250+09:00,user,IdeState,Active,11,Editor,C:/Users/user/IdeaProjects/11/src/HttpClientTest.java,HttpClientTest::get,19,20,Default task
2021-11-20T02:01:10.264+09:00,user,IdeState,Active,11,Editor,C:/Users/user/IdeaProjects/11/src/HttpClientTest.java,HttpClientTest::get,20,9,Default task
2021-11-20T02:01:11.282+09:00,user,IdeState,Active,11,Editor,C:/Users/user/IdeaProjects/11/src/HttpClientTest.java,HttpClientTest::get,20,16,Default task
2021-11-20T02:01:12.289+09:00,user,IdeState,Active,11,Editor,C:/Users/user/IdeaProjects/11/src/HttpClientTest.java,HttpClientTest::get,20,17,Default task
2021-11-20T02:01:13.303+09:00,user,IdeState,Active,11,Editor,C:/Users/user/IdeaProjects/11/src/HttpClientTest.java,HttpClientTest::get,20,27,Default task
2021-11-20T02:01:14.304+09:00,user,IdeState,Active,11,Editor,C:/Users/user/IdeaProjects/11/src/HttpClientTest.java,HttpClientTest::get,20,31,Default task
2021-11-20T02:01:15.309+09:00,user,IdeState,Active,11,Editor,C:/Users/user/IdeaProjects/11/src/HttpClientTest.java,HttpClientTest::get,21,14,Default task
2021-11-20T02:01:16.324+09:00,user,IdeState,Active,11,Editor,C:/Users/user/IdeaProjects/11/src/HttpClientTest.java,HttpClientTest::get,21,20,Default task
2021-11-20T02:01:17.330+09:00,user,IdeState,Active,11,Editor,C:/Users/user/IdeaProjects/11/src/HttpClientTest.java,HttpClientTest::get,22,9,Default task
2021-11-20T02:01:18.333+09:00,user,IdeState,Active,11,Editor,C:/Users/user/IdeaProjects/11/src/HttpClientTest.java,HttpClientTest::get,23,8,Default task
2021-11-20T02:01:19.336+09:00,user,IdeState,Active,11,Editor,C:/Users/user/IdeaProjects/11/src/HttpClientTest.java,HttpClientTest::get,23,8,Default task
2021-11-20T02:01:20.351+09:00,user,IdeState,Active,11,Editor,C:/Users/user/IdeaProjects/11/src/HttpClientTest.java,,23,5,Default task
2021-11-20T02:01:21.363+09:00,user,IdeState,Active,11,Editor,C:/Users/user/IdeaProjects/11/src/HttpClientTest.java,,25,4,Default task
2021-11-20T02:01:22.409+09:00,user,IdeState,Active,11,Editor,C:/Users/user/IdeaProjects/11/src/HttpClientTest.java,,25,13,Default task
2021-11-20T02:01:23.411+09:00,user,IdeState,Active,11,Editor,C:/Users/user/IdeaProjects/11/src/HttpClientTest.java,,25,18,Default task
2021-11-20T02:01:24.426+09:00,user,IdeState,Active,11,Editor,C:/Users/user/IdeaProjects/11/src/HttpClientTest.java,,25,23,Default task
2021-11-20T02:01:25.441+09:00,user,IdeState,Active,11,Editor,C:/Users/user/IdeaProjects/11/src/HttpClientTest.java,,25,27,Default task
2021-11-20T02:01:26.450+09:00,user,IdeState,Active,11,Editor,C:/Users/user/IdeaProjects/11/src/HttpClientTest.java,HttpClientTest::main,25,30,Default task
2021-11-20T02:01:27.464+09:00,user,IdeState,Active,11,Editor,C:/Users/user/IdeaProjects/11/src/HttpClientTest.java,HttpClientTest::main,25,36,Default task
2021-11-20T02:01:28.478+09:00,user,IdeState,Active,11,Editor,C:/Users/user/IdeaProjects/11/src/HttpClientTest.java,HttpClientTest::main,25,38,Default task
2021-11-20T02:01:29.485+09:00,user,IdeState,Active,11,Editor,C:/Users/user/IdeaProjects/11/src/HttpClientTest.java,HttpClientTest::main,25,42,Default task
2021-11-20T02:01:30.502+09:00,user,IdeState,Active,11,Editor,C:/Users/user/IdeaProjects/11/src/HttpClientTest.java,,25,43,Default task
2021-11-20T02:01:31.515+09:00,user,IdeState,Active,11,Editor,C:/Users/user/IdeaProjects/11/src/HttpClientTest.java,HttpClientTest::main,26,8,Default task
2021-11-20T02:01:32.517+09:00,user,IdeState,Active,11,Editor,C:/Users/user/IdeaProjects/11/src/HttpClientTest.java,HttpClientTest::main,26,8,Default task
2021-11-20T02:01:33.520+09:00,user,IdeState,Active,11,Editor,C:/Users/user/IdeaProjects/11/src/HttpClientTest.java,HttpClientTest::main,26,9,Default task
2021-11-20T02:01:34.533+09:00,user,IdeState,Active,11,Editor,C:/Users/user/IdeaProjects/11/src/HttpClientTest.java,HttpClientTest::main,26,16,Default task
2021-11-20T02:01:35.551+09:00,user,IdeState,Active,11,Editor,C:/Users/user/IdeaProjects/11/src/HttpClientTest.java,HttpClientTest::main,26,19,Default task
2021-11-20T02:01:36.565+09:00,user,IdeState,Active,11,Editor,C:/Users/user/IdeaProjects/11/src/HttpClientTest.java,HttpClientTest::main,26,20,Default task
2021-11-20T02:01:37.579+09:00,user,IdeState,Active,11,Editor,C:/Users/user/IdeaProjects/11/src/HttpClientTest.java,HttpClientTest::main,26,20,Default task
2021-11-20T02:01:38.593+09:00,user,IdeState,Active,11,Editor,C:/Users/user/IdeaProjects/11/src/HttpClientTest.java,HttpClientTest::main,26,20,Default task
2021-11-20T02:01:39.597+09:00,user,IdeState,Active,11,Editor,C:/Users/user/IdeaProjects/11/src/HttpClientTest.java,HttpClientTest::main,26,34,Default task
2021-11-20T02:01:40.611+09:00,user,IdeState,Active,11,Editor,C:/Users/user/IdeaProjects/11/src/HttpClientTest.java,HttpClientTest::main,26,35,Default task
2021-11-20T02:01:41.614+09:00,user,IdeState,Active,11,Editor,C:/Users/user/IdeaProjects/11/src/HttpClientTest.java,HttpClientTest::main,26,38,Default task
2021-11-20T02:01:42.627+09:00,user,IdeState,Active,11,Editor,C:/Users/user/IdeaProjects/11/src/HttpClientTest.java,HttpClientTest::main,26,42,Default task
2021-11-20T02:01:43.632+09:00,user,IdeState,Active,11,Editor,C:/Users/user/IdeaProjects/11/src/HttpClientTest.java,HttpClientTest::main,26,43,Default task
2021-11-20T02:01:44.646+09:00,user,IdeState,Active,11,Editor,C:/Users/user/IdeaProjects/11/src/HttpClientTest.java,HttpClientTest::main,26,42,Default task
2021-11-20T02:01:45.662+09:00,user,IdeState,Active,11,Editor,C:/Users/user/IdeaProjects/11/src/HttpClientTest.java,HttpClientTest::main,26,38,Default task
2021-11-20T02:01:46.665+09:00,user,IdeState,Active,11,Editor,C:/Users/user/IdeaProjects/11/src/HttpClientTest.java,HttpClientTest::main,26,38,Default task
2021-11-20T02:01:47.681+09:00,user,IdeState,Active,11,Editor,C:/Users/user/IdeaProjects/11/src/HttpClientTest.java,HttpClientTest::main,26,38,Default task
2021-11-20T02:01:48.695+09:00,user,IdeState,Inactive,,,,,-1,-1,
2021-11-20T02:01:49.699+09:00,user,IdeState,Inactive,,,,,-1,-1,
2021-11-20T02:01:50.701+09:00,user,IdeState,Active,11,Editor,C:/Users/user/IdeaProjects/11/src/HttpClientTest.java,HttpClientTest::main,26,62,Default task
2021-11-20T02:01:51.703+09:00,user,IdeState,Active,11,Editor,C:/Users/user/IdeaProjects/11/src/HttpClientTest.java,HttpClientTest::main,26,64,Default task
2021-11-20T02:01:52.715+09:00,user,IdeState,Active,11,Editor,C:/Users/user/IdeaProjects/11/src/HttpClientTest.java,HttpClientTest::main,27,8,Default task
2021-11-20T02:01:53.723+09:00,user,IdeState,Active,11,Editor,C:/Users/user/IdeaProjects/11/src/HttpClientTest.java,HttpClientTest::main,27,15,Default task
2021-11-20T02:01:54.736+09:00,user,IdeState,Active,11,Editor,C:/Users/user/IdeaProjects/11/src/HttpClientTest.java,HttpClientTest::main,27,27,Default task
2021-11-20T02:01:55.750+09:00,user,IdeState,Active,11,Editor,C:/Users/user/IdeaProjects/11/src/HttpClientTest.java,HttpClientTest::main,27,28,Default task
2021-11-20T02:01:56.762+09:00,user,IdeState,Active,11,Editor,C:/Users/user/IdeaProjects/11/src/HttpClientTest.java,,23,5,Default task
2021-11-20T02:01:57.773+09:00,user,IdeState,Active,11,Editor,C:/Users/user/IdeaProjects/11/src/HttpClientTest.java,,23,5,Default task
2021-11-20T02:01:58.797+09:00,user,IdeState,Active,11,Editor,C:/Users/user/IdeaProjects/11/src/HttpClientTest.java,HttpClientTest::get,12,32,Default task
2021-11-20T02:01:59.801+09:00,user,IdeState,Active,11,Run,C:/Users/user/IdeaProjects/11/src/HttpClientTest.java,HttpClientTest::get,12,32,Default task
2021-11-20T02:02:00.817+09:00,user,IdeState,Active,11,Run,C:/Users/user/IdeaProjects/11/src/HttpClientTest.java,HttpClientTest::get,12,32,Default task
2021-11-20T02:02:01.834+09:00,user,IdeState,Active,11,Build,C:/Users/user/IdeaProjects/11/src/HttpClientTest.java,HttpClientTest::get,12,32,Default task
2021-11-20T02:02:02.846+09:00,user,IdeState,Active,11,Build,C:/Users/user/IdeaProjects/11/src/HttpClientTest.java,HttpClientTest::get,12,32,Default task
2021-11-20T02:02:03.859+09:00,user,IdeState,Active,11,Build,C:/Users/user/IdeaProjects/11/src/HttpClientTest.java,HttpClientTest::get,12,32,Default task
2021-11-20T02:02:04.873+09:00,user,IdeState,Active,11,Editor,C:/Users/user/IdeaProjects/11/src/HttpClientTest.java,HttpClientTest::get,12,49,Default task
2021-11-20T02:02:05.886+09:00,user,IdeState,Active,11,Editor,C:/Users/user/IdeaProjects/11/src/HttpClientTest.java,HttpClientTest::get,12,49,Default task
2021-11-20T02:02:06.888+09:00,user,IdeState,Active,11,Editor,C:/Users/user/IdeaProjects/11/src/HttpClientTest.java,HttpClientTest::get,12,36,Default task
2021-11-20T02:02:07.892+09:00,user,IdeState,Active,11,Editor,C:/Users/user/IdeaProjects/11/src/HttpClientTest.java,HttpClientTest::get,12,32,Default task
2021-11-20T02:02:08.905+09:00,user,IdeState,Active,11,Editor,C:/Users/user/IdeaProjects/11/src/HttpClientTest.java,HttpClientTest::get,12,38,Default task
2021-11-20T02:02:09.919+09:00,user,IdeState,Active,11,Editor,C:/Users/user/IdeaProjects/11/src/HttpClientTest.java,HttpClientTest::get,12,42,Default task
2021-11-20T02:02:10.935+09:00,user,IdeState,Active,11,Editor,C:/Users/user/IdeaProjects/11/src/HttpClientTest.java,HttpClientTest::get,12,43,Default task
2021-11-20T02:02:11.950+09:00,user,IdeState,Active,11,Editor,C:/Users/user/IdeaProjects/11/src/HttpClientTest.java,HttpClientTest::get,12,58,Default task
2021-11-20T02:02:12.963+09:00,user,IdeState,Active,11,Editor,C:/Users/user/IdeaProjects/11/src/HttpClientTest.java,HttpClientTest::get,12,58,Default task
2021-11-20T02:02:13.971+09:00,user,IdeState,Active,11,Editor,C:/Users/user/IdeaProjects/11/src/HttpClientTest.java,HttpClientTest::get,12,58,Default task
2021-11-20T02:02:14.974+09:00,user,IdeState,Active,11,Editor,C:/Users/user/IdeaProjects/11/src/HttpClientTest.java,HttpClientTest::get,12,58,Default task
2021-11-20T02:02:15.987+09:00,user,IdeState,Active,11,Editor,C:/Users/user/IdeaProjects/11/src/HttpClientTest.java,HttpClientTest::get,12,58,Default task
2021-11-20T02:02:17.003+09:00,user,IdeState,Active,11,Editor,C:/Users/user/IdeaProjects/11/src/HttpClientTest.java,HttpClientTest::get,12,58,Default task
2021-11-20T02:02:18.006+09:00,user,IdeState,Active,11,Editor,C:/Users/user/IdeaProjects/11/src/HttpClientTest.java,HttpClientTest::get,12,58,Default task
2021-11-20T02:02:19.007+09:00,user,IdeState,Active,11,Editor,C:/Users/user/IdeaProjects/11/src/HttpClientTest.java,HttpClientTest::get,12,58,Default task
