2021-09-09T18:21:34.007+09:00,user,IdeState,Active,ArrayCopyMain,Editor,C:/Users/user/IdeaProjects/ArrayCopyMain/src/ArrayCopyMain.java,,0,0,Default task
2021-09-09T18:21:35.021+09:00,user,IdeState,Active,ArrayCopyMain,Editor,C:/Users/user/IdeaProjects/ArrayCopyMain/src/ArrayCopyMain.java,,0,0,Default task
2021-09-09T18:21:36.036+09:00,user,IdeState,Active,ArrayCopyMain,Editor,C:/Users/user/IdeaProjects/ArrayCopyMain/src/ArrayCopyMain.java,,0,0,Default task
2021-09-09T18:21:37.052+09:00,user,IdeState,Active,ArrayCopyMain,Editor,C:/Users/user/IdeaProjects/ArrayCopyMain/src/ArrayCopyMain.java,,0,0,Default task
2021-09-09T18:21:38.057+09:00,user,IdeState,Active,ArrayCopyMain,Editor,C:/Users/user/IdeaProjects/ArrayCopyMain/src/ArrayCopyMain.java,,0,2,Default task
2021-09-09T18:21:39.058+09:00,user,IdeState,Active,ArrayCopyMain,Editor,C:/Users/user/IdeaProjects/ArrayCopyMain/src/ArrayCopyMain.java,,0,7,Default task
2021-09-09T18:21:40.062+09:00,user,IdeState,Active,ArrayCopyMain,Editor,C:/Users/user/IdeaProjects/ArrayCopyMain/src/ArrayCopyMain.java,,0,8,Default task
2021-09-09T18:21:41.074+09:00,user,IdeState,Active,ArrayCopyMain,Editor,C:/Users/user/IdeaProjects/ArrayCopyMain/src/ArrayCopyMain.java,,0,27,Default task
2021-09-09T18:21:42.089+09:00,user,IdeState,Active,ArrayCopyMain,Editor,C:/Users/user/IdeaProjects/ArrayCopyMain/src/ArrayCopyMain.java,,0,27,Default task
2021-09-09T18:21:43.105+09:00,user,IdeState,Active,ArrayCopyMain,Editor,C:/Users/user/IdeaProjects/ArrayCopyMain/src/ArrayCopyMain.java,,0,28,Default task
2021-09-09T18:21:44.120+09:00,user,IdeState,Active,ArrayCopyMain,Editor,C:/Users/user/IdeaProjects/ArrayCopyMain/src/ArrayCopyMain.java,,1,4,Default task
2021-09-09T18:21:45.122+09:00,user,IdeState,Active,ArrayCopyMain,Editor,C:/Users/user/IdeaProjects/ArrayCopyMain/src/ArrayCopyMain.java,,1,4,Default task
2021-09-09T18:21:46.136+09:00,user,IdeState,Active,ArrayCopyMain,Editor,C:/Users/user/IdeaProjects/ArrayCopyMain/src/ArrayCopyMain.java,,1,4,Default task
2021-09-09T18:21:47.150+09:00,user,IdeState,Active,ArrayCopyMain,Editor,C:/Users/user/IdeaProjects/ArrayCopyMain/src/ArrayCopyMain.java,,1,6,Default task
2021-09-09T18:21:48.165+09:00,user,IdeState,Active,ArrayCopyMain,Editor,C:/Users/user/IdeaProjects/ArrayCopyMain/src/ArrayCopyMain.java,,1,11,Default task
2021-09-09T18:21:49.178+09:00,user,IdeState,Active,ArrayCopyMain,Editor,C:/Users/user/IdeaProjects/ArrayCopyMain/src/ArrayCopyMain.java,,1,13,Default task
2021-09-09T18:21:50.182+09:00,user,IdeState,Active,ArrayCopyMain,Editor,C:/Users/user/IdeaProjects/ArrayCopyMain/src/ArrayCopyMain.java,,1,18,Default task
2021-09-09T18:21:51.191+09:00,user,IdeState,Active,ArrayCopyMain,Editor,C:/Users/user/IdeaProjects/ArrayCopyMain/src/ArrayCopyMain.java,,1,18,Default task
2021-09-09T18:21:52.197+09:00,user,IdeState,Active,ArrayCopyMain,Editor,C:/Users/user/IdeaProjects/ArrayCopyMain/src/ArrayCopyMain.java,,1,19,Default task
2021-09-09T18:21:53.213+09:00,user,IdeState,Active,ArrayCopyMain,Editor,C:/Users/user/IdeaProjects/ArrayCopyMain/src/ArrayCopyMain.java,,1,31,Default task
2021-09-09T18:21:54.228+09:00,user,IdeState,Active,ArrayCopyMain,Editor,C:/Users/user/IdeaProjects/ArrayCopyMain/src/ArrayCopyMain.java,,1,29,Default task
2021-09-09T18:21:55.241+09:00,user,IdeState,Active,ArrayCopyMain,Editor,C:/Users/user/IdeaProjects/ArrayCopyMain/src/ArrayCopyMain.java,,1,29,Default task
2021-09-09T18:21:56.256+09:00,user,IdeState,Active,ArrayCopyMain,Editor,C:/Users/user/IdeaProjects/ArrayCopyMain/src/ArrayCopyMain.java,,1,29,Default task
2021-09-09T18:21:57.271+09:00,user,IdeState,Active,ArrayCopyMain,Editor,C:/Users/user/IdeaProjects/ArrayCopyMain/src/ArrayCopyMain.java,,1,31,Default task
2021-09-09T18:21:58.283+09:00,user,IdeState,Active,ArrayCopyMain,Editor,C:/Users/user/IdeaProjects/ArrayCopyMain/src/ArrayCopyMain.java,,1,31,Default task
2021-09-09T18:21:59.296+09:00,user,IdeState,Active,ArrayCopyMain,Editor,C:/Users/user/IdeaProjects/ArrayCopyMain/src/ArrayCopyMain.java,ArrayCopyMain::ArrayCopyMain,1,32,Default task
2021-09-09T18:22:00.311+09:00,user,IdeState,Active,ArrayCopyMain,Editor,C:/Users/user/IdeaProjects/ArrayCopyMain/src/ArrayCopyMain.java,ArrayCopyMain::ArrayCopyMain,2,8,Default task
2021-09-09T18:22:01.325+09:00,user,IdeState,Active,ArrayCopyMain,Editor,C:/Users/user/IdeaProjects/ArrayCopyMain/src/ArrayCopyMain.java,ArrayCopyMain::ArrayCopyMain,2,8,Default task
2021-09-09T18:22:02.339+09:00,user,IdeState,Active,ArrayCopyMain,Editor,C:/Users/user/IdeaProjects/ArrayCopyMain/src/ArrayCopyMain.java,ArrayCopyMain::ArrayCopyMain,1,32,Default task
2021-09-09T18:22:03.350+09:00,user,IdeState,Active,ArrayCopyMain,Editor,C:/Users/user/IdeaProjects/ArrayCopyMain/src/ArrayCopyMain.java,,1,20,Default task
2021-09-09T18:22:04.364+09:00,user,IdeState,Active,ArrayCopyMain,Editor,C:/Users/user/IdeaProjects/ArrayCopyMain/src/ArrayCopyMain.java,,1,18,Default task
2021-09-09T18:22:05.378+09:00,user,IdeState,Active,ArrayCopyMain,Editor,C:/Users/user/IdeaProjects/ArrayCopyMain/src/ArrayCopyMain.java,,1,22,Default task
2021-09-09T18:22:06.393+09:00,user,IdeState,Active,ArrayCopyMain,Editor,C:/Users/user/IdeaProjects/ArrayCopyMain/src/ArrayCopyMain.java,,1,23,Default task
2021-09-09T18:22:07.408+09:00,user,IdeState,Active,ArrayCopyMain,Editor,C:/Users/user/IdeaProjects/ArrayCopyMain/src/ArrayCopyMain.java,,1,27,Default task
2021-09-09T18:22:08.419+09:00,user,IdeState,Active,ArrayCopyMain,Editor,C:/Users/user/IdeaProjects/ArrayCopyMain/src/ArrayCopyMain.java,,1,27,Default task
2021-09-09T18:22:09.422+09:00,user,IdeState,Active,ArrayCopyMain,Editor,C:/Users/user/IdeaProjects/ArrayCopyMain/src/ArrayCopyMain.java,,1,27,Default task
2021-09-09T18:22:10.431+09:00,user,IdeState,Active,ArrayCopyMain,Editor,C:/Users/user/IdeaProjects/ArrayCopyMain/src/ArrayCopyMain.java,,1,27,Default task
2021-09-09T18:22:11.446+09:00,user,IdeState,Active,ArrayCopyMain,Editor,C:/Users/user/IdeaProjects/ArrayCopyMain/src/ArrayCopyMain.java,,1,27,Default task
2021-09-09T18:22:12.448+09:00,user,IdeState,Active,ArrayCopyMain,Editor,C:/Users/user/IdeaProjects/ArrayCopyMain/src/ArrayCopyMain.java,ArrayCopyMain::main,1,28,Default task
2021-09-09T18:22:13.451+09:00,user,IdeState,Active,ArrayCopyMain,Editor,C:/Users/user/IdeaProjects/ArrayCopyMain/src/ArrayCopyMain.java,ArrayCopyMain::main,1,30,Default task
2021-09-09T18:22:14.454+09:00,user,IdeState,Active,ArrayCopyMain,Editor,C:/Users/user/IdeaProjects/ArrayCopyMain/src/ArrayCopyMain.java,ArrayCopyMain::main,1,29,Default task
2021-09-09T18:22:15.460+09:00,user,IdeState,Active,ArrayCopyMain,Editor,C:/Users/user/IdeaProjects/ArrayCopyMain/src/ArrayCopyMain.java,ArrayCopyMain::main,1,34,Default task
2021-09-09T18:22:16.475+09:00,user,IdeState,Active,ArrayCopyMain,Editor,C:/Users/user/IdeaProjects/ArrayCopyMain/src/ArrayCopyMain.java,ArrayCopyMain::main,1,35,Default task
2021-09-09T18:22:17.477+09:00,user,IdeState,Active,ArrayCopyMain,Editor,C:/Users/user/IdeaProjects/ArrayCopyMain/src/ArrayCopyMain.java,ArrayCopyMain::main,1,36,Default task
2021-09-09T18:22:18.481+09:00,user,IdeState,Active,ArrayCopyMain,Editor,C:/Users/user/IdeaProjects/ArrayCopyMain/src/ArrayCopyMain.java,ArrayCopyMain::main,1,38,Default task
2021-09-09T18:22:19.496+09:00,user,IdeState,Active,ArrayCopyMain,Editor,C:/Users/user/IdeaProjects/ArrayCopyMain/src/ArrayCopyMain.java,ArrayCopyMain::main,1,40,Default task
2021-09-09T18:22:20.510+09:00,user,IdeState,Active,ArrayCopyMain,Editor,C:/Users/user/IdeaProjects/ArrayCopyMain/src/ArrayCopyMain.java,,1,42,Default task
2021-09-09T18:22:21.512+09:00,user,IdeState,Active,ArrayCopyMain,Editor,C:/Users/user/IdeaProjects/ArrayCopyMain/src/ArrayCopyMain.java,ArrayCopyMain::main,2,8,Default task
2021-09-09T18:22:22.514+09:00,user,IdeState,Active,ArrayCopyMain,Editor,C:/Users/user/IdeaProjects/ArrayCopyMain/src/ArrayCopyMain.java,ArrayCopyMain::main,2,8,Default task
2021-09-09T18:22:23.527+09:00,user,IdeState,Active,ArrayCopyMain,Editor,C:/Users/user/IdeaProjects/ArrayCopyMain/src/ArrayCopyMain.java,ArrayCopyMain::main,2,8,Default task
2021-09-09T18:22:24.528+09:00,user,IdeState,Active,ArrayCopyMain,Editor,C:/Users/user/IdeaProjects/ArrayCopyMain/src/ArrayCopyMain.java,ArrayCopyMain::main,3,8,Default task
2021-09-09T18:22:25.541+09:00,user,IdeState,Active,ArrayCopyMain,Editor,C:/Users/user/IdeaProjects/ArrayCopyMain/src/ArrayCopyMain.java,ArrayCopyMain::main,3,10,Default task
2021-09-09T18:22:26.555+09:00,user,IdeState,Active,ArrayCopyMain,Editor,C:/Users/user/IdeaProjects/ArrayCopyMain/src/ArrayCopyMain.java,ArrayCopyMain::main,3,15,Default task
2021-09-09T18:22:27.562+09:00,user,IdeState,Active,ArrayCopyMain,Editor,C:/Users/user/IdeaProjects/ArrayCopyMain/src/ArrayCopyMain.java,ArrayCopyMain::main,3,13,Default task
2021-09-09T18:22:28.574+09:00,user,IdeState,Active,ArrayCopyMain,Editor,C:/Users/user/IdeaProjects/ArrayCopyMain/src/ArrayCopyMain.java,ArrayCopyMain::main,5,16,Default task
2021-09-09T18:22:29.587+09:00,user,IdeState,Active,ArrayCopyMain,Editor,C:/Users/user/IdeaProjects/ArrayCopyMain/src/ArrayCopyMain.java,ArrayCopyMain::main,5,23,Default task
2021-09-09T18:22:30.602+09:00,user,IdeState,Active,ArrayCopyMain,Editor,C:/Users/user/IdeaProjects/ArrayCopyMain/src/ArrayCopyMain.java,ArrayCopyMain::main,5,24,Default task
2021-09-09T18:22:31.616+09:00,user,IdeState,Active,ArrayCopyMain,Editor,C:/Users/user/IdeaProjects/ArrayCopyMain/src/ArrayCopyMain.java,ArrayCopyMain::main,5,29,Default task
2021-09-09T18:22:32.628+09:00,user,IdeState,Active,ArrayCopyMain,Editor,C:/Users/user/IdeaProjects/ArrayCopyMain/src/ArrayCopyMain.java,ArrayCopyMain::main,5,30,Default task
2021-09-09T18:22:33.632+09:00,user,IdeState,Active,ArrayCopyMain,Editor,C:/Users/user/IdeaProjects/ArrayCopyMain/src/ArrayCopyMain.java,ArrayCopyMain::main,5,35,Default task
2021-09-09T18:22:34.647+09:00,user,IdeState,Active,ArrayCopyMain,Editor,C:/Users/user/IdeaProjects/ArrayCopyMain/src/ArrayCopyMain.java,ArrayCopyMain::main,5,37,Default task
2021-09-09T18:22:35.662+09:00,user,IdeState,Active,ArrayCopyMain,Editor,C:/Users/user/IdeaProjects/ArrayCopyMain/src/ArrayCopyMain.java,ArrayCopyMain::main,5,37,Default task
2021-09-09T18:22:36.675+09:00,user,IdeState,Active,ArrayCopyMain,Editor,C:/Users/user/IdeaProjects/ArrayCopyMain/src/ArrayCopyMain.java,ArrayCopyMain::main,5,38,Default task
2021-09-09T18:22:37.676+09:00,user,IdeState,Active,ArrayCopyMain,Editor,C:/Users/user/IdeaProjects/ArrayCopyMain/src/ArrayCopyMain.java,ArrayCopyMain::main,5,40,Default task
2021-09-09T18:22:38.689+09:00,user,IdeState,Active,ArrayCopyMain,Editor,C:/Users/user/IdeaProjects/ArrayCopyMain/src/ArrayCopyMain.java,ArrayCopyMain::main,5,44,Default task
2021-09-09T18:22:39.701+09:00,user,IdeState,Active,ArrayCopyMain,Editor,C:/Users/user/IdeaProjects/ArrayCopyMain/src/ArrayCopyMain.java,ArrayCopyMain::main,5,47,Default task
2021-09-09T18:22:40.715+09:00,user,IdeState,Active,ArrayCopyMain,Editor,C:/Users/user/IdeaProjects/ArrayCopyMain/src/ArrayCopyMain.java,ArrayCopyMain::main,5,48,Default task
2021-09-09T18:22:41.716+09:00,user,IdeState,Active,ArrayCopyMain,Editor,C:/Users/user/IdeaProjects/ArrayCopyMain/src/ArrayCopyMain.java,ArrayCopyMain::main,6,8,Default task
2021-09-09T18:22:42.718+09:00,user,IdeState,Active,ArrayCopyMain,Editor,C:/Users/user/IdeaProjects/ArrayCopyMain/src/ArrayCopyMain.java,ArrayCopyMain::main,6,8,Default task
2021-09-09T18:22:43.732+09:00,user,IdeState,Active,ArrayCopyMain,Editor,C:/Users/user/IdeaProjects/ArrayCopyMain/src/ArrayCopyMain.java,ArrayCopyMain::main,6,8,Default task
2021-09-09T18:22:44.734+09:00,user,IdeState,Active,ArrayCopyMain,Editor,C:/Users/user/IdeaProjects/ArrayCopyMain/src/ArrayCopyMain.java,ArrayCopyMain::main,6,8,Default task
2021-09-09T18:22:45.745+09:00,user,IdeState,Active,ArrayCopyMain,Editor,C:/Users/user/IdeaProjects/ArrayCopyMain/src/ArrayCopyMain.java,ArrayCopyMain::main,6,12,Default task
2021-09-09T18:22:46.747+09:00,user,IdeState,Active,ArrayCopyMain,Editor,C:/Users/user/IdeaProjects/ArrayCopyMain/src/ArrayCopyMain.java,ArrayCopyMain::main,6,13,Default task
2021-09-09T18:22:47.762+09:00,user,IdeState,Active,ArrayCopyMain,Editor,C:/Users/user/IdeaProjects/ArrayCopyMain/src/ArrayCopyMain.java,ArrayCopyMain::main,6,13,Default task
2021-09-09T18:22:48.764+09:00,user,IdeState,Active,ArrayCopyMain,Editor,C:/Users/user/IdeaProjects/ArrayCopyMain/src/ArrayCopyMain.java,ArrayCopyMain::main,6,18,Default task
2021-09-09T18:22:49.775+09:00,user,IdeState,Active,ArrayCopyMain,Editor,C:/Users/user/IdeaProjects/ArrayCopyMain/src/ArrayCopyMain.java,ArrayCopyMain::main,6,16,Default task
2021-09-09T18:22:50.781+09:00,user,IdeState,Active,ArrayCopyMain,Editor,C:/Users/user/IdeaProjects/ArrayCopyMain/src/ArrayCopyMain.java,ArrayCopyMain::main,6,18,Default task
2021-09-09T18:22:51.791+09:00,user,IdeState,Active,ArrayCopyMain,Editor,C:/Users/user/IdeaProjects/ArrayCopyMain/src/ArrayCopyMain.java,ArrayCopyMain::main,6,23,Default task
2021-09-09T18:22:52.805+09:00,user,IdeState,Active,ArrayCopyMain,Editor,C:/Users/user/IdeaProjects/ArrayCopyMain/src/ArrayCopyMain.java,ArrayCopyMain::main,6,24,Default task
2021-09-09T18:22:53.821+09:00,user,IdeState,Active,ArrayCopyMain,Editor,C:/Users/user/IdeaProjects/ArrayCopyMain/src/ArrayCopyMain.java,ArrayCopyMain::main,6,33,Default task
2021-09-09T18:22:54.835+09:00,user,IdeState,Active,ArrayCopyMain,Editor,C:/Users/user/IdeaProjects/ArrayCopyMain/src/ArrayCopyMain.java,ArrayCopyMain::main,7,8,Default task
2021-09-09T18:22:55.847+09:00,user,IdeState,Active,ArrayCopyMain,Editor,C:/Users/user/IdeaProjects/ArrayCopyMain/src/ArrayCopyMain.java,ArrayCopyMain::main,7,9,Default task
2021-09-09T18:22:56.857+09:00,user,IdeState,Active,ArrayCopyMain,Editor,C:/Users/user/IdeaProjects/ArrayCopyMain/src/ArrayCopyMain.java,ArrayCopyMain::main,7,12,Default task
2021-09-09T18:22:57.870+09:00,user,IdeState,Active,ArrayCopyMain,Editor,C:/Users/user/IdeaProjects/ArrayCopyMain/src/ArrayCopyMain.java,ArrayCopyMain::main,7,14,Default task
2021-09-09T18:22:58.881+09:00,user,IdeState,Active,ArrayCopyMain,Editor,C:/Users/user/IdeaProjects/ArrayCopyMain/src/ArrayCopyMain.java,ArrayCopyMain::main,7,13,Default task
2021-09-09T18:22:59.894+09:00,user,IdeState,Active,ArrayCopyMain,Editor,C:/Users/user/IdeaProjects/ArrayCopyMain/src/ArrayCopyMain.java,ArrayCopyMain::main,7,15,Default task
2021-09-09T18:23:00.909+09:00,user,IdeState,Active,ArrayCopyMain,Editor,C:/Users/user/IdeaProjects/ArrayCopyMain/src/ArrayCopyMain.java,ArrayCopyMain::main,7,19,Default task
2021-09-09T18:23:01.910+09:00,user,IdeState,Active,ArrayCopyMain,Editor,C:/Users/user/IdeaProjects/ArrayCopyMain/src/ArrayCopyMain.java,ArrayCopyMain::main,7,23,Default task
2021-09-09T18:23:02.923+09:00,user,IdeState,Active,ArrayCopyMain,Editor,C:/Users/user/IdeaProjects/ArrayCopyMain/src/ArrayCopyMain.java,ArrayCopyMain::main,7,26,Default task
2021-09-09T18:23:03.932+09:00,user,IdeState,Active,ArrayCopyMain,Editor,C:/Users/user/IdeaProjects/ArrayCopyMain/src/ArrayCopyMain.java,ArrayCopyMain::main,7,29,Default task
2021-09-09T18:23:04.949+09:00,user,IdeState,Active,ArrayCopyMain,Editor,C:/Users/user/IdeaProjects/ArrayCopyMain/src/ArrayCopyMain.java,ArrayCopyMain::main,7,32,Default task
2021-09-09T18:23:05.962+09:00,user,IdeState,Active,ArrayCopyMain,Editor,C:/Users/user/IdeaProjects/ArrayCopyMain/src/ArrayCopyMain.java,ArrayCopyMain::main,7,33,Default task
2021-09-09T18:23:06.975+09:00,user,IdeState,Active,ArrayCopyMain,Editor,C:/Users/user/IdeaProjects/ArrayCopyMain/src/ArrayCopyMain.java,ArrayCopyMain::main,7,35,Default task
2021-09-09T18:23:07.990+09:00,user,IdeState,Active,ArrayCopyMain,Editor,C:/Users/user/IdeaProjects/ArrayCopyMain/src/ArrayCopyMain.java,ArrayCopyMain::main,7,35,Default task
2021-09-09T18:23:09.005+09:00,user,IdeState,Active,ArrayCopyMain,Editor,C:/Users/user/IdeaProjects/ArrayCopyMain/src/ArrayCopyMain.java,ArrayCopyMain::main,7,36,Default task
2021-09-09T18:23:10.009+09:00,user,IdeState,Active,ArrayCopyMain,Editor,C:/Users/user/IdeaProjects/ArrayCopyMain/src/ArrayCopyMain.java,ArrayCopyMain::main,7,35,Default task
2021-09-09T18:23:11.009+09:00,user,IdeState,Active,ArrayCopyMain,Editor,C:/Users/user/IdeaProjects/ArrayCopyMain/src/ArrayCopyMain.java,ArrayCopyMain::main,7,36,Default task
2021-09-09T18:23:12.024+09:00,user,IdeState,Active,ArrayCopyMain,Editor,C:/Users/user/IdeaProjects/ArrayCopyMain/src/ArrayCopyMain.java,ArrayCopyMain::main,7,35,Default task
2021-09-09T18:23:13.040+09:00,user,IdeState,Active,ArrayCopyMain,Editor,C:/Users/user/IdeaProjects/ArrayCopyMain/src/ArrayCopyMain.java,ArrayCopyMain::main,7,36,Default task
2021-09-09T18:23:14.048+09:00,user,IdeState,Active,ArrayCopyMain,Editor,C:/Users/user/IdeaProjects/ArrayCopyMain/src/ArrayCopyMain.java,ArrayCopyMain::main,7,38,Default task
2021-09-09T18:23:15.058+09:00,user,IdeState,Active,ArrayCopyMain,Editor,C:/Users/user/IdeaProjects/ArrayCopyMain/src/ArrayCopyMain.java,ArrayCopyMain::main,8,8,Default task
2021-09-09T18:23:16.061+09:00,user,IdeState,Active,ArrayCopyMain,Editor,C:/Users/user/IdeaProjects/ArrayCopyMain/src/ArrayCopyMain.java,ArrayCopyMain::main,8,8,Default task
2021-09-09T18:23:17.065+09:00,user,IdeState,Active,ArrayCopyMain,Editor,C:/Users/user/IdeaProjects/ArrayCopyMain/src/ArrayCopyMain.java,ArrayCopyMain::main,8,11,Default task
2021-09-09T18:23:18.081+09:00,user,IdeState,Active,ArrayCopyMain,Editor,C:/Users/user/IdeaProjects/ArrayCopyMain/src/ArrayCopyMain.java,ArrayCopyMain::main,8,12,Default task
2021-09-09T18:23:19.084+09:00,user,IdeState,Active,ArrayCopyMain,Editor,C:/Users/user/IdeaProjects/ArrayCopyMain/src/ArrayCopyMain.java,ArrayCopyMain::main,8,15,Default task
2021-09-09T18:23:20.088+09:00,user,IdeState,Active,ArrayCopyMain,Editor,C:/Users/user/IdeaProjects/ArrayCopyMain/src/ArrayCopyMain.java,ArrayCopyMain::main,8,15,Default task
2021-09-09T18:23:21.089+09:00,user,IdeState,Active,ArrayCopyMain,Editor,C:/Users/user/IdeaProjects/ArrayCopyMain/src/ArrayCopyMain.java,ArrayCopyMain::main,8,15,Default task
2021-09-09T18:23:22.102+09:00,user,IdeState,Active,ArrayCopyMain,Editor,C:/Users/user/IdeaProjects/ArrayCopyMain/src/ArrayCopyMain.java,ArrayCopyMain::main,8,18,Default task
2021-09-09T18:23:23.104+09:00,user,IdeState,Active,ArrayCopyMain,Editor,C:/Users/user/IdeaProjects/ArrayCopyMain/src/ArrayCopyMain.java,ArrayCopyMain::main,8,20,Default task
2021-09-09T18:23:24.117+09:00,user,IdeState,Active,ArrayCopyMain,Editor,C:/Users/user/IdeaProjects/ArrayCopyMain/src/ArrayCopyMain.java,ArrayCopyMain::main,8,22,Default task
2021-09-09T18:23:25.132+09:00,user,IdeState,Active,ArrayCopyMain,Editor,C:/Users/user/IdeaProjects/ArrayCopyMain/src/ArrayCopyMain.java,ArrayCopyMain::main,8,24,Default task
2021-09-09T18:23:26.147+09:00,user,IdeState,Active,ArrayCopyMain,Editor,C:/Users/user/IdeaProjects/ArrayCopyMain/src/ArrayCopyMain.java,ArrayCopyMain::main,8,24,Default task
2021-09-09T18:23:27.159+09:00,user,IdeState,Active,ArrayCopyMain,Editor,C:/Users/user/IdeaProjects/ArrayCopyMain/src/ArrayCopyMain.java,ArrayCopyMain::main,8,24,Default task
2021-09-09T18:23:28.162+09:00,user,IdeState,Active,ArrayCopyMain,Editor,C:/Users/user/IdeaProjects/ArrayCopyMain/src/ArrayCopyMain.java,ArrayCopyMain::main,8,25,Default task
2021-09-09T18:23:29.163+09:00,user,IdeState,Active,ArrayCopyMain,Editor,C:/Users/user/IdeaProjects/ArrayCopyMain/src/ArrayCopyMain.java,ArrayCopyMain::main,8,25,Default task
2021-09-09T18:23:30.167+09:00,user,IdeState,Active,ArrayCopyMain,Editor,C:/Users/user/IdeaProjects/ArrayCopyMain/src/ArrayCopyMain.java,ArrayCopyMain::main,8,26,Default task
2021-09-09T18:23:31.182+09:00,user,IdeState,Active,ArrayCopyMain,Editor,C:/Users/user/IdeaProjects/ArrayCopyMain/src/ArrayCopyMain.java,ArrayCopyMain::main,8,26,Default task
2021-09-09T18:23:32.198+09:00,user,IdeState,Active,ArrayCopyMain,Editor,C:/Users/user/IdeaProjects/ArrayCopyMain/src/ArrayCopyMain.java,ArrayCopyMain::main,8,27,Default task
2021-09-09T18:23:33.200+09:00,user,IdeState,Active,ArrayCopyMain,Editor,C:/Users/user/IdeaProjects/ArrayCopyMain/src/ArrayCopyMain.java,ArrayCopyMain::main,8,28,Default task
2021-09-09T18:23:34.203+09:00,user,IdeState,Active,ArrayCopyMain,Editor,C:/Users/user/IdeaProjects/ArrayCopyMain/src/ArrayCopyMain.java,ArrayCopyMain::main,8,29,Default task
2021-09-09T18:23:35.209+09:00,user,IdeState,Active,ArrayCopyMain,Editor,C:/Users/user/IdeaProjects/ArrayCopyMain/src/ArrayCopyMain.java,ArrayCopyMain::main,8,32,Default task
2021-09-09T18:23:36.213+09:00,user,IdeState,Active,ArrayCopyMain,Editor,C:/Users/user/IdeaProjects/ArrayCopyMain/src/ArrayCopyMain.java,ArrayCopyMain::main,9,8,Default task
2021-09-09T18:23:37.215+09:00,user,IdeState,Active,ArrayCopyMain,Editor,C:/Users/user/IdeaProjects/ArrayCopyMain/src/ArrayCopyMain.java,ArrayCopyMain::main,9,8,Default task
2021-09-09T18:23:38.229+09:00,user,IdeState,Active,ArrayCopyMain,Editor,C:/Users/user/IdeaProjects/ArrayCopyMain/src/ArrayCopyMain.java,ArrayCopyMain::main,10,12,Default task
2021-09-09T18:23:39.230+09:00,user,IdeState,Active,ArrayCopyMain,Editor,C:/Users/user/IdeaProjects/ArrayCopyMain/src/ArrayCopyMain.java,ArrayCopyMain::main,10,12,Default task
2021-09-09T18:23:40.244+09:00,user,IdeState,Active,ArrayCopyMain,Editor,C:/Users/user/IdeaProjects/ArrayCopyMain/src/ArrayCopyMain.java,ArrayCopyMain::main,10,12,Default task
2021-09-09T18:23:41.258+09:00,user,IdeState,Active,ArrayCopyMain,Editor,C:/Users/user/IdeaProjects/ArrayCopyMain/src/ArrayCopyMain.java,ArrayCopyMain::main,10,12,Default task
2021-09-09T18:23:42.272+09:00,user,IdeState,Active,ArrayCopyMain,Editor,C:/Users/user/IdeaProjects/ArrayCopyMain/src/ArrayCopyMain.java,ArrayCopyMain::main,10,12,Default task
2021-09-09T18:23:43.286+09:00,user,IdeState,Active,ArrayCopyMain,Editor,C:/Users/user/IdeaProjects/ArrayCopyMain/src/ArrayCopyMain.java,ArrayCopyMain::main,10,12,Default task
2021-09-09T18:23:44.301+09:00,user,IdeState,Active,ArrayCopyMain,Editor,C:/Users/user/IdeaProjects/ArrayCopyMain/src/ArrayCopyMain.java,ArrayCopyMain::main,10,12,Default task
2021-09-09T18:23:45.315+09:00,user,IdeState,Active,ArrayCopyMain,Editor,C:/Users/user/IdeaProjects/ArrayCopyMain/src/ArrayCopyMain.java,ArrayCopyMain::main,10,12,Default task
2021-09-09T18:23:46.329+09:00,user,IdeState,Active,ArrayCopyMain,Editor,C:/Users/user/IdeaProjects/ArrayCopyMain/src/ArrayCopyMain.java,ArrayCopyMain::main,10,13,Default task
2021-09-09T18:23:47.330+09:00,user,IdeState,Active,ArrayCopyMain,Editor,C:/Users/user/IdeaProjects/ArrayCopyMain/src/ArrayCopyMain.java,ArrayCopyMain::main,10,20,Default task
2021-09-09T18:23:48.333+09:00,user,IdeState,Active,ArrayCopyMain,Editor,C:/Users/user/IdeaProjects/ArrayCopyMain/src/ArrayCopyMain.java,ArrayCopyMain::main,10,22,Default task
2021-09-09T18:23:49.345+09:00,user,IdeState,Active,ArrayCopyMain,Editor,C:/Users/user/IdeaProjects/ArrayCopyMain/src/ArrayCopyMain.java,ArrayCopyMain::main,10,23,Default task
2021-09-09T18:23:50.360+09:00,user,IdeState,Active,ArrayCopyMain,Editor,C:/Users/user/IdeaProjects/ArrayCopyMain/src/ArrayCopyMain.java,ArrayCopyMain::main,10,26,Default task
2021-09-09T18:23:51.372+09:00,user,IdeState,Active,ArrayCopyMain,Editor,C:/Users/user/IdeaProjects/ArrayCopyMain/src/ArrayCopyMain.java,ArrayCopyMain::main,10,26,Default task
2021-09-09T18:23:52.373+09:00,user,IdeState,Active,ArrayCopyMain,Editor,C:/Users/user/IdeaProjects/ArrayCopyMain/src/ArrayCopyMain.java,ArrayCopyMain::main,10,26,Default task
2021-09-09T18:23:53.388+09:00,user,IdeState,Active,ArrayCopyMain,Editor,C:/Users/user/IdeaProjects/ArrayCopyMain/src/ArrayCopyMain.java,ArrayCopyMain::main,10,26,Default task
2021-09-09T18:23:54.391+09:00,user,IdeState,Active,ArrayCopyMain,Editor,C:/Users/user/IdeaProjects/ArrayCopyMain/src/ArrayCopyMain.java,ArrayCopyMain::main,10,28,Default task
2021-09-09T18:23:55.405+09:00,user,IdeState,Active,ArrayCopyMain,Editor,C:/Users/user/IdeaProjects/ArrayCopyMain/src/ArrayCopyMain.java,ArrayCopyMain::main,10,28,Default task
2021-09-09T18:23:56.407+09:00,user,IdeState,Active,ArrayCopyMain,Editor,C:/Users/user/IdeaProjects/ArrayCopyMain/src/ArrayCopyMain.java,ArrayCopyMain::main,10,28,Default task
2021-09-09T18:23:57.410+09:00,user,IdeState,Active,ArrayCopyMain,Editor,C:/Users/user/IdeaProjects/ArrayCopyMain/src/ArrayCopyMain.java,ArrayCopyMain::main,10,33,Default task
2021-09-09T18:23:58.426+09:00,user,IdeState,Active,ArrayCopyMain,Editor,C:/Users/user/IdeaProjects/ArrayCopyMain/src/ArrayCopyMain.java,ArrayCopyMain::main,10,34,Default task
2021-09-09T18:23:59.440+09:00,user,IdeState,Active,ArrayCopyMain,Editor,C:/Users/user/IdeaProjects/ArrayCopyMain/src/ArrayCopyMain.java,ArrayCopyMain::main,10,44,Default task
2021-09-09T18:24:00.453+09:00,user,IdeState,Active,ArrayCopyMain,Editor,C:/Users/user/IdeaProjects/ArrayCopyMain/src/ArrayCopyMain.java,ArrayCopyMain::main,11,9,Default task
2021-09-09T18:24:01.466+09:00,user,IdeState,Active,ArrayCopyMain,Editor,C:/Users/user/IdeaProjects/ArrayCopyMain/src/ArrayCopyMain.java,ArrayCopyMain::main,11,9,Default task
2021-09-09T18:24:02.467+09:00,user,IdeState,Active,ArrayCopyMain,Editor,C:/Users/user/IdeaProjects/ArrayCopyMain/src/ArrayCopyMain.java,ArrayCopyMain::main,12,10,Default task
2021-09-09T18:24:03.478+09:00,user,IdeState,Active,ArrayCopyMain,Editor,C:/Users/user/IdeaProjects/ArrayCopyMain/src/ArrayCopyMain.java,ArrayCopyMain::main,12,15,Default task
2021-09-09T18:24:04.489+09:00,user,IdeState,Active,ArrayCopyMain,Editor,C:/Users/user/IdeaProjects/ArrayCopyMain/src/ArrayCopyMain.java,ArrayCopyMain::main,12,16,Default task
2021-09-09T18:24:05.500+09:00,user,IdeState,Active,ArrayCopyMain,Editor,C:/Users/user/IdeaProjects/ArrayCopyMain/src/ArrayCopyMain.java,ArrayCopyMain::main,12,24,Default task
2021-09-09T18:24:06.512+09:00,user,IdeState,Active,ArrayCopyMain,Editor,C:/Users/user/IdeaProjects/ArrayCopyMain/src/ArrayCopyMain.java,ArrayCopyMain::main,12,24,Default task
2021-09-09T18:24:07.525+09:00,user,IdeState,Active,ArrayCopyMain,Editor,C:/Users/user/IdeaProjects/ArrayCopyMain/src/ArrayCopyMain.java,ArrayCopyMain::main,12,24,Default task
2021-09-09T18:24:08.540+09:00,user,IdeState,Active,ArrayCopyMain,Editor,C:/Users/user/IdeaProjects/ArrayCopyMain/src/ArrayCopyMain.java,ArrayCopyMain::main,8,18,Default task
2021-09-09T18:24:09.554+09:00,user,IdeState,Active,ArrayCopyMain,Editor,C:/Users/user/IdeaProjects/ArrayCopyMain/src/ArrayCopyMain.java,ArrayCopyMain::main,8,18,Default task
2021-09-09T18:24:10.565+09:00,user,IdeState,Active,ArrayCopyMain,Editor,C:/Users/user/IdeaProjects/ArrayCopyMain/src/ArrayCopyMain.java,ArrayCopyMain::main,8,17,Default task
2021-09-09T18:24:11.581+09:00,user,IdeState,Active,ArrayCopyMain,Editor,C:/Users/user/IdeaProjects/ArrayCopyMain/src/ArrayCopyMain.java,ArrayCopyMain::main,8,19,Default task
2021-09-09T18:24:12.594+09:00,user,IdeState,Active,ArrayCopyMain,Editor,C:/Users/user/IdeaProjects/ArrayCopyMain/src/ArrayCopyMain.java,ArrayCopyMain::main,8,18,Default task
2021-09-09T18:24:13.594+09:00,user,IdeState,Active,ArrayCopyMain,Editor,C:/Users/user/IdeaProjects/ArrayCopyMain/src/ArrayCopyMain.java,ArrayCopyMain::main,8,18,Default task
2021-09-09T18:24:14.599+09:00,user,IdeState,Active,ArrayCopyMain,Editor,C:/Users/user/IdeaProjects/ArrayCopyMain/src/ArrayCopyMain.java,ArrayCopyMain::main,8,24,Default task
2021-09-09T18:24:15.613+09:00,user,IdeState,Active,ArrayCopyMain,Editor,C:/Users/user/IdeaProjects/ArrayCopyMain/src/ArrayCopyMain.java,ArrayCopyMain::main,8,25,Default task
2021-09-09T18:24:16.629+09:00,user,IdeState,Active,ArrayCopyMain,Editor,C:/Users/user/IdeaProjects/ArrayCopyMain/src/ArrayCopyMain.java,ArrayCopyMain::main,8,25,Default task
2021-09-09T18:24:17.645+09:00,user,IdeState,Active,ArrayCopyMain,Editor,C:/Users/user/IdeaProjects/ArrayCopyMain/src/ArrayCopyMain.java,ArrayCopyMain::main,8,25,Default task
2021-09-09T18:24:18.661+09:00,user,IdeState,Active,ArrayCopyMain,Editor,C:/Users/user/IdeaProjects/ArrayCopyMain/src/ArrayCopyMain.java,ArrayCopyMain::main,8,25,Default task
2021-09-09T18:24:19.665+09:00,user,IdeState,Active,ArrayCopyMain,Editor,C:/Users/user/IdeaProjects/ArrayCopyMain/src/ArrayCopyMain.java,ArrayCopyMain::main,8,25,Default task
2021-09-09T18:24:20.679+09:00,user,IdeState,Active,ArrayCopyMain,Editor,C:/Users/user/IdeaProjects/ArrayCopyMain/src/ArrayCopyMain.java,ArrayCopyMain::main,8,25,Default task
2021-09-09T18:24:21.689+09:00,user,IdeState,Active,ArrayCopyMain,Editor,C:/Users/user/IdeaProjects/ArrayCopyMain/src/ArrayCopyMain.java,ArrayCopyMain::main,8,25,Default task
2021-09-09T18:24:22.703+09:00,user,IdeState,Active,ArrayCopyMain,Editor,C:/Users/user/IdeaProjects/ArrayCopyMain/src/ArrayCopyMain.java,ArrayCopyMain::main,8,25,Default task
2021-09-09T18:24:23.713+09:00,user,IdeState,Active,ArrayCopyMain,Editor,C:/Users/user/IdeaProjects/ArrayCopyMain/src/ArrayCopyMain.java,ArrayCopyMain::main,8,25,Default task
2021-09-09T18:24:24.723+09:00,user,IdeState,Active,ArrayCopyMain,Editor,C:/Users/user/IdeaProjects/ArrayCopyMain/src/ArrayCopyMain.java,ArrayCopyMain::main,8,25,Default task
2021-09-09T18:24:25.737+09:00,user,IdeState,Active,ArrayCopyMain,Editor,C:/Users/user/IdeaProjects/ArrayCopyMain/src/ArrayCopyMain.java,ArrayCopyMain::main,8,25,Default task
2021-09-09T18:24:26.749+09:00,user,IdeState,Active,ArrayCopyMain,Editor,C:/Users/user/IdeaProjects/ArrayCopyMain/src/ArrayCopyMain.java,ArrayCopyMain::main,8,25,Default task
2021-09-09T18:24:27.763+09:00,user,IdeState,Active,ArrayCopyMain,Editor,C:/Users/user/IdeaProjects/ArrayCopyMain/src/ArrayCopyMain.java,ArrayCopyMain::main,8,25,Default task
2021-09-09T18:24:28.777+09:00,user,IdeState,Active,ArrayCopyMain,Editor,C:/Users/user/IdeaProjects/ArrayCopyMain/src/ArrayCopyMain.java,ArrayCopyMain::main,9,8,Default task
2021-09-09T18:24:29.793+09:00,user,IdeState,Active,ArrayCopyMain,Editor,C:/Users/user/IdeaProjects/ArrayCopyMain/src/ArrayCopyMain.java,ArrayCopyMain::main,8,32,Default task
2021-09-09T18:24:30.806+09:00,user,IdeState,Active,ArrayCopyMain,Editor,C:/Users/user/IdeaProjects/ArrayCopyMain/src/ArrayCopyMain.java,ArrayCopyMain::main,8,32,Default task
2021-09-09T18:24:31.820+09:00,user,IdeState,Active,ArrayCopyMain,Editor,C:/Users/user/IdeaProjects/ArrayCopyMain/src/ArrayCopyMain.java,ArrayCopyMain::main,8,31,Default task
2021-09-09T18:24:32.835+09:00,user,IdeState,Active,ArrayCopyMain,Editor,C:/Users/user/IdeaProjects/ArrayCopyMain/src/ArrayCopyMain.java,ArrayCopyMain::main,8,31,Default task
2021-09-09T18:24:33.847+09:00,user,IdeState,Active,ArrayCopyMain,Editor,C:/Users/user/IdeaProjects/ArrayCopyMain/src/ArrayCopyMain.java,,12,5,Default task
2021-09-09T18:24:34.859+09:00,user,IdeState,Active,ArrayCopyMain,Editor,C:/Users/user/IdeaProjects/ArrayCopyMain/src/ArrayCopyMain.java,ArrayCopyMain::main,11,24,Default task
2021-09-09T18:24:35.861+09:00,user,IdeState,Active,ArrayCopyMain,Editor,C:/Users/user/IdeaProjects/ArrayCopyMain/src/ArrayCopyMain.java,ArrayCopyMain::main,12,8,Default task
2021-09-09T18:24:36.873+09:00,user,IdeState,Active,ArrayCopyMain,Editor,C:/Users/user/IdeaProjects/ArrayCopyMain/src/ArrayCopyMain.java,ArrayCopyMain::main,13,8,Default task
2021-09-09T18:24:37.885+09:00,user,IdeState,Active,ArrayCopyMain,Editor,C:/Users/user/IdeaProjects/ArrayCopyMain/src/ArrayCopyMain.java,ArrayCopyMain::main,13,9,Default task
2021-09-09T18:24:38.888+09:00,user,IdeState,Active,ArrayCopyMain,Editor,C:/Users/user/IdeaProjects/ArrayCopyMain/src/ArrayCopyMain.java,ArrayCopyMain::main,13,11,Default task
2021-09-09T18:24:39.888+09:00,user,IdeState,Active,ArrayCopyMain,Editor,C:/Users/user/IdeaProjects/ArrayCopyMain/src/ArrayCopyMain.java,ArrayCopyMain::main,13,11,Default task
2021-09-09T18:24:40.893+09:00,user,IdeState,Active,ArrayCopyMain,Editor,C:/Users/user/IdeaProjects/ArrayCopyMain/src/ArrayCopyMain.java,ArrayCopyMain::main,13,12,Default task
2021-09-09T18:24:41.907+09:00,user,IdeState,Active,ArrayCopyMain,Editor,C:/Users/user/IdeaProjects/ArrayCopyMain/src/ArrayCopyMain.java,ArrayCopyMain::main,13,13,Default task
2021-09-09T18:24:42.921+09:00,user,IdeState,Active,ArrayCopyMain,Editor,C:/Users/user/IdeaProjects/ArrayCopyMain/src/ArrayCopyMain.java,ArrayCopyMain::main,13,13,Default task
2021-09-09T18:24:43.933+09:00,user,IdeState,Active,ArrayCopyMain,Editor,C:/Users/user/IdeaProjects/ArrayCopyMain/src/ArrayCopyMain.java,ArrayCopyMain::main,13,15,Default task
2021-09-09T18:24:44.935+09:00,user,IdeState,Active,ArrayCopyMain,Editor,C:/Users/user/IdeaProjects/ArrayCopyMain/src/ArrayCopyMain.java,ArrayCopyMain::main,13,15,Default task
2021-09-09T18:24:45.936+09:00,user,IdeState,Active,ArrayCopyMain,Editor,C:/Users/user/IdeaProjects/ArrayCopyMain/src/ArrayCopyMain.java,ArrayCopyMain::main,13,17,Default task
2021-09-09T18:24:46.937+09:00,user,IdeState,Active,ArrayCopyMain,Editor,C:/Users/user/IdeaProjects/ArrayCopyMain/src/ArrayCopyMain.java,ArrayCopyMain::main,13,17,Default task
2021-09-09T18:24:47.948+09:00,user,IdeState,Active,ArrayCopyMain,Editor,C:/Users/user/IdeaProjects/ArrayCopyMain/src/ArrayCopyMain.java,ArrayCopyMain::main,13,22,Default task
2021-09-09T18:24:48.961+09:00,user,IdeState,Active,ArrayCopyMain,Editor,C:/Users/user/IdeaProjects/ArrayCopyMain/src/ArrayCopyMain.java,ArrayCopyMain::main,13,25,Default task
2021-09-09T18:24:49.961+09:00,user,IdeState,Active,ArrayCopyMain,Editor,C:/Users/user/IdeaProjects/ArrayCopyMain/src/ArrayCopyMain.java,ArrayCopyMain::main,13,25,Default task
2021-09-09T18:24:50.963+09:00,user,IdeState,Active,ArrayCopyMain,Editor,C:/Users/user/IdeaProjects/ArrayCopyMain/src/ArrayCopyMain.java,ArrayCopyMain::main,13,25,Default task
2021-09-09T18:24:51.977+09:00,user,IdeState,Active,ArrayCopyMain,Editor,C:/Users/user/IdeaProjects/ArrayCopyMain/src/ArrayCopyMain.java,ArrayCopyMain::main,13,33,Default task
2021-09-09T18:24:52.992+09:00,user,IdeState,Active,ArrayCopyMain,Editor,C:/Users/user/IdeaProjects/ArrayCopyMain/src/ArrayCopyMain.java,ArrayCopyMain::main,14,8,Default task
2021-09-09T18:24:53.993+09:00,user,IdeState,Active,ArrayCopyMain,Editor,C:/Users/user/IdeaProjects/ArrayCopyMain/src/ArrayCopyMain.java,ArrayCopyMain::main,14,11,Default task
2021-09-09T18:24:55.001+09:00,user,IdeState,Active,ArrayCopyMain,Editor,C:/Users/user/IdeaProjects/ArrayCopyMain/src/ArrayCopyMain.java,ArrayCopyMain::main,14,13,Default task
2021-09-09T18:24:56.014+09:00,user,IdeState,Active,ArrayCopyMain,Editor,C:/Users/user/IdeaProjects/ArrayCopyMain/src/ArrayCopyMain.java,ArrayCopyMain::main,14,15,Default task
2021-09-09T18:24:57.015+09:00,user,IdeState,Active,ArrayCopyMain,Editor,C:/Users/user/IdeaProjects/ArrayCopyMain/src/ArrayCopyMain.java,ArrayCopyMain::main,14,19,Default task
2021-09-09T18:24:58.026+09:00,user,IdeState,Active,ArrayCopyMain,Editor,C:/Users/user/IdeaProjects/ArrayCopyMain/src/ArrayCopyMain.java,ArrayCopyMain::main,14,22,Default task
2021-09-09T18:24:59.040+09:00,user,IdeState,Active,ArrayCopyMain,Editor,C:/Users/user/IdeaProjects/ArrayCopyMain/src/ArrayCopyMain.java,ArrayCopyMain::main,14,24,Default task
2021-09-09T18:25:00.055+09:00,user,IdeState,Active,ArrayCopyMain,Editor,C:/Users/user/IdeaProjects/ArrayCopyMain/src/ArrayCopyMain.java,ArrayCopyMain::main,14,29,Default task
2021-09-09T18:25:01.070+09:00,user,IdeState,Active,ArrayCopyMain,Editor,C:/Users/user/IdeaProjects/ArrayCopyMain/src/ArrayCopyMain.java,ArrayCopyMain::main,14,29,Default task
2021-09-09T18:25:02.084+09:00,user,IdeState,Active,ArrayCopyMain,Editor,C:/Users/user/IdeaProjects/ArrayCopyMain/src/ArrayCopyMain.java,ArrayCopyMain::main,14,30,Default task
2021-09-09T18:25:03.097+09:00,user,IdeState,Active,ArrayCopyMain,Editor,C:/Users/user/IdeaProjects/ArrayCopyMain/src/ArrayCopyMain.java,ArrayCopyMain::main,14,33,Default task
2021-09-09T18:25:04.111+09:00,user,IdeState,Active,ArrayCopyMain,Editor,C:/Users/user/IdeaProjects/ArrayCopyMain/src/ArrayCopyMain.java,ArrayCopyMain::main,14,38,Default task
2021-09-09T18:25:05.124+09:00,user,IdeState,Active,ArrayCopyMain,Editor,C:/Users/user/IdeaProjects/ArrayCopyMain/src/ArrayCopyMain.java,ArrayCopyMain::main,14,39,Default task
2021-09-09T18:25:06.125+09:00,user,IdeState,Active,ArrayCopyMain,Editor,C:/Users/user/IdeaProjects/ArrayCopyMain/src/ArrayCopyMain.java,ArrayCopyMain::main,14,43,Default task
2021-09-09T18:25:07.129+09:00,user,IdeState,Active,ArrayCopyMain,Editor,C:/Users/user/IdeaProjects/ArrayCopyMain/src/ArrayCopyMain.java,ArrayCopyMain::main,14,45,Default task
2021-09-09T18:25:08.131+09:00,user,IdeState,Active,ArrayCopyMain,Editor,C:/Users/user/IdeaProjects/ArrayCopyMain/src/ArrayCopyMain.java,ArrayCopyMain::main,15,8,Default task
2021-09-09T18:25:09.139+09:00,user,IdeState,Active,ArrayCopyMain,Editor,C:/Users/user/IdeaProjects/ArrayCopyMain/src/ArrayCopyMain.java,ArrayCopyMain::main,15,8,Default task
2021-09-09T18:25:10.153+09:00,user,IdeState,Active,ArrayCopyMain,Editor,C:/Users/user/IdeaProjects/ArrayCopyMain/src/ArrayCopyMain.java,ArrayCopyMain::main,15,8,Default task
2021-09-09T18:25:11.167+09:00,user,IdeState,Active,ArrayCopyMain,Editor,C:/Users/user/IdeaProjects/ArrayCopyMain/src/ArrayCopyMain.java,ArrayCopyMain::main,15,8,Default task
2021-09-09T18:25:12.181+09:00,user,IdeState,Active,ArrayCopyMain,Editor,C:/Users/user/IdeaProjects/ArrayCopyMain/src/ArrayCopyMain.java,ArrayCopyMain::main,15,8,Default task
2021-09-09T18:25:13.196+09:00,user,IdeState,Active,ArrayCopyMain,Editor,C:/Users/user/IdeaProjects/ArrayCopyMain/src/ArrayCopyMain.java,ArrayCopyMain::main,15,8,Default task
2021-09-09T18:25:14.199+09:00,user,IdeState,Active,ArrayCopyMain,Editor,C:/Users/user/IdeaProjects/ArrayCopyMain/src/ArrayCopyMain.java,ArrayCopyMain::main,15,10,Default task
2021-09-09T18:25:15.213+09:00,user,IdeState,Active,ArrayCopyMain,Editor,C:/Users/user/IdeaProjects/ArrayCopyMain/src/ArrayCopyMain.java,ArrayCopyMain::main,15,13,Default task
2021-09-09T18:25:16.225+09:00,user,IdeState,Active,ArrayCopyMain,Editor,C:/Users/user/IdeaProjects/ArrayCopyMain/src/ArrayCopyMain.java,ArrayCopyMain::main,15,14,Default task
2021-09-09T18:25:17.229+09:00,user,IdeState,Active,ArrayCopyMain,Editor,C:/Users/user/IdeaProjects/ArrayCopyMain/src/ArrayCopyMain.java,ArrayCopyMain::main,15,14,Default task
2021-09-09T18:25:18.244+09:00,user,IdeState,Active,ArrayCopyMain,Editor,C:/Users/user/IdeaProjects/ArrayCopyMain/src/ArrayCopyMain.java,ArrayCopyMain::main,15,16,Default task
2021-09-09T18:25:19.259+09:00,user,IdeState,Active,ArrayCopyMain,Editor,C:/Users/user/IdeaProjects/ArrayCopyMain/src/ArrayCopyMain.java,ArrayCopyMain::main,15,19,Default task
2021-09-09T18:25:20.260+09:00,user,IdeState,Active,ArrayCopyMain,Editor,C:/Users/user/IdeaProjects/ArrayCopyMain/src/ArrayCopyMain.java,ArrayCopyMain::main,15,19,Default task
2021-09-09T18:25:21.274+09:00,user,IdeState,Active,ArrayCopyMain,Editor,C:/Users/user/IdeaProjects/ArrayCopyMain/src/ArrayCopyMain.java,ArrayCopyMain::main,15,20,Default task
2021-09-09T18:25:22.288+09:00,user,IdeState,Active,ArrayCopyMain,Editor,C:/Users/user/IdeaProjects/ArrayCopyMain/src/ArrayCopyMain.java,ArrayCopyMain::main,15,20,Default task
2021-09-09T18:25:23.301+09:00,user,IdeState,Active,ArrayCopyMain,Editor,C:/Users/user/IdeaProjects/ArrayCopyMain/src/ArrayCopyMain.java,ArrayCopyMain::main,15,20,Default task
2021-09-09T18:25:24.316+09:00,user,IdeState,Active,ArrayCopyMain,Editor,C:/Users/user/IdeaProjects/ArrayCopyMain/src/ArrayCopyMain.java,ArrayCopyMain::main,14,47,Default task
2021-09-09T18:25:25.331+09:00,user,IdeState,Active,ArrayCopyMain,Editor,C:/Users/user/IdeaProjects/ArrayCopyMain/src/ArrayCopyMain.java,ArrayCopyMain::main,15,8,Default task
2021-09-09T18:25:26.343+09:00,user,IdeState,Active,ArrayCopyMain,Editor,C:/Users/user/IdeaProjects/ArrayCopyMain/src/ArrayCopyMain.java,ArrayCopyMain::main,16,8,Default task
2021-09-09T18:25:27.345+09:00,user,IdeState,Active,ArrayCopyMain,Editor,C:/Users/user/IdeaProjects/ArrayCopyMain/src/ArrayCopyMain.java,ArrayCopyMain::main,16,8,Default task
2021-09-09T18:25:28.358+09:00,user,IdeState,Active,ArrayCopyMain,Editor,C:/Users/user/IdeaProjects/ArrayCopyMain/src/ArrayCopyMain.java,ArrayCopyMain::main,16,20,Default task
2021-09-09T18:25:29.369+09:00,user,IdeState,Active,ArrayCopyMain,Editor,C:/Users/user/IdeaProjects/ArrayCopyMain/src/ArrayCopyMain.java,ArrayCopyMain::main,16,20,Default task
2021-09-09T18:25:30.370+09:00,user,IdeState,Active,ArrayCopyMain,Editor,C:/Users/user/IdeaProjects/ArrayCopyMain/src/ArrayCopyMain.java,ArrayCopyMain::main,16,21,Default task
2021-09-09T18:25:31.394+09:00,user,IdeState,Active,ArrayCopyMain,Editor,C:/Users/user/IdeaProjects/ArrayCopyMain/src/ArrayCopyMain.java,ArrayCopyMain::main,16,27,Default task
2021-09-09T18:25:32.396+09:00,user,IdeState,Active,ArrayCopyMain,Editor,C:/Users/user/IdeaProjects/ArrayCopyMain/src/ArrayCopyMain.java,ArrayCopyMain::main,16,27,Default task
2021-09-09T18:25:33.412+09:00,user,IdeState,Active,ArrayCopyMain,Editor,C:/Users/user/IdeaProjects/ArrayCopyMain/src/ArrayCopyMain.java,ArrayCopyMain::main,16,29,Default task
2021-09-09T18:25:34.427+09:00,user,IdeState,Active,ArrayCopyMain,Editor,C:/Users/user/IdeaProjects/ArrayCopyMain/src/ArrayCopyMain.java,ArrayCopyMain::main,16,31,Default task
2021-09-09T18:25:35.442+09:00,user,IdeState,Active,ArrayCopyMain,Editor,C:/Users/user/IdeaProjects/ArrayCopyMain/src/ArrayCopyMain.java,ArrayCopyMain::main,17,8,Default task
2021-09-09T18:25:36.446+09:00,user,IdeState,Active,ArrayCopyMain,Editor,C:/Users/user/IdeaProjects/ArrayCopyMain/src/ArrayCopyMain.java,ArrayCopyMain::main,17,8,Default task
2021-09-09T18:25:37.452+09:00,user,IdeState,Active,ArrayCopyMain,Editor,C:/Users/user/IdeaProjects/ArrayCopyMain/src/ArrayCopyMain.java,ArrayCopyMain::main,17,8,Default task
2021-09-09T18:25:38.466+09:00,user,IdeState,Active,ArrayCopyMain,Editor,C:/Users/user/IdeaProjects/ArrayCopyMain/src/ArrayCopyMain.java,ArrayCopyMain::main,17,8,Default task
2021-09-09T18:25:39.468+09:00,user,IdeState,Active,ArrayCopyMain,Editor,C:/Users/user/IdeaProjects/ArrayCopyMain/src/ArrayCopyMain.java,ArrayCopyMain::main,17,8,Default task
2021-09-09T18:25:40.480+09:00,user,IdeState,Active,ArrayCopyMain,Editor,C:/Users/user/IdeaProjects/ArrayCopyMain/src/ArrayCopyMain.java,ArrayCopyMain::main,17,8,Default task
2021-09-09T18:25:41.493+09:00,user,IdeState,Active,ArrayCopyMain,Editor,C:/Users/user/IdeaProjects/ArrayCopyMain/src/ArrayCopyMain.java,ArrayCopyMain::main,17,9,Default task
2021-09-09T18:25:42.505+09:00,user,IdeState,Active,ArrayCopyMain,Editor,C:/Users/user/IdeaProjects/ArrayCopyMain/src/ArrayCopyMain.java,ArrayCopyMain::main,17,9,Default task
2021-09-09T18:25:43.511+09:00,user,IdeState,Active,ArrayCopyMain,Editor,C:/Users/user/IdeaProjects/ArrayCopyMain/src/ArrayCopyMain.java,ArrayCopyMain::main,17,10,Default task
2021-09-09T18:25:44.521+09:00,user,IdeState,Active,ArrayCopyMain,Editor,C:/Users/user/IdeaProjects/ArrayCopyMain/src/ArrayCopyMain.java,ArrayCopyMain::main,17,14,Default task
2021-09-09T18:25:45.533+09:00,user,IdeState,Active,ArrayCopyMain,Editor,C:/Users/user/IdeaProjects/ArrayCopyMain/src/ArrayCopyMain.java,ArrayCopyMain::main,17,18,Default task
2021-09-09T18:25:46.548+09:00,user,IdeState,Active,ArrayCopyMain,Editor,C:/Users/user/IdeaProjects/ArrayCopyMain/src/ArrayCopyMain.java,ArrayCopyMain::main,17,19,Default task
2021-09-09T18:25:47.562+09:00,user,IdeState,Active,ArrayCopyMain,Editor,C:/Users/user/IdeaProjects/ArrayCopyMain/src/ArrayCopyMain.java,ArrayCopyMain::main,17,19,Default task
2021-09-09T18:25:48.577+09:00,user,IdeState,Active,ArrayCopyMain,Editor,C:/Users/user/IdeaProjects/ArrayCopyMain/src/ArrayCopyMain.java,ArrayCopyMain::main,17,27,Default task
2021-09-09T18:25:49.593+09:00,user,IdeState,Active,ArrayCopyMain,Editor,C:/Users/user/IdeaProjects/ArrayCopyMain/src/ArrayCopyMain.java,ArrayCopyMain::main,17,27,Default task
2021-09-09T18:25:50.610+09:00,user,IdeState,Active,ArrayCopyMain,Editor,C:/Users/user/IdeaProjects/ArrayCopyMain/src/ArrayCopyMain.java,ArrayCopyMain::main,18,19,Default task
2021-09-09T18:25:51.623+09:00,user,IdeState,Active,ArrayCopyMain,Editor,C:/Users/user/IdeaProjects/ArrayCopyMain/src/ArrayCopyMain.java,ArrayCopyMain::main,18,8,Default task
2021-09-09T18:25:52.636+09:00,user,IdeState,Active,ArrayCopyMain,Editor,C:/Users/user/IdeaProjects/ArrayCopyMain/src/ArrayCopyMain.java,ArrayCopyMain::main,17,30,Default task
2021-09-09T18:25:53.647+09:00,user,IdeState,Active,ArrayCopyMain,Editor,C:/Users/user/IdeaProjects/ArrayCopyMain/src/ArrayCopyMain.java,ArrayCopyMain::main,17,27,Default task
2021-09-09T18:25:54.656+09:00,user,IdeState,Active,ArrayCopyMain,Editor,C:/Users/user/IdeaProjects/ArrayCopyMain/src/ArrayCopyMain.java,ArrayCopyMain::main,17,27,Default task
2021-09-09T18:25:55.671+09:00,user,IdeState,Active,ArrayCopyMain,Editor,C:/Users/user/IdeaProjects/ArrayCopyMain/src/ArrayCopyMain.java,ArrayCopyMain::main,17,27,Default task
2021-09-09T18:25:56.686+09:00,user,IdeState,Active,ArrayCopyMain,Editor,C:/Users/user/IdeaProjects/ArrayCopyMain/src/ArrayCopyMain.java,ArrayCopyMain::main,17,28,Default task
2021-09-09T18:25:57.697+09:00,user,IdeState,Active,ArrayCopyMain,Editor,C:/Users/user/IdeaProjects/ArrayCopyMain/src/ArrayCopyMain.java,ArrayCopyMain::main,17,30,Default task
2021-09-09T18:25:58.704+09:00,user,IdeState,Active,ArrayCopyMain,Editor,C:/Users/user/IdeaProjects/ArrayCopyMain/src/ArrayCopyMain.java,ArrayCopyMain::main,17,30,Default task
2021-09-09T18:25:59.715+09:00,user,IdeState,Active,ArrayCopyMain,Editor,C:/Users/user/IdeaProjects/ArrayCopyMain/src/ArrayCopyMain.java,ArrayCopyMain::main,17,35,Default task
2021-09-09T18:26:00.722+09:00,user,IdeState,Active,ArrayCopyMain,Editor,C:/Users/user/IdeaProjects/ArrayCopyMain/src/ArrayCopyMain.java,ArrayCopyMain::main,17,36,Default task
2021-09-09T18:26:01.723+09:00,user,IdeState,Active,ArrayCopyMain,Editor,C:/Users/user/IdeaProjects/ArrayCopyMain/src/ArrayCopyMain.java,ArrayCopyMain::main,17,38,Default task
2021-09-09T18:26:02.724+09:00,user,IdeState,Active,ArrayCopyMain,Editor,C:/Users/user/IdeaProjects/ArrayCopyMain/src/ArrayCopyMain.java,ArrayCopyMain::main,17,40,Default task
2021-09-09T18:26:03.735+09:00,user,IdeState,Active,ArrayCopyMain,Editor,C:/Users/user/IdeaProjects/ArrayCopyMain/src/ArrayCopyMain.java,ArrayCopyMain::main,17,40,Default task
2021-09-09T18:26:04.739+09:00,user,IdeState,Active,ArrayCopyMain,Editor,C:/Users/user/IdeaProjects/ArrayCopyMain/src/ArrayCopyMain.java,ArrayCopyMain::main,17,42,Default task
2021-09-09T18:26:05.754+09:00,user,IdeState,Active,ArrayCopyMain,Editor,C:/Users/user/IdeaProjects/ArrayCopyMain/src/ArrayCopyMain.java,ArrayCopyMain::main,17,44,Default task
2021-09-09T18:26:06.767+09:00,user,IdeState,Active,ArrayCopyMain,Editor,C:/Users/user/IdeaProjects/ArrayCopyMain/src/ArrayCopyMain.java,ArrayCopyMain::main,17,43,Default task
2021-09-09T18:26:07.780+09:00,user,IdeState,Active,ArrayCopyMain,Editor,C:/Users/user/IdeaProjects/ArrayCopyMain/src/ArrayCopyMain.java,ArrayCopyMain::main,17,44,Default task
2021-09-09T18:26:08.793+09:00,user,IdeState,Active,ArrayCopyMain,Editor,C:/Users/user/IdeaProjects/ArrayCopyMain/src/ArrayCopyMain.java,ArrayCopyMain::main,17,45,Default task
2021-09-09T18:26:09.799+09:00,user,IdeState,Active,ArrayCopyMain,Editor,C:/Users/user/IdeaProjects/ArrayCopyMain/src/ArrayCopyMain.java,ArrayCopyMain::main,17,46,Default task
2021-09-09T18:26:10.813+09:00,user,IdeState,Active,ArrayCopyMain,Editor,C:/Users/user/IdeaProjects/ArrayCopyMain/src/ArrayCopyMain.java,ArrayCopyMain::main,17,50,Default task
2021-09-09T18:26:11.827+09:00,user,IdeState,Active,ArrayCopyMain,Editor,C:/Users/user/IdeaProjects/ArrayCopyMain/src/ArrayCopyMain.java,ArrayCopyMain::main,17,51,Default task
2021-09-09T18:26:12.832+09:00,user,IdeState,Active,ArrayCopyMain,Editor,C:/Users/user/IdeaProjects/ArrayCopyMain/src/ArrayCopyMain.java,ArrayCopyMain::main,17,51,Default task
2021-09-09T18:26:13.845+09:00,user,IdeState,Active,ArrayCopyMain,Editor,C:/Users/user/IdeaProjects/ArrayCopyMain/src/ArrayCopyMain.java,ArrayCopyMain::main,17,51,Default task
2021-09-09T18:26:14.861+09:00,user,IdeState,Active,ArrayCopyMain,Editor,C:/Users/user/IdeaProjects/ArrayCopyMain/src/ArrayCopyMain.java,ArrayCopyMain::main,17,51,Default task
2021-09-09T18:26:15.868+09:00,user,IdeState,Active,ArrayCopyMain,Editor,C:/Users/user/IdeaProjects/ArrayCopyMain/src/ArrayCopyMain.java,ArrayCopyMain::main,17,52,Default task
2021-09-09T18:26:16.880+09:00,user,IdeState,Active,ArrayCopyMain,Editor,C:/Users/user/IdeaProjects/ArrayCopyMain/src/ArrayCopyMain.java,ArrayCopyMain::main,18,61,Default task
2021-09-09T18:26:17.905+09:00,user,IdeState,Active,ArrayCopyMain,Editor,C:/Users/user/IdeaProjects/ArrayCopyMain/src/ArrayCopyMain.java,ArrayCopyMain::main,18,61,Default task
2021-09-09T18:26:19.001+09:00,user,IdeState,Active,ArrayCopyMain,Editor,C:/Users/user/IdeaProjects/ArrayCopyMain/src/ArrayCopyMain.java,ArrayCopyMain::main,18,64,Default task
2021-09-09T18:26:20.045+09:00,user,IdeState,Active,ArrayCopyMain,Editor,C:/Users/user/IdeaProjects/ArrayCopyMain/src/ArrayCopyMain.java,ArrayCopyMain::main,18,69,Default task
2021-09-09T18:26:21.051+09:00,user,IdeState,Active,ArrayCopyMain,Editor,C:/Users/user/IdeaProjects/ArrayCopyMain/src/ArrayCopyMain.java,ArrayCopyMain::main,18,69,Default task
2021-09-09T18:26:22.066+09:00,user,IdeState,Active,ArrayCopyMain,Editor,C:/Users/user/IdeaProjects/ArrayCopyMain/src/ArrayCopyMain.java,ArrayCopyMain::main,18,71,Default task
2021-09-09T18:26:23.082+09:00,user,IdeState,Active,ArrayCopyMain,Editor,C:/Users/user/IdeaProjects/ArrayCopyMain/src/ArrayCopyMain.java,ArrayCopyMain::main,19,8,Default task
2021-09-09T18:26:24.092+09:00,user,IdeState,Active,ArrayCopyMain,Editor,C:/Users/user/IdeaProjects/ArrayCopyMain/src/ArrayCopyMain.java,ArrayCopyMain::main,19,8,Default task
2021-09-09T18:26:25.105+09:00,user,IdeState,Active,ArrayCopyMain,Editor,C:/Users/user/IdeaProjects/ArrayCopyMain/src/ArrayCopyMain.java,ArrayCopyMain::main,19,8,Default task
2021-09-09T18:26:26.120+09:00,user,IdeState,Active,ArrayCopyMain,Editor,C:/Users/user/IdeaProjects/ArrayCopyMain/src/ArrayCopyMain.java,ArrayCopyMain::main,19,8,Default task
2021-09-09T18:26:27.134+09:00,user,IdeState,Active,ArrayCopyMain,Editor,C:/Users/user/IdeaProjects/ArrayCopyMain/src/ArrayCopyMain.java,ArrayCopyMain::main,19,8,Default task
2021-09-09T18:26:28.135+09:00,user,IdeState,Active,ArrayCopyMain,Editor,C:/Users/user/IdeaProjects/ArrayCopyMain/src/ArrayCopyMain.java,ArrayCopyMain::main,17,16,Default task
2021-09-09T18:26:29.150+09:00,user,IdeState,Active,ArrayCopyMain,Editor,C:/Users/user/IdeaProjects/ArrayCopyMain/src/ArrayCopyMain.java,ArrayCopyMain::main,17,14,Default task
2021-09-09T18:26:30.159+09:00,user,IdeState,Active,ArrayCopyMain,Editor,C:/Users/user/IdeaProjects/ArrayCopyMain/src/ArrayCopyMain.java,ArrayCopyMain::main,17,14,Default task
2021-09-09T18:26:31.174+09:00,user,IdeState,Active,ArrayCopyMain,Editor,C:/Users/user/IdeaProjects/ArrayCopyMain/src/ArrayCopyMain.java,ArrayCopyMain::main,17,14,Default task
2021-09-09T18:26:32.185+09:00,user,IdeState,Active,ArrayCopyMain,Editor,C:/Users/user/IdeaProjects/ArrayCopyMain/src/ArrayCopyMain.java,ArrayCopyMain::main,17,14,Default task
2021-09-09T18:26:33.195+09:00,user,IdeState,Active,ArrayCopyMain,Editor,C:/Users/user/IdeaProjects/ArrayCopyMain/src/ArrayCopyMain.java,ArrayCopyMain::main,17,14,Default task
2021-09-09T18:26:34.208+09:00,user,IdeState,Active,ArrayCopyMain,Editor,C:/Users/user/IdeaProjects/ArrayCopyMain/src/ArrayCopyMain.java,ArrayCopyMain::main,17,14,Default task
2021-09-09T18:26:35.221+09:00,user,IdeState,Active,ArrayCopyMain,Editor,C:/Users/user/IdeaProjects/ArrayCopyMain/src/ArrayCopyMain.java,ArrayCopyMain::main,17,14,Default task
2021-09-09T18:26:36.235+09:00,user,IdeState,Active,ArrayCopyMain,Editor,C:/Users/user/IdeaProjects/ArrayCopyMain/src/ArrayCopyMain.java,ArrayCopyMain::main,17,14,Default task
2021-09-09T18:26:37.237+09:00,user,IdeState,Active,ArrayCopyMain,Editor,C:/Users/user/IdeaProjects/ArrayCopyMain/src/ArrayCopyMain.java,ArrayCopyMain::main,17,14,Default task
2021-09-09T18:26:38.248+09:00,user,IdeState,Active,ArrayCopyMain,Editor,C:/Users/user/IdeaProjects/ArrayCopyMain/src/ArrayCopyMain.java,ArrayCopyMain::main,17,14,Default task
2021-09-09T18:26:39.264+09:00,user,IdeState,Active,ArrayCopyMain,Editor,C:/Users/user/IdeaProjects/ArrayCopyMain/src/ArrayCopyMain.java,ArrayCopyMain::main,17,14,Default task
2021-09-09T18:26:40.277+09:00,user,IdeState,Active,ArrayCopyMain,Editor,C:/Users/user/IdeaProjects/ArrayCopyMain/src/ArrayCopyMain.java,ArrayCopyMain::main,17,14,Default task
2021-09-09T18:26:41.279+09:00,user,IdeState,Active,ArrayCopyMain,Editor,C:/Users/user/IdeaProjects/ArrayCopyMain/src/ArrayCopyMain.java,ArrayCopyMain::main,17,14,Default task
2021-09-09T18:26:42.292+09:00,user,IdeState,Active,ArrayCopyMain,Editor,C:/Users/user/IdeaProjects/ArrayCopyMain/src/ArrayCopyMain.java,ArrayCopyMain::main,17,14,Default task
2021-09-09T18:26:43.305+09:00,user,IdeState,Active,ArrayCopyMain,Editor,C:/Users/user/IdeaProjects/ArrayCopyMain/src/ArrayCopyMain.java,ArrayCopyMain::main,17,14,Default task
2021-09-09T18:26:44.319+09:00,user,IdeState,Active,ArrayCopyMain,Editor,C:/Users/user/IdeaProjects/ArrayCopyMain/src/ArrayCopyMain.java,ArrayCopyMain::main,17,14,Default task
2021-09-09T18:26:45.334+09:00,user,IdeState,Active,ArrayCopyMain,Editor,C:/Users/user/IdeaProjects/ArrayCopyMain/src/ArrayCopyMain.java,ArrayCopyMain::main,17,14,Default task
2021-09-09T18:26:46.348+09:00,user,IdeState,Active,ArrayCopyMain,Editor,C:/Users/user/IdeaProjects/ArrayCopyMain/src/ArrayCopyMain.java,ArrayCopyMain::main,17,14,Default task
2021-09-09T18:26:47.361+09:00,user,IdeState,Active,ArrayCopyMain,Editor,C:/Users/user/IdeaProjects/ArrayCopyMain/src/ArrayCopyMain.java,ArrayCopyMain::main,17,14,Default task
2021-09-09T18:26:48.374+09:00,user,IdeState,Active,ArrayCopyMain,Editor,C:/Users/user/IdeaProjects/ArrayCopyMain/src/ArrayCopyMain.java,ArrayCopyMain::main,17,14,Default task
2021-09-09T18:26:49.375+09:00,user,IdeState,Active,ArrayCopyMain,Editor,C:/Users/user/IdeaProjects/ArrayCopyMain/src/ArrayCopyMain.java,ArrayCopyMain::main,17,14,Default task
2021-09-09T18:26:50.391+09:00,user,IdeState,Active,ArrayCopyMain,Editor,C:/Users/user/IdeaProjects/ArrayCopyMain/src/ArrayCopyMain.java,ArrayCopyMain::main,17,14,Default task
2021-09-09T18:26:51.391+09:00,user,IdeState,Active,ArrayCopyMain,Editor,C:/Users/user/IdeaProjects/ArrayCopyMain/src/ArrayCopyMain.java,ArrayCopyMain::main,17,14,Default task
2021-09-09T18:26:52.403+09:00,user,IdeState,Active,ArrayCopyMain,Problems View,C:/Users/user/IdeaProjects/ArrayCopyMain/src/ArrayCopyMain.java,ArrayCopyMain::main,17,14,Default task
2021-09-09T18:26:53.416+09:00,user,IdeState,Active,ArrayCopyMain,Problems View,C:/Users/user/IdeaProjects/ArrayCopyMain/src/ArrayCopyMain.java,ArrayCopyMain::main,17,14,Default task
2021-09-09T18:26:54.430+09:00,user,IdeState,Active,ArrayCopyMain,Problems View,C:/Users/user/IdeaProjects/ArrayCopyMain/src/ArrayCopyMain.java,ArrayCopyMain::main,17,14,Default task
2021-09-09T18:26:55.431+09:00,user,IdeState,Active,ArrayCopyMain,Problems View,C:/Users/user/IdeaProjects/ArrayCopyMain/src/ArrayCopyMain.java,ArrayCopyMain::main,17,14,Default task
2021-09-09T18:26:56.444+09:00,user,IdeState,Active,ArrayCopyMain,Problems View,C:/Users/user/IdeaProjects/ArrayCopyMain/src/ArrayCopyMain.java,ArrayCopyMain::main,17,14,Default task
2021-09-09T18:26:57.456+09:00,user,IdeState,Active,ArrayCopyMain,Problems View,C:/Users/user/IdeaProjects/ArrayCopyMain/src/ArrayCopyMain.java,ArrayCopyMain::main,17,14,Default task
2021-09-09T18:26:58.472+09:00,user,IdeState,Active,ArrayCopyMain,Problems View,C:/Users/user/IdeaProjects/ArrayCopyMain/src/ArrayCopyMain.java,ArrayCopyMain::main,17,14,Default task
2021-09-09T18:26:59.481+09:00,user,IdeState,Active,ArrayCopyMain,Problems View,C:/Users/user/IdeaProjects/ArrayCopyMain/src/ArrayCopyMain.java,ArrayCopyMain::main,17,14,Default task
2021-09-09T18:27:00.496+09:00,user,IdeState,Active,ArrayCopyMain,Problems View,C:/Users/user/IdeaProjects/ArrayCopyMain/src/ArrayCopyMain.java,ArrayCopyMain::main,17,14,Default task
2021-09-09T18:27:01.509+09:00,user,IdeState,Active,ArrayCopyMain,Problems View,C:/Users/user/IdeaProjects/ArrayCopyMain/src/ArrayCopyMain.java,ArrayCopyMain::main,17,14,Default task
2021-09-09T18:27:02.525+09:00,user,IdeState,Active,ArrayCopyMain,Problems View,C:/Users/user/IdeaProjects/ArrayCopyMain/src/ArrayCopyMain.java,ArrayCopyMain::main,17,14,Default task
2021-09-09T18:27:03.535+09:00,user,IdeState,Active,ArrayCopyMain,Problems View,C:/Users/user/IdeaProjects/ArrayCopyMain/src/ArrayCopyMain.java,ArrayCopyMain::main,17,14,Default task
2021-09-09T18:27:04.547+09:00,user,IdeState,Active,ArrayCopyMain,Editor,C:/Users/user/IdeaProjects/ArrayCopyMain/src/ArrayCopyMain.java,,20,5,Default task
2021-09-09T18:27:05.561+09:00,user,IdeState,Active,ArrayCopyMain,Editor,C:/Users/user/IdeaProjects/ArrayCopyMain/src/ArrayCopyMain.java,,20,5,Default task
2021-09-09T18:27:06.573+09:00,user,IdeState,Active,ArrayCopyMain,Editor,C:/Users/user/IdeaProjects/ArrayCopyMain/src/ArrayCopyMain.java,ArrayCopyMain::main,19,8,Default task
2021-09-09T18:27:07.573+09:00,user,IdeState,Active,ArrayCopyMain,Editor,C:/Users/user/IdeaProjects/ArrayCopyMain/src/ArrayCopyMain.java,ArrayCopyMain::main,20,8,Default task
2021-09-09T18:27:08.574+09:00,user,IdeState,Active,ArrayCopyMain,Editor,C:/Users/user/IdeaProjects/ArrayCopyMain/src/ArrayCopyMain.java,ArrayCopyMain::main,20,12,Default task
2021-09-09T18:27:09.587+09:00,user,IdeState,Active,ArrayCopyMain,Editor,C:/Users/user/IdeaProjects/ArrayCopyMain/src/ArrayCopyMain.java,ArrayCopyMain::main,20,15,Default task
2021-09-09T18:27:10.601+09:00,user,IdeState,Active,ArrayCopyMain,Editor,C:/Users/user/IdeaProjects/ArrayCopyMain/src/ArrayCopyMain.java,ArrayCopyMain::main,20,14,Default task
2021-09-09T18:27:11.611+09:00,user,IdeState,Active,ArrayCopyMain,Editor,C:/Users/user/IdeaProjects/ArrayCopyMain/src/ArrayCopyMain.java,ArrayCopyMain::main,20,17,Default task
2021-09-09T18:27:12.614+09:00,user,IdeState,Active,ArrayCopyMain,Editor,C:/Users/user/IdeaProjects/ArrayCopyMain/src/ArrayCopyMain.java,ArrayCopyMain::main,20,19,Default task
2021-09-09T18:27:13.627+09:00,user,IdeState,Active,ArrayCopyMain,Editor,C:/Users/user/IdeaProjects/ArrayCopyMain/src/ArrayCopyMain.java,ArrayCopyMain::main,20,19,Default task
2021-09-09T18:27:14.656+09:00,user,IdeState,Active,ArrayCopyMain,Editor,C:/Users/user/IdeaProjects/ArrayCopyMain/src/ArrayCopyMain.java,ArrayCopyMain::main,20,23,Default task
2021-09-09T18:27:15.672+09:00,user,IdeState,Active,ArrayCopyMain,Editor,C:/Users/user/IdeaProjects/ArrayCopyMain/src/ArrayCopyMain.java,ArrayCopyMain::main,20,25,Default task
2021-09-09T18:27:16.686+09:00,user,IdeState,Active,ArrayCopyMain,Editor,C:/Users/user/IdeaProjects/ArrayCopyMain/src/ArrayCopyMain.java,ArrayCopyMain::main,20,25,Default task
2021-09-09T18:27:17.699+09:00,user,IdeState,Active,ArrayCopyMain,Editor,C:/Users/user/IdeaProjects/ArrayCopyMain/src/ArrayCopyMain.java,ArrayCopyMain::main,20,27,Default task
2021-09-09T18:27:18.712+09:00,user,IdeState,Active,ArrayCopyMain,Editor,C:/Users/user/IdeaProjects/ArrayCopyMain/src/ArrayCopyMain.java,ArrayCopyMain::main,21,8,Default task
2021-09-09T18:27:19.714+09:00,user,IdeState,Active,ArrayCopyMain,Editor,C:/Users/user/IdeaProjects/ArrayCopyMain/src/ArrayCopyMain.java,ArrayCopyMain::main,21,9,Default task
2021-09-09T18:27:20.726+09:00,user,IdeState,Active,ArrayCopyMain,Editor,C:/Users/user/IdeaProjects/ArrayCopyMain/src/ArrayCopyMain.java,ArrayCopyMain::main,21,8,Default task
2021-09-09T18:27:21.733+09:00,user,IdeState,Active,ArrayCopyMain,Editor,C:/Users/user/IdeaProjects/ArrayCopyMain/src/ArrayCopyMain.java,ArrayCopyMain::main,21,9,Default task
2021-09-09T18:27:22.744+09:00,user,IdeState,Active,ArrayCopyMain,Editor,C:/Users/user/IdeaProjects/ArrayCopyMain/src/ArrayCopyMain.java,ArrayCopyMain::main,21,15,Default task
2021-09-09T18:27:23.746+09:00,user,IdeState,Active,ArrayCopyMain,Editor,C:/Users/user/IdeaProjects/ArrayCopyMain/src/ArrayCopyMain.java,ArrayCopyMain::main,21,18,Default task
2021-09-09T18:27:24.761+09:00,user,IdeState,Active,ArrayCopyMain,Editor,C:/Users/user/IdeaProjects/ArrayCopyMain/src/ArrayCopyMain.java,ArrayCopyMain::main,21,19,Default task
2021-09-09T18:27:25.774+09:00,user,IdeState,Active,ArrayCopyMain,Editor,C:/Users/user/IdeaProjects/ArrayCopyMain/src/ArrayCopyMain.java,ArrayCopyMain::main,21,27,Default task
2021-09-09T18:27:26.787+09:00,user,IdeState,Active,ArrayCopyMain,Editor,C:/Users/user/IdeaProjects/ArrayCopyMain/src/ArrayCopyMain.java,ArrayCopyMain::main,21,27,Default task
2021-09-09T18:27:27.795+09:00,user,IdeState,Active,ArrayCopyMain,Editor,C:/Users/user/IdeaProjects/ArrayCopyMain/src/ArrayCopyMain.java,ArrayCopyMain::main,22,17,Default task
2021-09-09T18:27:28.842+09:00,user,IdeState,Active,ArrayCopyMain,Editor,C:/Users/user/IdeaProjects/ArrayCopyMain/src/ArrayCopyMain.java,ArrayCopyMain::main,21,31,Default task
2021-09-09T18:27:29.851+09:00,user,IdeState,Active,ArrayCopyMain,Editor,C:/Users/user/IdeaProjects/ArrayCopyMain/src/ArrayCopyMain.java,ArrayCopyMain::main,21,28,Default task
2021-09-09T18:27:30.864+09:00,user,IdeState,Active,ArrayCopyMain,Editor,C:/Users/user/IdeaProjects/ArrayCopyMain/src/ArrayCopyMain.java,ArrayCopyMain::main,21,27,Default task
2021-09-09T18:27:31.870+09:00,user,IdeState,Active,ArrayCopyMain,Editor,C:/Users/user/IdeaProjects/ArrayCopyMain/src/ArrayCopyMain.java,ArrayCopyMain::main,21,28,Default task
2021-09-09T18:27:32.878+09:00,user,IdeState,Active,ArrayCopyMain,Editor,C:/Users/user/IdeaProjects/ArrayCopyMain/src/ArrayCopyMain.java,ArrayCopyMain::main,21,29,Default task
2021-09-09T18:27:33.891+09:00,user,IdeState,Active,ArrayCopyMain,Editor,C:/Users/user/IdeaProjects/ArrayCopyMain/src/ArrayCopyMain.java,ArrayCopyMain::main,21,32,Default task
2021-09-09T18:27:34.904+09:00,user,IdeState,Active,ArrayCopyMain,Editor,C:/Users/user/IdeaProjects/ArrayCopyMain/src/ArrayCopyMain.java,ArrayCopyMain::main,21,34,Default task
2021-09-09T18:27:35.916+09:00,user,IdeState,Active,ArrayCopyMain,Editor,C:/Users/user/IdeaProjects/ArrayCopyMain/src/ArrayCopyMain.java,ArrayCopyMain::main,21,37,Default task
2021-09-09T18:27:36.931+09:00,user,IdeState,Active,ArrayCopyMain,Editor,C:/Users/user/IdeaProjects/ArrayCopyMain/src/ArrayCopyMain.java,ArrayCopyMain::main,21,38,Default task
2021-09-09T18:27:37.932+09:00,user,IdeState,Active,ArrayCopyMain,Editor,C:/Users/user/IdeaProjects/ArrayCopyMain/src/ArrayCopyMain.java,ArrayCopyMain::main,21,40,Default task
2021-09-09T18:27:38.944+09:00,user,IdeState,Active,ArrayCopyMain,Editor,C:/Users/user/IdeaProjects/ArrayCopyMain/src/ArrayCopyMain.java,ArrayCopyMain::main,21,40,Default task
2021-09-09T18:27:39.946+09:00,user,IdeState,Active,ArrayCopyMain,Editor,C:/Users/user/IdeaProjects/ArrayCopyMain/src/ArrayCopyMain.java,ArrayCopyMain::main,21,41,Default task
2021-09-09T18:27:40.969+09:00,user,IdeState,Active,ArrayCopyMain,Editor,C:/Users/user/IdeaProjects/ArrayCopyMain/src/ArrayCopyMain.java,ArrayCopyMain::main,21,42,Default task
2021-09-09T18:27:41.975+09:00,user,IdeState,Active,ArrayCopyMain,Editor,C:/Users/user/IdeaProjects/ArrayCopyMain/src/ArrayCopyMain.java,ArrayCopyMain::main,21,42,Default task
2021-09-09T18:27:42.976+09:00,user,IdeState,Active,ArrayCopyMain,Editor,C:/Users/user/IdeaProjects/ArrayCopyMain/src/ArrayCopyMain.java,ArrayCopyMain::main,21,43,Default task
2021-09-09T18:27:43.981+09:00,user,IdeState,Active,ArrayCopyMain,Editor,C:/Users/user/IdeaProjects/ArrayCopyMain/src/ArrayCopyMain.java,ArrayCopyMain::main,21,43,Default task
2021-09-09T18:27:44.982+09:00,user,IdeState,Active,ArrayCopyMain,Editor,C:/Users/user/IdeaProjects/ArrayCopyMain/src/ArrayCopyMain.java,ArrayCopyMain::main,21,46,Default task
2021-09-09T18:27:45.983+09:00,user,IdeState,Active,ArrayCopyMain,Editor,C:/Users/user/IdeaProjects/ArrayCopyMain/src/ArrayCopyMain.java,ArrayCopyMain::main,21,47,Default task
2021-09-09T18:27:46.986+09:00,user,IdeState,Active,ArrayCopyMain,Editor,C:/Users/user/IdeaProjects/ArrayCopyMain/src/ArrayCopyMain.java,ArrayCopyMain::main,21,48,Default task
2021-09-09T18:27:47.990+09:00,user,IdeState,Active,ArrayCopyMain,Editor,C:/Users/user/IdeaProjects/ArrayCopyMain/src/ArrayCopyMain.java,ArrayCopyMain::main,21,50,Default task
2021-09-09T18:27:49.005+09:00,user,IdeState,Active,ArrayCopyMain,Editor,C:/Users/user/IdeaProjects/ArrayCopyMain/src/ArrayCopyMain.java,ArrayCopyMain::main,21,51,Default task
2021-09-09T18:27:50.019+09:00,user,IdeState,Active,ArrayCopyMain,Editor,C:/Users/user/IdeaProjects/ArrayCopyMain/src/ArrayCopyMain.java,ArrayCopyMain::main,21,58,Default task
2021-09-09T18:27:51.022+09:00,user,IdeState,Active,ArrayCopyMain,Editor,C:/Users/user/IdeaProjects/ArrayCopyMain/src/ArrayCopyMain.java,ArrayCopyMain::main,21,58,Default task
2021-09-09T18:27:52.027+09:00,user,IdeState,Active,ArrayCopyMain,Editor,C:/Users/user/IdeaProjects/ArrayCopyMain/src/ArrayCopyMain.java,ArrayCopyMain::main,21,60,Default task
2021-09-09T18:27:53.033+09:00,user,IdeState,Active,ArrayCopyMain,Editor,C:/Users/user/IdeaProjects/ArrayCopyMain/src/ArrayCopyMain.java,ArrayCopyMain::main,21,64,Default task
2021-09-09T18:27:54.041+09:00,user,IdeState,Active,ArrayCopyMain,Editor,C:/Users/user/IdeaProjects/ArrayCopyMain/src/ArrayCopyMain.java,ArrayCopyMain::main,21,66,Default task
2021-09-09T18:27:55.052+09:00,user,IdeState,Active,ArrayCopyMain,Editor,C:/Users/user/IdeaProjects/ArrayCopyMain/src/ArrayCopyMain.java,ArrayCopyMain::main,21,68,Default task
2021-09-09T18:27:56.066+09:00,user,IdeState,Active,ArrayCopyMain,Editor,C:/Users/user/IdeaProjects/ArrayCopyMain/src/ArrayCopyMain.java,ArrayCopyMain::main,22,8,Default task
2021-09-09T18:27:57.082+09:00,user,IdeState,Active,ArrayCopyMain,Editor,C:/Users/user/IdeaProjects/ArrayCopyMain/src/ArrayCopyMain.java,ArrayCopyMain::main,22,8,Default task
2021-09-09T18:27:58.097+09:00,user,IdeState,Active,ArrayCopyMain,Editor,C:/Users/user/IdeaProjects/ArrayCopyMain/src/ArrayCopyMain.java,ArrayCopyMain::main,22,8,Default task
2021-09-09T18:27:59.111+09:00,user,IdeState,Active,ArrayCopyMain,Editor,C:/Users/user/IdeaProjects/ArrayCopyMain/src/ArrayCopyMain.java,ArrayCopyMain::main,22,8,Default task
2021-09-09T18:28:00.123+09:00,user,IdeState,Active,ArrayCopyMain,Editor,C:/Users/user/IdeaProjects/ArrayCopyMain/src/ArrayCopyMain.java,ArrayCopyMain::main,22,8,Default task
2021-09-09T18:28:01.135+09:00,user,IdeState,Active,ArrayCopyMain,Editor,C:/Users/user/IdeaProjects/ArrayCopyMain/src/ArrayCopyMain.java,ArrayCopyMain::main,22,8,Default task
2021-09-09T18:28:02.145+09:00,user,IdeState,Active,ArrayCopyMain,Editor,C:/Users/user/IdeaProjects/ArrayCopyMain/src/ArrayCopyMain.java,ArrayCopyMain::main,22,8,Default task
2021-09-09T18:28:03.158+09:00,user,IdeState,Active,ArrayCopyMain,Editor,C:/Users/user/IdeaProjects/ArrayCopyMain/src/ArrayCopyMain.java,,22,5,Default task
2021-09-09T18:28:04.171+09:00,user,IdeState,Active,ArrayCopyMain,Editor,C:/Users/user/IdeaProjects/ArrayCopyMain/src/ArrayCopyMain.java,,23,4,Default task
2021-09-09T18:28:05.173+09:00,user,IdeState,Active,ArrayCopyMain,Editor,C:/Users/user/IdeaProjects/ArrayCopyMain/src/ArrayCopyMain.java,,23,7,Default task
2021-09-09T18:28:06.184+09:00,user,IdeState,Active,ArrayCopyMain,Editor,C:/Users/user/IdeaProjects/ArrayCopyMain/src/ArrayCopyMain.java,,23,12,Default task
2021-09-09T18:28:07.189+09:00,user,IdeState,Active,ArrayCopyMain,Editor,C:/Users/user/IdeaProjects/ArrayCopyMain/src/ArrayCopyMain.java,,23,13,Default task
2021-09-09T18:28:08.195+09:00,user,IdeState,Active,ArrayCopyMain,Editor,C:/Users/user/IdeaProjects/ArrayCopyMain/src/ArrayCopyMain.java,,23,19,Default task
2021-09-09T18:28:09.197+09:00,user,IdeState,Active,ArrayCopyMain,Editor,C:/Users/user/IdeaProjects/ArrayCopyMain/src/ArrayCopyMain.java,,23,20,Default task
2021-09-09T18:28:10.208+09:00,user,IdeState,Active,ArrayCopyMain,Editor,C:/Users/user/IdeaProjects/ArrayCopyMain/src/ArrayCopyMain.java,,23,24,Default task
2021-09-09T18:28:11.225+09:00,user,IdeState,Active,ArrayCopyMain,Editor,C:/Users/user/IdeaProjects/ArrayCopyMain/src/ArrayCopyMain.java,,23,26,Default task
2021-09-09T18:28:12.238+09:00,user,IdeState,Active,ArrayCopyMain,Editor,C:/Users/user/IdeaProjects/ArrayCopyMain/src/ArrayCopyMain.java,,23,26,Default task
2021-09-09T18:28:13.249+09:00,user,IdeState,Active,ArrayCopyMain,Editor,C:/Users/user/IdeaProjects/ArrayCopyMain/src/ArrayCopyMain.java,,23,35,Default task
2021-09-09T18:28:14.264+09:00,user,IdeState,Active,ArrayCopyMain,Editor,C:/Users/user/IdeaProjects/ArrayCopyMain/src/ArrayCopyMain.java,,23,35,Default task
2021-09-09T18:28:15.268+09:00,user,IdeState,Active,ArrayCopyMain,Editor,C:/Users/user/IdeaProjects/ArrayCopyMain/src/ArrayCopyMain.java,ArrayCopyMain::modifyArray,23,36,Default task
2021-09-09T18:28:16.269+09:00,user,IdeState,Active,ArrayCopyMain,Editor,C:/Users/user/IdeaProjects/ArrayCopyMain/src/ArrayCopyMain.java,ArrayCopyMain::modifyArray,23,39,Default task
2021-09-09T18:28:17.281+09:00,user,IdeState,Active,ArrayCopyMain,Editor,C:/Users/user/IdeaProjects/ArrayCopyMain/src/ArrayCopyMain.java,ArrayCopyMain::modifyArray,23,40,Default task
2021-09-09T18:28:18.282+09:00,user,IdeState,Active,ArrayCopyMain,Editor,C:/Users/user/IdeaProjects/ArrayCopyMain/src/ArrayCopyMain.java,ArrayCopyMain::modifyArray,23,41,Default task
2021-09-09T18:28:19.284+09:00,user,IdeState,Active,ArrayCopyMain,Editor,C:/Users/user/IdeaProjects/ArrayCopyMain/src/ArrayCopyMain.java,ArrayCopyMain::modifyArray,23,44,Default task
2021-09-09T18:28:20.291+09:00,user,IdeState,Active,ArrayCopyMain,Editor,C:/Users/user/IdeaProjects/ArrayCopyMain/src/ArrayCopyMain.java,ArrayCopyMain::modifyArray,23,47,Default task
2021-09-09T18:28:21.298+09:00,user,IdeState,Active,ArrayCopyMain,Editor,C:/Users/user/IdeaProjects/ArrayCopyMain/src/ArrayCopyMain.java,ArrayCopyMain::modifyArray,23,47,Default task
2021-09-09T18:28:22.311+09:00,user,IdeState,Active,ArrayCopyMain,Editor,C:/Users/user/IdeaProjects/ArrayCopyMain/src/ArrayCopyMain.java,ArrayCopyMain::modifyArray,23,48,Default task
2021-09-09T18:28:23.322+09:00,user,IdeState,Active,ArrayCopyMain,Editor,C:/Users/user/IdeaProjects/ArrayCopyMain/src/ArrayCopyMain.java,ArrayCopyMain::modifyArray,23,54,Default task
2021-09-09T18:28:24.329+09:00,user,IdeState,Active,ArrayCopyMain,Editor,C:/Users/user/IdeaProjects/ArrayCopyMain/src/ArrayCopyMain.java,ArrayCopyMain::modifyArray,23,57,Default task
2021-09-09T18:28:25.342+09:00,user,IdeState,Active,ArrayCopyMain,Editor,C:/Users/user/IdeaProjects/ArrayCopyMain/src/ArrayCopyMain.java,ArrayCopyMain::modifyArray,23,58,Default task
2021-09-09T18:28:26.351+09:00,user,IdeState,Active,ArrayCopyMain,Editor,C:/Users/user/IdeaProjects/ArrayCopyMain/src/ArrayCopyMain.java,ArrayCopyMain::modifyArray,23,58,Default task
2021-09-09T18:28:27.355+09:00,user,IdeState,Active,ArrayCopyMain,Editor,C:/Users/user/IdeaProjects/ArrayCopyMain/src/ArrayCopyMain.java,ArrayCopyMain::modifyArray,23,58,Default task
2021-09-09T18:28:28.364+09:00,user,IdeState,Active,ArrayCopyMain,Editor,C:/Users/user/IdeaProjects/ArrayCopyMain/src/ArrayCopyMain.java,ArrayCopyMain::modifyArray,23,60,Default task
2021-09-09T18:28:29.377+09:00,user,IdeState,Active,ArrayCopyMain,Editor,C:/Users/user/IdeaProjects/ArrayCopyMain/src/ArrayCopyMain.java,ArrayCopyMain::modifyArray,24,8,Default task
2021-09-09T18:28:30.391+09:00,user,IdeState,Active,ArrayCopyMain,Editor,C:/Users/user/IdeaProjects/ArrayCopyMain/src/ArrayCopyMain.java,ArrayCopyMain::modifyArray,24,9,Default task
2021-09-09T18:28:31.406+09:00,user,IdeState,Active,ArrayCopyMain,Editor,C:/Users/user/IdeaProjects/ArrayCopyMain/src/ArrayCopyMain.java,ArrayCopyMain::modifyArray,24,13,Default task
2021-09-09T18:28:32.409+09:00,user,IdeState,Active,ArrayCopyMain,Editor,C:/Users/user/IdeaProjects/ArrayCopyMain/src/ArrayCopyMain.java,ArrayCopyMain::modifyArray,24,14,Default task
2021-09-09T18:28:33.421+09:00,user,IdeState,Active,ArrayCopyMain,Editor,C:/Users/user/IdeaProjects/ArrayCopyMain/src/ArrayCopyMain.java,ArrayCopyMain::modifyArray,24,14,Default task
2021-09-09T18:28:34.436+09:00,user,IdeState,Active,ArrayCopyMain,Editor,C:/Users/user/IdeaProjects/ArrayCopyMain/src/ArrayCopyMain.java,ArrayCopyMain::modifyArray,24,18,Default task
2021-09-09T18:28:35.450+09:00,user,IdeState,Active,ArrayCopyMain,Editor,C:/Users/user/IdeaProjects/ArrayCopyMain/src/ArrayCopyMain.java,ArrayCopyMain::modifyArray,24,19,Default task
2021-09-09T18:28:36.462+09:00,user,IdeState,Active,ArrayCopyMain,Editor,C:/Users/user/IdeaProjects/ArrayCopyMain/src/ArrayCopyMain.java,ArrayCopyMain::modifyArray,24,21,Default task
2021-09-09T18:28:37.465+09:00,user,IdeState,Active,ArrayCopyMain,Editor,C:/Users/user/IdeaProjects/ArrayCopyMain/src/ArrayCopyMain.java,ArrayCopyMain::modifyArray,24,24,Default task
2021-09-09T18:28:38.475+09:00,user,IdeState,Active,ArrayCopyMain,Editor,C:/Users/user/IdeaProjects/ArrayCopyMain/src/ArrayCopyMain.java,ArrayCopyMain::modifyArray,24,26,Default task
2021-09-09T18:28:39.491+09:00,user,IdeState,Active,ArrayCopyMain,Editor,C:/Users/user/IdeaProjects/ArrayCopyMain/src/ArrayCopyMain.java,ArrayCopyMain::modifyArray,24,26,Default task
2021-09-09T18:28:40.501+09:00,user,IdeState,Active,ArrayCopyMain,Editor,C:/Users/user/IdeaProjects/ArrayCopyMain/src/ArrayCopyMain.java,ArrayCopyMain::modifyArray,24,26,Default task
2021-09-09T18:28:41.515+09:00,user,IdeState,Active,ArrayCopyMain,Editor,C:/Users/user/IdeaProjects/ArrayCopyMain/src/ArrayCopyMain.java,ArrayCopyMain::modifyArray,24,26,Default task
2021-09-09T18:28:42.530+09:00,user,IdeState,Active,ArrayCopyMain,Editor,C:/Users/user/IdeaProjects/ArrayCopyMain/src/ArrayCopyMain.java,ArrayCopyMain::modifyArray,24,26,Default task
2021-09-09T18:28:43.533+09:00,user,IdeState,Active,ArrayCopyMain,Editor,C:/Users/user/IdeaProjects/ArrayCopyMain/src/ArrayCopyMain.java,ArrayCopyMain::modifyArray,24,26,Default task
2021-09-09T18:28:44.542+09:00,user,IdeState,Active,ArrayCopyMain,Editor,C:/Users/user/IdeaProjects/ArrayCopyMain/src/ArrayCopyMain.java,ArrayCopyMain::modifyArray,24,26,Default task
2021-09-09T18:28:45.552+09:00,user,IdeState,Active,ArrayCopyMain,Editor,C:/Users/user/IdeaProjects/ArrayCopyMain/src/ArrayCopyMain.java,ArrayCopyMain::modifyArray,24,26,Default task
2021-09-09T18:28:46.552+09:00,user,IdeState,Active,ArrayCopyMain,Editor,C:/Users/user/IdeaProjects/ArrayCopyMain/src/ArrayCopyMain.java,ArrayCopyMain::modifyArray,24,26,Default task
2021-09-09T18:28:47.566+09:00,user,IdeState,Active,ArrayCopyMain,Editor,C:/Users/user/IdeaProjects/ArrayCopyMain/src/ArrayCopyMain.java,ArrayCopyMain::modifyArray,24,26,Default task
2021-09-09T18:28:48.571+09:00,user,IdeState,Active,ArrayCopyMain,Editor,C:/Users/user/IdeaProjects/ArrayCopyMain/src/ArrayCopyMain.java,ArrayCopyMain::modifyArray,24,26,Default task
2021-09-09T18:28:49.585+09:00,user,IdeState,Active,ArrayCopyMain,Editor,C:/Users/user/IdeaProjects/ArrayCopyMain/src/ArrayCopyMain.java,ArrayCopyMain::modifyArray,24,26,Default task
2021-09-09T18:28:50.597+09:00,user,IdeState,Active,ArrayCopyMain,Editor,C:/Users/user/IdeaProjects/ArrayCopyMain/src/ArrayCopyMain.java,ArrayCopyMain::modifyArray,24,26,Default task
2021-09-09T18:28:51.598+09:00,user,IdeState,Active,ArrayCopyMain,Editor,C:/Users/user/IdeaProjects/ArrayCopyMain/src/ArrayCopyMain.java,ArrayCopyMain::modifyArray,24,26,Default task
2021-09-09T18:28:52.616+09:00,user,IdeState,Active,ArrayCopyMain,Editor,C:/Users/user/IdeaProjects/ArrayCopyMain/src/ArrayCopyMain.java,ArrayCopyMain::modifyArray,24,26,Default task
2021-09-09T18:28:53.621+09:00,user,IdeState,Active,ArrayCopyMain,Editor,C:/Users/user/IdeaProjects/ArrayCopyMain/src/ArrayCopyMain.java,ArrayCopyMain::modifyArray,24,26,Default task
2021-09-09T18:28:54.636+09:00,user,IdeState,Active,ArrayCopyMain,Editor,C:/Users/user/IdeaProjects/ArrayCopyMain/src/ArrayCopyMain.java,ArrayCopyMain::modifyArray,24,26,Default task
2021-09-09T18:28:55.648+09:00,user,IdeState,Active,ArrayCopyMain,Editor,C:/Users/user/IdeaProjects/ArrayCopyMain/src/ArrayCopyMain.java,ArrayCopyMain::modifyArray,24,26,Default task
2021-09-09T18:28:56.663+09:00,user,IdeState,Active,ArrayCopyMain,Editor,C:/Users/user/IdeaProjects/ArrayCopyMain/src/ArrayCopyMain.java,ArrayCopyMain::modifyArray,24,26,Default task
2021-09-09T18:28:57.676+09:00,user,IdeState,Active,ArrayCopyMain,Editor,C:/Users/user/IdeaProjects/ArrayCopyMain/src/ArrayCopyMain.java,ArrayCopyMain::modifyArray,24,26,Default task
2021-09-09T18:28:58.686+09:00,user,IdeState,Active,ArrayCopyMain,Editor,C:/Users/user/IdeaProjects/ArrayCopyMain/src/ArrayCopyMain.java,ArrayCopyMain::modifyArray,24,26,Default task
2021-09-09T18:28:59.698+09:00,user,IdeState,Active,ArrayCopyMain,Editor,C:/Users/user/IdeaProjects/ArrayCopyMain/src/ArrayCopyMain.java,ArrayCopyMain::modifyArray,24,26,Default task
2021-09-09T18:29:00.707+09:00,user,IdeState,Active,ArrayCopyMain,Editor,C:/Users/user/IdeaProjects/ArrayCopyMain/src/ArrayCopyMain.java,ArrayCopyMain::modifyArray,24,26,Default task
2021-09-09T18:29:01.721+09:00,user,IdeState,Active,ArrayCopyMain,Editor,C:/Users/user/IdeaProjects/ArrayCopyMain/src/ArrayCopyMain.java,ArrayCopyMain::modifyArray,24,26,Default task
2021-09-09T18:29:02.733+09:00,user,IdeState,Active,ArrayCopyMain,Editor,C:/Users/user/IdeaProjects/ArrayCopyMain/src/ArrayCopyMain.java,ArrayCopyMain::modifyArray,24,26,Default task
2021-09-09T18:29:03.748+09:00,user,IdeState,Active,ArrayCopyMain,Editor,C:/Users/user/IdeaProjects/ArrayCopyMain/src/ArrayCopyMain.java,ArrayCopyMain::modifyArray,24,26,Default task
2021-09-09T18:29:04.759+09:00,user,IdeState,Active,ArrayCopyMain,Editor,C:/Users/user/IdeaProjects/ArrayCopyMain/src/ArrayCopyMain.java,ArrayCopyMain::modifyArray,24,26,Default task
2021-09-09T18:29:05.762+09:00,user,IdeState,Active,ArrayCopyMain,Editor,C:/Users/user/IdeaProjects/ArrayCopyMain/src/ArrayCopyMain.java,ArrayCopyMain::modifyArray,24,26,Default task
2021-09-09T18:29:06.774+09:00,user,IdeState,Active,ArrayCopyMain,Editor,C:/Users/user/IdeaProjects/ArrayCopyMain/src/ArrayCopyMain.java,ArrayCopyMain::modifyArray,24,26,Default task
2021-09-09T18:29:07.788+09:00,user,IdeState,Active,ArrayCopyMain,Editor,C:/Users/user/IdeaProjects/ArrayCopyMain/src/ArrayCopyMain.java,ArrayCopyMain::modifyArray,24,26,Default task
2021-09-09T18:29:08.801+09:00,user,IdeState,Active,ArrayCopyMain,Editor,C:/Users/user/IdeaProjects/ArrayCopyMain/src/ArrayCopyMain.java,ArrayCopyMain::modifyArray,24,26,Default task
2021-09-09T18:29:09.816+09:00,user,IdeState,Active,ArrayCopyMain,Popup,C:/Users/user/IdeaProjects/ArrayCopyMain/src/ArrayCopyMain.java,ArrayCopyMain::modifyArray,24,26,Default task
2021-09-09T18:29:10.825+09:00,user,IdeState,Active,ArrayCopyMain,Editor,C:/Users/user/IdeaProjects/ArrayCopyMain/src/ArrayCopyMain.java,ArrayCopyMain::modifyArray,24,26,Default task
2021-09-09T18:29:11.839+09:00,user,IdeState,Active,ArrayCopyMain,Editor,C:/Users/user/IdeaProjects/ArrayCopyMain/src/ArrayCopyMain.java,ArrayCopyMain::modifyArray,24,26,Default task
2021-09-09T18:29:12.852+09:00,user,IdeState,Active,ArrayCopyMain,Editor,C:/Users/user/IdeaProjects/ArrayCopyMain/src/ArrayCopyMain.java,ArrayCopyMain::modifyArray,24,26,Default task
2021-09-09T18:29:13.865+09:00,user,IdeState,Active,ArrayCopyMain,Editor,C:/Users/user/IdeaProjects/ArrayCopyMain/src/ArrayCopyMain.java,ArrayCopyMain::modifyArray,24,26,Default task
2021-09-09T18:29:14.879+09:00,user,IdeState,Active,ArrayCopyMain,Editor,C:/Users/user/IdeaProjects/ArrayCopyMain/src/ArrayCopyMain.java,ArrayCopyMain::modifyArray,24,26,Default task
2021-09-09T18:29:15.881+09:00,user,IdeState,Active,ArrayCopyMain,Editor,C:/Users/user/IdeaProjects/ArrayCopyMain/src/ArrayCopyMain.java,ArrayCopyMain::modifyArray,24,26,Default task
2021-09-09T18:29:16.894+09:00,user,IdeState,Active,ArrayCopyMain,Editor,C:/Users/user/IdeaProjects/ArrayCopyMain/src/ArrayCopyMain.java,ArrayCopyMain::modifyArray,24,26,Default task
2021-09-09T18:29:17.898+09:00,user,IdeState,Active,ArrayCopyMain,Editor,C:/Users/user/IdeaProjects/ArrayCopyMain/src/ArrayCopyMain.java,ArrayCopyMain::modifyArray,24,26,Default task
2021-09-09T18:29:18.911+09:00,user,IdeState,Active,ArrayCopyMain,Editor,C:/Users/user/IdeaProjects/ArrayCopyMain/src/ArrayCopyMain.java,ArrayCopyMain::modifyArray,24,26,Default task
2021-09-09T18:29:19.924+09:00,user,IdeState,Active,ArrayCopyMain,Editor,C:/Users/user/IdeaProjects/ArrayCopyMain/src/ArrayCopyMain.java,ArrayCopyMain::modifyArray,24,26,Default task
2021-09-09T18:29:20.939+09:00,user,IdeState,Active,ArrayCopyMain,Editor,C:/Users/user/IdeaProjects/ArrayCopyMain/src/ArrayCopyMain.java,ArrayCopyMain::modifyArray,24,26,Default task
2021-09-09T18:29:21.952+09:00,user,IdeState,Active,ArrayCopyMain,Editor,C:/Users/user/IdeaProjects/ArrayCopyMain/src/ArrayCopyMain.java,ArrayCopyMain::modifyArray,24,26,Default task
2021-09-09T18:29:22.962+09:00,user,IdeState,Inactive,,,,,-1,-1,
2021-09-09T18:29:23.965+09:00,user,IdeState,Active,ArrayCopyMain,Editor,C:/Users/user/IdeaProjects/ArrayCopyMain/src/ArrayCopyMain.java,ArrayCopyMain::modifyArray,24,26,Default task
2021-09-09T18:29:24.975+09:00,user,IdeState,Active,ArrayCopyMain,Editor,C:/Users/user/IdeaProjects/ArrayCopyMain/src/ArrayCopyMain.java,ArrayCopyMain::modifyArray,24,26,Default task
2021-09-09T18:29:25.990+09:00,user,IdeState,Active,ArrayCopyMain,Editor,C:/Users/user/IdeaProjects/ArrayCopyMain/src/ArrayCopyMain.java,ArrayCopyMain::modifyArray,24,26,Default task
2021-09-09T18:29:27.003+09:00,user,IdeState,Active,ArrayCopyMain,Editor,C:/Users/user/IdeaProjects/ArrayCopyMain/src/ArrayCopyMain.java,ArrayCopyMain::modifyArray,24,26,Default task
2021-09-09T18:29:28.012+09:00,user,IdeState,Active,ArrayCopyMain,Editor,C:/Users/user/IdeaProjects/ArrayCopyMain/src/ArrayCopyMain.java,ArrayCopyMain::modifyArray,24,26,Default task
2021-09-09T18:29:29.013+09:00,user,IdeState,Active,ArrayCopyMain,Editor,C:/Users/user/IdeaProjects/ArrayCopyMain/src/ArrayCopyMain.java,ArrayCopyMain::modifyArray,24,26,Default task
2021-09-09T18:29:30.021+09:00,user,IdeState,Active,ArrayCopyMain,Editor,C:/Users/user/IdeaProjects/ArrayCopyMain/src/ArrayCopyMain.java,ArrayCopyMain::modifyArray,24,26,Default task
2021-09-09T18:29:31.035+09:00,user,IdeState,Active,ArrayCopyMain,Editor,C:/Users/user/IdeaProjects/ArrayCopyMain/src/ArrayCopyMain.java,ArrayCopyMain::modifyArray,24,26,Default task
2021-09-09T18:29:32.044+09:00,user,IdeState,Active,ArrayCopyMain,Editor,C:/Users/user/IdeaProjects/ArrayCopyMain/src/ArrayCopyMain.java,ArrayCopyMain::modifyArray,24,26,Default task
2021-09-09T18:29:33.057+09:00,user,IdeState,Active,ArrayCopyMain,Popup,C:/Users/user/IdeaProjects/ArrayCopyMain/src/ArrayCopyMain.java,ArrayCopyMain::modifyArray,24,26,Default task
2021-09-09T18:29:34.071+09:00,user,IdeState,Active,ArrayCopyMain,Popup,C:/Users/user/IdeaProjects/ArrayCopyMain/src/ArrayCopyMain.java,ArrayCopyMain::modifyArray,24,26,Default task
2021-09-09T18:29:35.075+09:00,user,IdeState,Active,ArrayCopyMain,Editor,C:/Users/user/IdeaProjects/ArrayCopyMain/src/ArrayCopyMain.java,ArrayCopyMain::modifyArray,24,26,Default task
2021-09-09T18:29:36.084+09:00,user,IdeState,Active,ArrayCopyMain,Popup,C:/Users/user/IdeaProjects/ArrayCopyMain/src/ArrayCopyMain.java,ArrayCopyMain::modifyArray,24,26,Default task
