2021-09-25T08:51:40.008+09:00,user,IdeState,Active,Employee,Editor,C:/Users/user/IdeaProjects/Employee/src/Employee.java,,0,0,Default task
2021-09-25T08:51:41.020+09:00,user,IdeState,Active,Employee,Editor,C:/Users/user/IdeaProjects/Employee/src/Employee.java,,0,0,Default task
2021-09-25T08:51:42.032+09:00,user,IdeState,Active,Employee,Editor,C:/Users/user/IdeaProjects/Employee/src/Employee.java,,0,0,Default task
2021-09-25T08:51:43.045+09:00,user,IdeState,Active,Employee,Editor,C:/Users/user/IdeaProjects/Employee/src/Employee.java,,0,0,Default task
2021-09-25T08:51:44.047+09:00,user,IdeState,Active,Employee,Editor,C:/Users/user/IdeaProjects/Employee/src/Employee.java,,0,2,Default task
2021-09-25T08:51:45.055+09:00,user,IdeState,Active,Employee,Editor,C:/Users/user/IdeaProjects/Employee/src/Employee.java,,0,7,Default task
2021-09-25T08:51:46.069+09:00,user,IdeState,Active,Employee,Editor,C:/Users/user/IdeaProjects/Employee/src/Employee.java,,0,22,Default task
2021-09-25T08:51:47.082+09:00,user,IdeState,Active,Employee,Editor,C:/Users/user/IdeaProjects/Employee/src/Employee.java,,0,22,Default task
2021-09-25T08:51:48.085+09:00,user,IdeState,Active,Employee,Editor,C:/Users/user/IdeaProjects/Employee/src/Employee.java,,0,23,Default task
2021-09-25T08:51:49.086+09:00,user,IdeState,Active,Employee,Editor,C:/Users/user/IdeaProjects/Employee/src/Employee.java,,2,4,Default task
2021-09-25T08:51:50.102+09:00,user,IdeState,Active,Employee,Editor,C:/Users/user/IdeaProjects/Employee/src/Employee.java,,2,5,Default task
2021-09-25T08:51:51.116+09:00,user,IdeState,Active,Employee,Editor,C:/Users/user/IdeaProjects/Employee/src/Employee.java,,2,12,Default task
2021-09-25T08:51:52.131+09:00,user,IdeState,Active,Employee,Editor,C:/Users/user/IdeaProjects/Employee/src/Employee.java,,2,13,Default task
2021-09-25T08:51:53.138+09:00,user,IdeState,Active,Employee,Editor,C:/Users/user/IdeaProjects/Employee/src/Employee.java,,2,18,Default task
2021-09-25T08:51:54.158+09:00,user,IdeState,Active,Employee,Editor,C:/Users/user/IdeaProjects/Employee/src/Employee.java,,2,19,Default task
2021-09-25T08:51:55.163+09:00,user,IdeState,Active,Employee,Editor,C:/Users/user/IdeaProjects/Employee/src/Employee.java,,2,25,Default task
2021-09-25T08:51:56.167+09:00,user,IdeState,Active,Employee,Editor,C:/Users/user/IdeaProjects/Employee/src/Employee.java,,2,28,Default task
2021-09-25T08:51:57.178+09:00,user,IdeState,Active,Employee,Editor,C:/Users/user/IdeaProjects/Employee/src/Employee.java,,2,30,Default task
2021-09-25T08:51:58.188+09:00,user,IdeState,Active,Employee,Editor,C:/Users/user/IdeaProjects/Employee/src/Employee.java,,3,4,Default task
2021-09-25T08:51:59.204+09:00,user,IdeState,Active,Employee,Editor,C:/Users/user/IdeaProjects/Employee/src/Employee.java,,3,4,Default task
2021-09-25T08:52:00.216+09:00,user,IdeState,Active,Employee,Editor,C:/Users/user/IdeaProjects/Employee/src/Employee.java,,3,4,Default task
2021-09-25T08:52:01.231+09:00,user,IdeState,Active,Employee,Editor,C:/Users/user/IdeaProjects/Employee/src/Employee.java,,3,5,Default task
2021-09-25T08:52:02.246+09:00,user,IdeState,Active,Employee,Editor,C:/Users/user/IdeaProjects/Employee/src/Employee.java,,3,5,Default task
2021-09-25T08:52:03.257+09:00,user,IdeState,Active,Employee,Editor,C:/Users/user/IdeaProjects/Employee/src/Employee.java,,3,12,Default task
2021-09-25T08:52:04.268+09:00,user,IdeState,Active,Employee,Editor,C:/Users/user/IdeaProjects/Employee/src/Employee.java,,3,17,Default task
2021-09-25T08:52:05.318+09:00,user,IdeState,Active,Employee,Editor,C:/Users/user/IdeaProjects/Employee/src/Employee.java,,3,19,Default task
2021-09-25T08:52:06.413+09:00,user,IdeState,Active,Employee,Editor,C:/Users/user/IdeaProjects/Employee/src/Employee.java,,3,24,Default task
2021-09-25T08:52:07.429+09:00,user,IdeState,Active,Employee,Editor,C:/Users/user/IdeaProjects/Employee/src/Employee.java,,3,27,Default task
2021-09-25T08:52:08.436+09:00,user,IdeState,Active,Employee,Editor,C:/Users/user/IdeaProjects/Employee/src/Employee.java,,3,30,Default task
2021-09-25T08:52:09.445+09:00,user,IdeState,Active,Employee,Editor,C:/Users/user/IdeaProjects/Employee/src/Employee.java,,3,31,Default task
2021-09-25T08:52:10.458+09:00,user,IdeState,Active,Employee,Editor,C:/Users/user/IdeaProjects/Employee/src/Employee.java,,3,31,Default task
2021-09-25T08:52:11.471+09:00,user,IdeState,Active,Employee,Editor,C:/Users/user/IdeaProjects/Employee/src/Employee.java,,5,4,Default task
2021-09-25T08:52:12.481+09:00,user,IdeState,Active,Employee,Editor,C:/Users/user/IdeaProjects/Employee/src/Employee.java,,5,5,Default task
2021-09-25T08:52:13.492+09:00,user,IdeState,Active,Employee,Editor,C:/Users/user/IdeaProjects/Employee/src/Employee.java,,5,5,Default task
2021-09-25T08:52:14.494+09:00,user,IdeState,Active,Employee,Editor,C:/Users/user/IdeaProjects/Employee/src/Employee.java,,5,11,Default task
2021-09-25T08:52:15.508+09:00,user,IdeState,Active,Employee,Editor,C:/Users/user/IdeaProjects/Employee/src/Employee.java,,5,19,Default task
2021-09-25T08:52:16.524+09:00,user,IdeState,Active,Employee,Editor,C:/Users/user/IdeaProjects/Employee/src/Employee.java,Employee::Employee,5,20,Default task
2021-09-25T08:52:17.531+09:00,user,IdeState,Active,Employee,Editor,C:/Users/user/IdeaProjects/Employee/src/Employee.java,Employee::Employee,5,25,Default task
2021-09-25T08:52:18.568+09:00,user,IdeState,Active,Employee,Editor,C:/Users/user/IdeaProjects/Employee/src/Employee.java,Employee::Employee,5,28,Default task
2021-09-25T08:52:19.579+09:00,user,IdeState,Active,Employee,Editor,C:/Users/user/IdeaProjects/Employee/src/Employee.java,Employee::Employee,5,31,Default task
2021-09-25T08:52:20.592+09:00,user,IdeState,Active,Employee,Editor,C:/Users/user/IdeaProjects/Employee/src/Employee.java,Employee::Employee,5,33,Default task
2021-09-25T08:52:21.595+09:00,user,IdeState,Active,Employee,Editor,C:/Users/user/IdeaProjects/Employee/src/Employee.java,Employee::Employee,5,34,Default task
2021-09-25T08:52:22.607+09:00,user,IdeState,Active,Employee,Editor,C:/Users/user/IdeaProjects/Employee/src/Employee.java,Employee::Employee,5,39,Default task
2021-09-25T08:52:23.622+09:00,user,IdeState,Active,Employee,Editor,C:/Users/user/IdeaProjects/Employee/src/Employee.java,Employee::Employee,5,40,Default task
2021-09-25T08:52:24.636+09:00,user,IdeState,Active,Employee,Editor,C:/Users/user/IdeaProjects/Employee/src/Employee.java,Employee::Employee,5,46,Default task
2021-09-25T08:52:25.648+09:00,user,IdeState,Active,Employee,Editor,C:/Users/user/IdeaProjects/Employee/src/Employee.java,,5,47,Default task
2021-09-25T08:52:26.658+09:00,user,IdeState,Active,Employee,Editor,C:/Users/user/IdeaProjects/Employee/src/Employee.java,Employee::Employee,6,8,Default task
2021-09-25T08:52:27.659+09:00,user,IdeState,Active,Employee,Editor,C:/Users/user/IdeaProjects/Employee/src/Employee.java,Employee::Employee,6,12,Default task
2021-09-25T08:52:28.675+09:00,user,IdeState,Active,Employee,Editor,C:/Users/user/IdeaProjects/Employee/src/Employee.java,Employee::Employee,6,16,Default task
2021-09-25T08:52:29.690+09:00,user,IdeState,Active,Employee,Editor,C:/Users/user/IdeaProjects/Employee/src/Employee.java,Employee::Employee,6,20,Default task
2021-09-25T08:52:30.691+09:00,user,IdeState,Active,Employee,Editor,C:/Users/user/IdeaProjects/Employee/src/Employee.java,Employee::Employee,6,21,Default task
2021-09-25T08:52:31.704+09:00,user,IdeState,Active,Employee,Editor,C:/Users/user/IdeaProjects/Employee/src/Employee.java,Employee::Employee,6,20,Default task
2021-09-25T08:52:32.718+09:00,user,IdeState,Active,Employee,Editor,C:/Users/user/IdeaProjects/Employee/src/Employee.java,Employee::Employee,6,20,Default task
2021-09-25T08:52:33.733+09:00,user,IdeState,Active,Employee,Editor,C:/Users/user/IdeaProjects/Employee/src/Employee.java,Employee::Employee,6,13,Default task
2021-09-25T08:52:34.743+09:00,user,IdeState,Active,Employee,Editor,C:/Users/user/IdeaProjects/Employee/src/Employee.java,Employee::Employee,6,18,Default task
2021-09-25T08:52:35.756+09:00,user,IdeState,Active,Employee,Editor,C:/Users/user/IdeaProjects/Employee/src/Employee.java,Employee::Employee,6,22,Default task
2021-09-25T08:52:36.767+09:00,user,IdeState,Active,Employee,Editor,C:/Users/user/IdeaProjects/Employee/src/Employee.java,Employee::Employee,6,24,Default task
2021-09-25T08:52:37.780+09:00,user,IdeState,Active,Employee,Editor,C:/Users/user/IdeaProjects/Employee/src/Employee.java,Employee::Employee,7,11,Default task
2021-09-25T08:52:38.796+09:00,user,IdeState,Active,Employee,Editor,C:/Users/user/IdeaProjects/Employee/src/Employee.java,Employee::Employee,7,12,Default task
2021-09-25T08:52:39.802+09:00,user,IdeState,Active,Employee,Editor,C:/Users/user/IdeaProjects/Employee/src/Employee.java,Employee::Employee,7,13,Default task
2021-09-25T08:52:40.817+09:00,user,IdeState,Active,Employee,Editor,C:/Users/user/IdeaProjects/Employee/src/Employee.java,Employee::Employee,7,20,Default task
2021-09-25T08:52:41.830+09:00,user,IdeState,Active,Employee,Editor,C:/Users/user/IdeaProjects/Employee/src/Employee.java,Employee::Employee,7,23,Default task
2021-09-25T08:52:42.841+09:00,user,IdeState,Active,Employee,Editor,C:/Users/user/IdeaProjects/Employee/src/Employee.java,Employee::Employee,7,28,Default task
2021-09-25T08:52:43.853+09:00,user,IdeState,Active,Employee,Editor,C:/Users/user/IdeaProjects/Employee/src/Employee.java,Employee::Employee,7,29,Default task
2021-09-25T08:52:44.865+09:00,user,IdeState,Active,Employee,Editor,C:/Users/user/IdeaProjects/Employee/src/Employee.java,,9,4,Default task
2021-09-25T08:52:45.876+09:00,user,IdeState,Active,Employee,Editor,C:/Users/user/IdeaProjects/Employee/src/Employee.java,,10,6,Default task
2021-09-25T08:52:46.891+09:00,user,IdeState,Active,Employee,Editor,C:/Users/user/IdeaProjects/Employee/src/Employee.java,,10,11,Default task
2021-09-25T08:52:47.905+09:00,user,IdeState,Active,Employee,Editor,C:/Users/user/IdeaProjects/Employee/src/Employee.java,,10,12,Default task
2021-09-25T08:52:48.919+09:00,user,IdeState,Active,Employee,Editor,C:/Users/user/IdeaProjects/Employee/src/Employee.java,,10,18,Default task
2021-09-25T08:52:49.933+09:00,user,IdeState,Active,Employee,Editor,C:/Users/user/IdeaProjects/Employee/src/Employee.java,,10,21,Default task
2021-09-25T08:52:50.946+09:00,user,IdeState,Active,Employee,Editor,C:/Users/user/IdeaProjects/Employee/src/Employee.java,,10,25,Default task
2021-09-25T08:52:51.963+09:00,user,IdeState,Active,Employee,Editor,C:/Users/user/IdeaProjects/Employee/src/Employee.java,Employee::getName,10,26,Default task
2021-09-25T08:52:52.976+09:00,user,IdeState,Active,Employee,Editor,C:/Users/user/IdeaProjects/Employee/src/Employee.java,Employee::getName,10,28,Default task
2021-09-25T08:52:53.989+09:00,user,IdeState,Active,Employee,Editor,C:/Users/user/IdeaProjects/Employee/src/Employee.java,Employee::getName,11,8,Default task
2021-09-25T08:52:55.002+09:00,user,IdeState,Active,Employee,Editor,C:/Users/user/IdeaProjects/Employee/src/Employee.java,Employee::getName,11,10,Default task
2021-09-25T08:52:56.019+09:00,user,IdeState,Active,Employee,Editor,C:/Users/user/IdeaProjects/Employee/src/Employee.java,Employee::getName,11,16,Default task
2021-09-25T08:52:57.020+09:00,user,IdeState,Active,Employee,Editor,C:/Users/user/IdeaProjects/Employee/src/Employee.java,Employee::getName,11,19,Default task
2021-09-25T08:52:58.031+09:00,user,IdeState,Active,Employee,Editor,C:/Users/user/IdeaProjects/Employee/src/Employee.java,Employee::getName,11,20,Default task
2021-09-25T08:52:59.045+09:00,user,IdeState,Active,Employee,Editor,C:/Users/user/IdeaProjects/Employee/src/Employee.java,Employee::getName,11,20,Default task
2021-09-25T08:53:00.060+09:00,user,IdeState,Active,Employee,Editor,C:/Users/user/IdeaProjects/Employee/src/Employee.java,,12,5,Default task
2021-09-25T08:53:01.075+09:00,user,IdeState,Active,Employee,Editor,C:/Users/user/IdeaProjects/Employee/src/Employee.java,,14,4,Default task
2021-09-25T08:53:02.092+09:00,user,IdeState,Active,Employee,Editor,C:/Users/user/IdeaProjects/Employee/src/Employee.java,,14,11,Default task
2021-09-25T08:53:03.103+09:00,user,IdeState,Active,Employee,Editor,C:/Users/user/IdeaProjects/Employee/src/Employee.java,,14,11,Default task
2021-09-25T08:53:04.113+09:00,user,IdeState,Active,Employee,Editor,C:/Users/user/IdeaProjects/Employee/src/Employee.java,,14,17,Default task
2021-09-25T08:53:05.129+09:00,user,IdeState,Active,Employee,Editor,C:/Users/user/IdeaProjects/Employee/src/Employee.java,,14,18,Default task
2021-09-25T08:53:06.144+09:00,user,IdeState,Active,Employee,Editor,C:/Users/user/IdeaProjects/Employee/src/Employee.java,,14,27,Default task
2021-09-25T08:53:07.152+09:00,user,IdeState,Active,Employee,Editor,C:/Users/user/IdeaProjects/Employee/src/Employee.java,Employee::getSalary,14,28,Default task
2021-09-25T08:53:08.164+09:00,user,IdeState,Active,Employee,Editor,C:/Users/user/IdeaProjects/Employee/src/Employee.java,Employee::getSalary,14,30,Default task
2021-09-25T08:53:09.176+09:00,user,IdeState,Active,Employee,Editor,C:/Users/user/IdeaProjects/Employee/src/Employee.java,Employee::getSalary,15,8,Default task
2021-09-25T08:53:10.184+09:00,user,IdeState,Active,Employee,Editor,C:/Users/user/IdeaProjects/Employee/src/Employee.java,Employee::getSalary,15,15,Default task
2021-09-25T08:53:11.200+09:00,user,IdeState,Active,Employee,Editor,C:/Users/user/IdeaProjects/Employee/src/Employee.java,Employee::getSalary,15,16,Default task
2021-09-25T08:53:12.214+09:00,user,IdeState,Active,Employee,Editor,C:/Users/user/IdeaProjects/Employee/src/Employee.java,Employee::getSalary,15,22,Default task
2021-09-25T08:53:13.223+09:00,user,IdeState,Active,Employee,Editor,C:/Users/user/IdeaProjects/Employee/src/Employee.java,,16,5,Default task
2021-09-25T08:53:14.237+09:00,user,IdeState,Active,Employee,Editor,C:/Users/user/IdeaProjects/Employee/src/Employee.java,,17,4,Default task
2021-09-25T08:53:15.253+09:00,user,IdeState,Active,Employee,Editor,C:/Users/user/IdeaProjects/Employee/src/Employee.java,,18,4,Default task
2021-09-25T08:53:16.263+09:00,user,IdeState,Active,Employee,Editor,C:/Users/user/IdeaProjects/Employee/src/Employee.java,,18,6,Default task
2021-09-25T08:53:17.275+09:00,user,IdeState,Active,Employee,Editor,C:/Users/user/IdeaProjects/Employee/src/Employee.java,,18,5,Default task
2021-09-25T08:53:18.288+09:00,user,IdeState,Active,Employee,Editor,C:/Users/user/IdeaProjects/Employee/src/Employee.java,,18,13,Default task
2021-09-25T08:53:19.303+09:00,user,IdeState,Active,Employee,Editor,C:/Users/user/IdeaProjects/Employee/src/Employee.java,,19,4,Default task
2021-09-25T08:53:20.313+09:00,user,IdeState,Active,Employee,Editor,C:/Users/user/IdeaProjects/Employee/src/Employee.java,,19,4,Default task
2021-09-25T08:53:21.326+09:00,user,IdeState,Active,Employee,Editor,C:/Users/user/IdeaProjects/Employee/src/Employee.java,,19,11,Default task
2021-09-25T08:53:22.341+09:00,user,IdeState,Active,Employee,Editor,C:/Users/user/IdeaProjects/Employee/src/Employee.java,,19,11,Default task
2021-09-25T08:53:23.351+09:00,user,IdeState,Active,Employee,Editor,C:/Users/user/IdeaProjects/Employee/src/Employee.java,,19,12,Default task
2021-09-25T08:53:24.362+09:00,user,IdeState,Active,Employee,Editor,C:/Users/user/IdeaProjects/Employee/src/Employee.java,,19,20,Default task
2021-09-25T08:53:25.372+09:00,user,IdeState,Active,Employee,Editor,C:/Users/user/IdeaProjects/Employee/src/Employee.java,,19,24,Default task
2021-09-25T08:53:26.376+09:00,user,IdeState,Active,Employee,Editor,C:/Users/user/IdeaProjects/Employee/src/Employee.java,Employee::toString,19,27,Default task
2021-09-25T08:53:27.391+09:00,user,IdeState,Active,Employee,Editor,C:/Users/user/IdeaProjects/Employee/src/Employee.java,Employee::toString,19,27,Default task
2021-09-25T08:53:28.401+09:00,user,IdeState,Active,Employee,Editor,C:/Users/user/IdeaProjects/Employee/src/Employee.java,,19,28,Default task
2021-09-25T08:53:29.411+09:00,user,IdeState,Active,Employee,Editor,C:/Users/user/IdeaProjects/Employee/src/Employee.java,Employee::toString,20,8,Default task
2021-09-25T08:53:30.448+09:00,user,IdeState,Active,Employee,Editor,C:/Users/user/IdeaProjects/Employee/src/Employee.java,Employee::toString,20,10,Default task
2021-09-25T08:53:31.449+09:00,user,IdeState,Active,Employee,Editor,C:/Users/user/IdeaProjects/Employee/src/Employee.java,Employee::toString,20,15,Default task
2021-09-25T08:53:32.459+09:00,user,IdeState,Active,Employee,Editor,C:/Users/user/IdeaProjects/Employee/src/Employee.java,Employee::toString,20,24,Default task
2021-09-25T08:53:33.470+09:00,user,IdeState,Active,Employee,Editor,C:/Users/user/IdeaProjects/Employee/src/Employee.java,Employee::toString,20,24,Default task
2021-09-25T08:53:34.483+09:00,user,IdeState,Active,Employee,Editor,C:/Users/user/IdeaProjects/Employee/src/Employee.java,Employee::toString,20,25,Default task
2021-09-25T08:53:35.484+09:00,user,IdeState,Active,Employee,Editor,C:/Users/user/IdeaProjects/Employee/src/Employee.java,Employee::toString,20,27,Default task
2021-09-25T08:53:36.485+09:00,user,IdeState,Active,Employee,Editor,C:/Users/user/IdeaProjects/Employee/src/Employee.java,Employee::toString,20,29,Default task
2021-09-25T08:53:37.488+09:00,user,IdeState,Active,Employee,Editor,C:/Users/user/IdeaProjects/Employee/src/Employee.java,Employee::toString,20,29,Default task
2021-09-25T08:53:38.503+09:00,user,IdeState,Active,Employee,Editor,C:/Users/user/IdeaProjects/Employee/src/Employee.java,Employee::toString,20,29,Default task
2021-09-25T08:53:39.513+09:00,user,IdeState,Active,Employee,Editor,C:/Users/user/IdeaProjects/Employee/src/Employee.java,Employee::toString,20,30,Default task
2021-09-25T08:53:40.515+09:00,user,IdeState,Active,Employee,Editor,C:/Users/user/IdeaProjects/Employee/src/Employee.java,Employee::toString,20,40,Default task
2021-09-25T08:53:41.531+09:00,user,IdeState,Active,Employee,Editor,C:/Users/user/IdeaProjects/Employee/src/Employee.java,Employee::toString,20,41,Default task
2021-09-25T08:53:42.535+09:00,user,IdeState,Active,Employee,Editor,C:/Users/user/IdeaProjects/Employee/src/Employee.java,,21,5,Default task
2021-09-25T08:53:43.545+09:00,user,IdeState,Active,Employee,Editor,C:/Users/user/IdeaProjects/Employee/src/Employee.java,,22,4,Default task
2021-09-25T08:53:44.558+09:00,user,IdeState,Active,Employee,Editor,C:/Users/user/IdeaProjects/Employee/src/Employee.java,,23,4,Default task
2021-09-25T08:53:45.572+09:00,user,IdeState,Active,Employee,Editor,C:/Users/user/IdeaProjects/Employee/src/Employee.java,,23,5,Default task
2021-09-25T08:53:46.582+09:00,user,IdeState,Active,Employee,Editor,C:/Users/user/IdeaProjects/Employee/src/Employee.java,,23,13,Default task
2021-09-25T08:53:47.583+09:00,user,IdeState,Active,Employee,Editor,C:/Users/user/IdeaProjects/Employee/src/Employee.java,,24,4,Default task
2021-09-25T08:53:48.602+09:00,user,IdeState,Active,Employee,Editor,C:/Users/user/IdeaProjects/Employee/src/Employee.java,,24,6,Default task
2021-09-25T08:53:49.605+09:00,user,IdeState,Active,Employee,Editor,C:/Users/user/IdeaProjects/Employee/src/Employee.java,,24,11,Default task
2021-09-25T08:53:50.621+09:00,user,IdeState,Active,Employee,Editor,C:/Users/user/IdeaProjects/Employee/src/Employee.java,,24,11,Default task
2021-09-25T08:53:51.624+09:00,user,IdeState,Active,Employee,Editor,C:/Users/user/IdeaProjects/Employee/src/Employee.java,,24,12,Default task
2021-09-25T08:53:52.635+09:00,user,IdeState,Active,Employee,Editor,C:/Users/user/IdeaProjects/Employee/src/Employee.java,,24,18,Default task
2021-09-25T08:53:53.647+09:00,user,IdeState,Active,Employee,Editor,C:/Users/user/IdeaProjects/Employee/src/Employee.java,,24,20,Default task
2021-09-25T08:53:54.660+09:00,user,IdeState,Active,Employee,Editor,C:/Users/user/IdeaProjects/Employee/src/Employee.java,,24,22,Default task
2021-09-25T08:53:55.665+09:00,user,IdeState,Active,Employee,Editor,C:/Users/user/IdeaProjects/Employee/src/Employee.java,,24,25,Default task
2021-09-25T08:53:56.677+09:00,user,IdeState,Active,Employee,Editor,C:/Users/user/IdeaProjects/Employee/src/Employee.java,,24,25,Default task
2021-09-25T08:53:57.690+09:00,user,IdeState,Active,Employee,Editor,C:/Users/user/IdeaProjects/Employee/src/Employee.java,,24,25,Default task
2021-09-25T08:53:58.704+09:00,user,IdeState,Active,Employee,Editor,C:/Users/user/IdeaProjects/Employee/src/Employee.java,Employee::equals,24,26,Default task
2021-09-25T08:53:59.712+09:00,user,IdeState,Active,Employee,Editor,C:/Users/user/IdeaProjects/Employee/src/Employee.java,Employee::equals,24,28,Default task
2021-09-25T08:54:00.729+09:00,user,IdeState,Active,Employee,Editor,C:/Users/user/IdeaProjects/Employee/src/Employee.java,Employee::equals,24,26,Default task
2021-09-25T08:54:01.736+09:00,user,IdeState,Active,Employee,Editor,C:/Users/user/IdeaProjects/Employee/src/Employee.java,Employee::equals,24,28,Default task
2021-09-25T08:54:02.742+09:00,user,IdeState,Active,Employee,Editor,C:/Users/user/IdeaProjects/Employee/src/Employee.java,Employee::equals,26,32,Default task
2021-09-25T08:54:03.756+09:00,user,IdeState,Active,Employee,Editor,C:/Users/user/IdeaProjects/Employee/src/Employee.java,Employee::equals,26,34,Default task
2021-09-25T08:54:04.770+09:00,user,IdeState,Active,Employee,Editor,C:/Users/user/IdeaProjects/Employee/src/Employee.java,Employee::equals,27,8,Default task
2021-09-25T08:54:05.786+09:00,user,IdeState,Active,Employee,Editor,C:/Users/user/IdeaProjects/Employee/src/Employee.java,Employee::equals,27,8,Default task
2021-09-25T08:54:06.790+09:00,user,IdeState,Active,Employee,Editor,C:/Users/user/IdeaProjects/Employee/src/Employee.java,Employee::equals,27,8,Default task
2021-09-25T08:54:07.803+09:00,user,IdeState,Active,Employee,Editor,C:/Users/user/IdeaProjects/Employee/src/Employee.java,Employee::equals,27,10,Default task
2021-09-25T08:54:08.813+09:00,user,IdeState,Active,Employee,Editor,C:/Users/user/IdeaProjects/Employee/src/Employee.java,Employee::equals,27,15,Default task
2021-09-25T08:54:09.825+09:00,user,IdeState,Active,Employee,Editor,C:/Users/user/IdeaProjects/Employee/src/Employee.java,Employee::equals,27,19,Default task
2021-09-25T08:54:10.832+09:00,user,IdeState,Active,Employee,Editor,C:/Users/user/IdeaProjects/Employee/src/Employee.java,Employee::equals,27,20,Default task
2021-09-25T08:54:11.841+09:00,user,IdeState,Active,Employee,Editor,C:/Users/user/IdeaProjects/Employee/src/Employee.java,Employee::equals,27,22,Default task
2021-09-25T08:54:12.850+09:00,user,IdeState,Active,Employee,Editor,C:/Users/user/IdeaProjects/Employee/src/Employee.java,Employee::equals,28,12,Default task
2021-09-25T08:54:13.857+09:00,user,IdeState,Active,Employee,Editor,C:/Users/user/IdeaProjects/Employee/src/Employee.java,Employee::equals,28,14,Default task
2021-09-25T08:54:14.868+09:00,user,IdeState,Active,Employee,Editor,C:/Users/user/IdeaProjects/Employee/src/Employee.java,Employee::equals,28,20,Default task
2021-09-25T08:54:15.881+09:00,user,IdeState,Active,Employee,Editor,C:/Users/user/IdeaProjects/Employee/src/Employee.java,Employee::equals,28,23,Default task
2021-09-25T08:54:16.885+09:00,user,IdeState,Active,Employee,Editor,C:/Users/user/IdeaProjects/Employee/src/Employee.java,Employee::equals,28,24,Default task
2021-09-25T08:54:17.891+09:00,user,IdeState,Active,Employee,Editor,C:/Users/user/IdeaProjects/Employee/src/Employee.java,Employee::equals,28,24,Default task
2021-09-25T08:54:18.904+09:00,user,IdeState,Active,Employee,Editor,C:/Users/user/IdeaProjects/Employee/src/Employee.java,Employee::equals,29,9,Default task
2021-09-25T08:54:19.917+09:00,user,IdeState,Active,Employee,Editor,C:/Users/user/IdeaProjects/Employee/src/Employee.java,Employee::equals,30,8,Default task
2021-09-25T08:54:20.930+09:00,user,IdeState,Active,Employee,Editor,C:/Users/user/IdeaProjects/Employee/src/Employee.java,Employee::equals,30,8,Default task
2021-09-25T08:54:21.938+09:00,user,IdeState,Active,Employee,Editor,C:/Users/user/IdeaProjects/Employee/src/Employee.java,Employee::equals,30,11,Default task
2021-09-25T08:54:22.945+09:00,user,IdeState,Active,Employee,Editor,C:/Users/user/IdeaProjects/Employee/src/Employee.java,Employee::equals,30,12,Default task
2021-09-25T08:54:23.953+09:00,user,IdeState,Active,Employee,Editor,C:/Users/user/IdeaProjects/Employee/src/Employee.java,Employee::equals,30,13,Default task
2021-09-25T08:54:24.963+09:00,user,IdeState,Active,Employee,Editor,C:/Users/user/IdeaProjects/Employee/src/Employee.java,Employee::equals,30,13,Default task
2021-09-25T08:54:25.973+09:00,user,IdeState,Active,Employee,Editor,C:/Users/user/IdeaProjects/Employee/src/Employee.java,Employee::equals,30,15,Default task
2021-09-25T08:54:26.984+09:00,user,IdeState,Active,Employee,Editor,C:/Users/user/IdeaProjects/Employee/src/Employee.java,Employee::equals,30,15,Default task
2021-09-25T08:54:27.995+09:00,user,IdeState,Active,Employee,Editor,C:/Users/user/IdeaProjects/Employee/src/Employee.java,Employee::equals,30,17,Default task
2021-09-25T08:54:29.004+09:00,user,IdeState,Active,Employee,Editor,C:/Users/user/IdeaProjects/Employee/src/Employee.java,Employee::equals,30,26,Default task
2021-09-25T08:54:30.005+09:00,user,IdeState,Active,Employee,Editor,C:/Users/user/IdeaProjects/Employee/src/Employee.java,Employee::equals,30,26,Default task
2021-09-25T08:54:31.012+09:00,user,IdeState,Active,Employee,Editor,C:/Users/user/IdeaProjects/Employee/src/Employee.java,Employee::equals,30,34,Default task
2021-09-25T08:54:32.028+09:00,user,IdeState,Active,Employee,Editor,C:/Users/user/IdeaProjects/Employee/src/Employee.java,Employee::equals,30,36,Default task
2021-09-25T08:54:33.043+09:00,user,IdeState,Active,Employee,Editor,C:/Users/user/IdeaProjects/Employee/src/Employee.java,Employee::equals,31,12,Default task
2021-09-25T08:54:34.052+09:00,user,IdeState,Active,Employee,Editor,C:/Users/user/IdeaProjects/Employee/src/Employee.java,Employee::equals,31,19,Default task
2021-09-25T08:54:35.066+09:00,user,IdeState,Active,Employee,Editor,C:/Users/user/IdeaProjects/Employee/src/Employee.java,Employee::equals,31,20,Default task
2021-09-25T08:54:36.076+09:00,user,IdeState,Active,Employee,Editor,C:/Users/user/IdeaProjects/Employee/src/Employee.java,Employee::equals,31,25,Default task
2021-09-25T08:54:37.089+09:00,user,IdeState,Active,Employee,Editor,C:/Users/user/IdeaProjects/Employee/src/Employee.java,Employee::equals,33,8,Default task
2021-09-25T08:54:38.096+09:00,user,IdeState,Active,Employee,Editor,C:/Users/user/IdeaProjects/Employee/src/Employee.java,Employee::equals,33,8,Default task
2021-09-25T08:54:39.168+09:00,user,IdeState,Active,Employee,Editor,C:/Users/user/IdeaProjects/Employee/src/Employee.java,Employee::equals,33,9,Default task
2021-09-25T08:54:40.183+09:00,user,IdeState,Active,Employee,Editor,C:/Users/user/IdeaProjects/Employee/src/Employee.java,Employee::equals,33,16,Default task
2021-09-25T08:54:41.199+09:00,user,IdeState,Active,Employee,Editor,C:/Users/user/IdeaProjects/Employee/src/Employee.java,Employee::equals,33,17,Default task
2021-09-25T08:54:42.212+09:00,user,IdeState,Active,Employee,Editor,C:/Users/user/IdeaProjects/Employee/src/Employee.java,Employee::equals,33,18,Default task
2021-09-25T08:54:43.223+09:00,user,IdeState,Active,Employee,Editor,C:/Users/user/IdeaProjects/Employee/src/Employee.java,Employee::equals,34,0,Default task
2021-09-25T08:54:44.237+09:00,user,IdeState,Active,Employee,Editor,C:/Users/user/IdeaProjects/Employee/src/Employee.java,Employee::equals,33,19,Default task
2021-09-25T08:54:45.251+09:00,user,IdeState,Active,Employee,Editor,C:/Users/user/IdeaProjects/Employee/src/Employee.java,Employee::equals,33,22,Default task
2021-09-25T08:54:46.266+09:00,user,IdeState,Active,Employee,Editor,C:/Users/user/IdeaProjects/Employee/src/Employee.java,Employee::equals,33,22,Default task
2021-09-25T08:54:47.278+09:00,user,IdeState,Active,Employee,Editor,C:/Users/user/IdeaProjects/Employee/src/Employee.java,Employee::equals,33,24,Default task
2021-09-25T08:54:48.294+09:00,user,IdeState,Active,Employee,Editor,C:/Users/user/IdeaProjects/Employee/src/Employee.java,Employee::equals,33,33,Default task
2021-09-25T08:54:49.309+09:00,user,IdeState,Active,Employee,Editor,C:/Users/user/IdeaProjects/Employee/src/Employee.java,Employee::equals,33,34,Default task
2021-09-25T08:54:50.323+09:00,user,IdeState,Active,Employee,Editor,C:/Users/user/IdeaProjects/Employee/src/Employee.java,Employee::equals,33,34,Default task
2021-09-25T08:54:51.324+09:00,user,IdeState,Active,Employee,Editor,C:/Users/user/IdeaProjects/Employee/src/Employee.java,Employee::equals,34,8,Default task
2021-09-25T08:54:52.337+09:00,user,IdeState,Active,Employee,Editor,C:/Users/user/IdeaProjects/Employee/src/Employee.java,Employee::equals,34,10,Default task
2021-09-25T08:54:53.352+09:00,user,IdeState,Active,Employee,Editor,C:/Users/user/IdeaProjects/Employee/src/Employee.java,Employee::equals,34,15,Default task
2021-09-25T08:54:54.365+09:00,user,IdeState,Active,Employee,Editor,C:/Users/user/IdeaProjects/Employee/src/Employee.java,Employee::equals,34,21,Default task
2021-09-25T08:54:55.377+09:00,user,IdeState,Active,Employee,Editor,C:/Users/user/IdeaProjects/Employee/src/Employee.java,Employee::equals,34,22,Default task
2021-09-25T08:54:56.385+09:00,user,IdeState,Active,Employee,Editor,C:/Users/user/IdeaProjects/Employee/src/Employee.java,Employee::equals,34,29,Default task
2021-09-25T08:54:57.399+09:00,user,IdeState,Active,Employee,Editor,C:/Users/user/IdeaProjects/Employee/src/Employee.java,Employee::equals,34,30,Default task
2021-09-25T08:54:58.413+09:00,user,IdeState,Active,Employee,Editor,C:/Users/user/IdeaProjects/Employee/src/Employee.java,Employee::equals,34,31,Default task
2021-09-25T08:54:59.415+09:00,user,IdeState,Active,Employee,Editor,C:/Users/user/IdeaProjects/Employee/src/Employee.java,Employee::equals,34,32,Default task
2021-09-25T08:55:00.428+09:00,user,IdeState,Active,Employee,Editor,C:/Users/user/IdeaProjects/Employee/src/Employee.java,Employee::equals,34,32,Default task
2021-09-25T08:55:01.441+09:00,user,IdeState,Active,Employee,Editor,C:/Users/user/IdeaProjects/Employee/src/Employee.java,Employee::equals,34,44,Default task
2021-09-25T08:55:02.455+09:00,user,IdeState,Active,Employee,Editor,C:/Users/user/IdeaProjects/Employee/src/Employee.java,Employee::equals,34,44,Default task
2021-09-25T08:55:03.456+09:00,user,IdeState,Active,Employee,Editor,C:/Users/user/IdeaProjects/Employee/src/Employee.java,Employee::equals,34,45,Default task
2021-09-25T08:55:04.462+09:00,user,IdeState,Active,Employee,Editor,C:/Users/user/IdeaProjects/Employee/src/Employee.java,Employee::equals,34,47,Default task
2021-09-25T08:55:05.487+09:00,user,IdeState,Active,Employee,Editor,C:/Users/user/IdeaProjects/Employee/src/Employee.java,Employee::equals,34,48,Default task
2021-09-25T08:55:06.501+09:00,user,IdeState,Active,Employee,Editor,C:/Users/user/IdeaProjects/Employee/src/Employee.java,Employee::equals,34,49,Default task
2021-09-25T08:55:07.512+09:00,user,IdeState,Active,Employee,Editor,C:/Users/user/IdeaProjects/Employee/src/Employee.java,Employee::equals,34,53,Default task
2021-09-25T08:55:08.528+09:00,user,IdeState,Active,Employee,Editor,C:/Users/user/IdeaProjects/Employee/src/Employee.java,Employee::equals,34,53,Default task
2021-09-25T08:55:09.550+09:00,user,IdeState,Active,Employee,Editor,C:/Users/user/IdeaProjects/Employee/src/Employee.java,Employee::equals,34,60,Default task
2021-09-25T08:55:10.566+09:00,user,IdeState,Active,Employee,Editor,C:/Users/user/IdeaProjects/Employee/src/Employee.java,Employee::equals,34,61,Default task
2021-09-25T08:55:11.589+09:00,user,IdeState,Active,Employee,Editor,C:/Users/user/IdeaProjects/Employee/src/Employee.java,Employee::equals,34,63,Default task
2021-09-25T08:55:12.595+09:00,user,IdeState,Active,Employee,Editor,C:/Users/user/IdeaProjects/Employee/src/Employee.java,Employee::equals,34,63,Default task
2021-09-25T08:55:13.606+09:00,user,IdeState,Active,Employee,Editor,C:/Users/user/IdeaProjects/Employee/src/Employee.java,Employee::equals,34,72,Default task
2021-09-25T08:55:14.622+09:00,user,IdeState,Active,Employee,Editor,C:/Users/user/IdeaProjects/Employee/src/Employee.java,Employee::equals,34,73,Default task
2021-09-25T08:55:15.634+09:00,user,IdeState,Active,Employee,Editor,C:/Users/user/IdeaProjects/Employee/src/Employee.java,,35,5,Default task
2021-09-25T08:55:16.652+09:00,user,IdeState,Active,Employee,Editor,C:/Users/user/IdeaProjects/Employee/src/Employee.java,,36,4,Default task
2021-09-25T08:55:17.665+09:00,user,IdeState,Active,Employee,Editor,C:/Users/user/IdeaProjects/Employee/src/Employee.java,,37,4,Default task
2021-09-25T08:55:18.680+09:00,user,IdeState,Active,Employee,Editor,C:/Users/user/IdeaProjects/Employee/src/Employee.java,,37,4,Default task
2021-09-25T08:55:19.693+09:00,user,IdeState,Active,Employee,Editor,C:/Users/user/IdeaProjects/Employee/src/Employee.java,,37,5,Default task
2021-09-25T08:55:20.705+09:00,user,IdeState,Active,Employee,Editor,C:/Users/user/IdeaProjects/Employee/src/Employee.java,,37,13,Default task
2021-09-25T08:55:21.717+09:00,user,IdeState,Active,Employee,Editor,C:/Users/user/IdeaProjects/Employee/src/Employee.java,,38,4,Default task
2021-09-25T08:55:22.769+09:00,user,IdeState,Active,Employee,Editor,C:/Users/user/IdeaProjects/Employee/src/Employee.java,,38,11,Default task
2021-09-25T08:55:23.788+09:00,user,IdeState,Active,Employee,Editor,C:/Users/user/IdeaProjects/Employee/src/Employee.java,,38,14,Default task
2021-09-25T08:55:24.792+09:00,user,IdeState,Active,Employee,Editor,C:/Users/user/IdeaProjects/Employee/src/Employee.java,,38,16,Default task
2021-09-25T08:55:25.803+09:00,user,IdeState,Active,Employee,Editor,C:/Users/user/IdeaProjects/Employee/src/Employee.java,,38,18,Default task
2021-09-25T08:55:26.817+09:00,user,IdeState,Active,Employee,Editor,C:/Users/user/IdeaProjects/Employee/src/Employee.java,,38,19,Default task
2021-09-25T08:55:27.829+09:00,user,IdeState,Active,Employee,Editor,C:/Users/user/IdeaProjects/Employee/src/Employee.java,,38,23,Default task
2021-09-25T08:55:28.844+09:00,user,IdeState,Active,Employee,Editor,C:/Users/user/IdeaProjects/Employee/src/Employee.java,,38,23,Default task
2021-09-25T08:55:29.855+09:00,user,IdeState,Active,Employee,Editor,C:/Users/user/IdeaProjects/Employee/src/Employee.java,,38,25,Default task
2021-09-25T08:55:30.867+09:00,user,IdeState,Active,Employee,Editor,C:/Users/user/IdeaProjects/Employee/src/Employee.java,Employee::hashCode,39,8,Default task
2021-09-25T08:55:31.868+09:00,user,IdeState,Active,Employee,Editor,C:/Users/user/IdeaProjects/Employee/src/Employee.java,Employee::hashCode,39,15,Default task
2021-09-25T08:55:32.880+09:00,user,IdeState,Active,Employee,Editor,C:/Users/user/IdeaProjects/Employee/src/Employee.java,Employee::hashCode,39,16,Default task
2021-09-25T08:55:33.891+09:00,user,IdeState,Active,Employee,Editor,C:/Users/user/IdeaProjects/Employee/src/Employee.java,Employee::hashCode,39,22,Default task
2021-09-25T08:55:34.905+09:00,user,IdeState,Active,Employee,Editor,C:/Users/user/IdeaProjects/Employee/src/Employee.java,Employee::hashCode,39,22,Default task
2021-09-25T08:55:35.906+09:00,user,IdeState,Active,Employee,Editor,C:/Users/user/IdeaProjects/Employee/src/Employee.java,Employee::hashCode,39,23,Default task
2021-09-25T08:55:36.918+09:00,user,IdeState,Active,Employee,Editor,C:/Users/user/IdeaProjects/Employee/src/Employee.java,Employee::hashCode,39,32,Default task
2021-09-25T08:55:37.933+09:00,user,IdeState,Active,Employee,Editor,C:/Users/user/IdeaProjects/Employee/src/Employee.java,Employee::hashCode,39,32,Default task
2021-09-25T08:55:38.944+09:00,user,IdeState,Active,Employee,Editor,C:/Users/user/IdeaProjects/Employee/src/Employee.java,Employee::hashCode,39,32,Default task
2021-09-25T08:55:39.958+09:00,user,IdeState,Active,Employee,Editor,C:/Users/user/IdeaProjects/Employee/src/Employee.java,Employee::hashCode,39,33,Default task
2021-09-25T08:55:40.971+09:00,user,IdeState,Active,Employee,Editor,C:/Users/user/IdeaProjects/Employee/src/Employee.java,Employee::hashCode,39,37,Default task
2021-09-25T08:55:41.984+09:00,user,IdeState,Active,Employee,Editor,C:/Users/user/IdeaProjects/Employee/src/Employee.java,Employee::hashCode,39,37,Default task
2021-09-25T08:55:42.994+09:00,user,IdeState,Active,Employee,Editor,C:/Users/user/IdeaProjects/Employee/src/Employee.java,Employee::hashCode,39,38,Default task
2021-09-25T08:55:44.007+09:00,user,IdeState,Active,Employee,Editor,C:/Users/user/IdeaProjects/Employee/src/Employee.java,Employee::hashCode,39,43,Default task
2021-09-25T08:55:45.016+09:00,user,IdeState,Active,Employee,Editor,C:/Users/user/IdeaProjects/Employee/src/Employee.java,Employee::hashCode,39,45,Default task
2021-09-25T08:55:46.017+09:00,user,IdeState,Active,Employee,Editor,C:/Users/user/IdeaProjects/Employee/src/Employee.java,Employee::hashCode,39,45,Default task
2021-09-25T08:55:47.025+09:00,user,IdeState,Active,Employee,Editor,C:/Users/user/IdeaProjects/Employee/src/Employee.java,Employee::hashCode,39,45,Default task
2021-09-25T08:55:48.034+09:00,user,IdeState,Active,Employee,Editor,C:/Users/user/IdeaProjects/Employee/src/Employee.java,Employee::hashCode,39,31,Default task
2021-09-25T08:55:49.049+09:00,user,IdeState,Active,Employee,Editor,C:/Users/user/IdeaProjects/Employee/src/Employee.java,Employee::hashCode,39,27,Default task
2021-09-25T08:55:50.053+09:00,user,IdeState,Active,Employee,Editor,C:/Users/user/IdeaProjects/Employee/src/Employee.java,Employee::hashCode,38,26,Default task
2021-09-25T08:55:51.066+09:00,user,IdeState,Active,Employee,Editor,C:/Users/user/IdeaProjects/Employee/src/Employee.java,,41,1,Default task
2021-09-25T08:55:52.074+09:00,user,IdeState,Active,Employee,Editor,C:/Users/user/IdeaProjects/Employee/src/Employee.java,,41,1,Default task
2021-09-25T08:55:53.087+09:00,user,IdeState,Active,Employee,Editor,C:/Users/user/IdeaProjects/Employee/src/Employee.java,,41,1,Default task
2021-09-25T08:55:54.164+09:00,user,IdeState,Active,Employee,Editor,C:/Users/user/IdeaProjects/Employee/src/Employee.java,Employee::hashCode,41,1,Default task
2021-09-25T08:55:55.173+09:00,user,IdeState,Active,Employee,Editor,C:/Users/user/IdeaProjects/Employee/src/Employee.java,,41,1,Default task
2021-09-25T08:55:56.183+09:00,user,IdeState,Active,Employee,Editor,C:/Users/user/IdeaProjects/Employee/src/Employee.java,,41,1,Default task
2021-09-25T08:55:57.196+09:00,user,IdeState,Active,Employee,Editor,C:/Users/user/IdeaProjects/Employee/src/Employee.java,,41,1,Default task
2021-09-25T08:55:58.206+09:00,user,IdeState,Active,Employee,Editor,C:/Users/user/IdeaProjects/Employee/src/Employee.java,,41,1,Default task
2021-09-25T08:55:59.219+09:00,user,IdeState,Active,Employee,Editor,C:/Users/user/IdeaProjects/Employee/src/Employee.java,,41,1,Default task
2021-09-25T08:56:00.233+09:00,user,IdeState,Active,Employee,Editor,C:/Users/user/IdeaProjects/Employee/src/Employee.java,,41,1,Default task
2021-09-25T08:56:01.247+09:00,user,IdeState,Active,Employee,Editor,C:/Users/user/IdeaProjects/Employee/src/Employee.java,,41,1,Default task
2021-09-25T08:56:02.262+09:00,user,IdeState,Active,Employee,Editor,C:/Users/user/IdeaProjects/Employee/src/Employee.java,,41,1,Default task
2021-09-25T08:56:03.271+09:00,user,IdeState,Active,Employee,Editor,C:/Users/user/IdeaProjects/Employee/src/Employee.java,,41,1,Default task
2021-09-25T08:56:04.287+09:00,user,IdeState,Active,Employee,Editor,C:/Users/user/IdeaProjects/Employee/src/Employee.java,,41,1,Default task
2021-09-25T08:56:05.294+09:00,user,IdeState,Active,Employee,Editor,C:/Users/user/IdeaProjects/Employee/src/Employee.java,,41,1,Default task
2021-09-25T08:56:06.309+09:00,user,IdeState,Active,Employee,Editor,C:/Users/user/IdeaProjects/Employee/src/Employee.java,,41,1,Default task
2021-09-25T08:56:07.321+09:00,user,IdeState,Active,Employee,Editor,C:/Users/user/IdeaProjects/Employee/src/Employee.java,,41,1,Default task
2021-09-25T08:56:08.333+09:00,user,IdeState,Active,Employee,Editor,C:/Users/user/IdeaProjects/Employee/src/Employee.java,,41,1,Default task
2021-09-25T08:56:09.350+09:00,user,IdeState,Active,Employee,Editor,C:/Users/user/IdeaProjects/Employee/src/Employee.java,,41,1,Default task
2021-09-25T08:56:10.356+09:00,user,IdeState,Active,Employee,Editor,C:/Users/user/IdeaProjects/Employee/src/Employee.java,,41,1,Default task
2021-09-25T08:56:11.369+09:00,user,IdeState,Active,Employee,Popup,C:/Users/user/IdeaProjects/Employee/src/Employee.java,,41,1,Default task
2021-09-25T08:56:12.380+09:00,user,IdeState,Active,Employee,Editor,C:/Users/user/IdeaProjects/Employee/src/Employee.java,,41,1,Default task
2021-09-25T08:56:13.394+09:00,user,IdeState,Active,Employee,Editor,C:/Users/user/IdeaProjects/Employee/src/Employee.java,,41,1,Default task
2021-09-25T08:56:14.394+09:00,user,IdeState,Active,Employee,Editor,C:/Users/user/IdeaProjects/Employee/src/Employee.java,,41,1,Default task
2021-09-25T08:56:15.411+09:00,user,IdeState,Active,Employee,Editor,C:/Users/user/IdeaProjects/Employee/src/Employee.java,,41,1,Default task
2021-09-25T08:56:16.423+09:00,user,IdeState,Active,Employee,Editor,C:/Users/user/IdeaProjects/Employee/src/Employee.java,,41,1,Default task
2021-09-25T08:56:17.425+09:00,user,IdeState,Active,Employee,Editor,C:/Users/user/IdeaProjects/Employee/src/Employee.java,,41,1,Default task
2021-09-25T08:56:18.427+09:00,user,IdeState,Active,Employee,Editor,C:/Users/user/IdeaProjects/Employee/src/Employee.java,,41,1,Default task
2021-09-25T08:56:19.432+09:00,user,IdeState,Active,Employee,Editor,C:/Users/user/IdeaProjects/Employee/src/Employee.java,,41,1,Default task
2021-09-25T08:56:20.448+09:00,user,IdeState,Active,Employee,Editor,C:/Users/user/IdeaProjects/Employee/src/Employee.java,,41,1,Default task
2021-09-25T08:56:21.461+09:00,user,IdeState,Active,Employee,Editor,C:/Users/user/IdeaProjects/Employee/src/Employee.java,,41,1,Default task
2021-09-25T08:56:22.477+09:00,user,IdeState,Active,Employee,Editor,C:/Users/user/IdeaProjects/Employee/src/Employee.java,,41,1,Default task
2021-09-25T08:56:23.491+09:00,user,IdeState,Active,Employee,Editor,C:/Users/user/IdeaProjects/Employee/src/Employee.java,,41,1,Default task
2021-09-25T08:56:24.504+09:00,user,IdeState,Inactive,,,,,-1,-1,
2021-09-25T08:56:25.517+09:00,user,IdeState,Inactive,,,,,-1,-1,
2021-09-25T08:56:26.532+09:00,user,IdeState,Inactive,,,,,-1,-1,
2021-09-25T08:56:27.544+09:00,user,IdeState,Inactive,,,,,-1,-1,
2021-09-25T08:56:28.557+09:00,user,IdeState,Inactive,,,,,-1,-1,
2021-09-25T08:56:29.586+09:00,user,IdeState,Active,Employee,Editor,C:/Users/user/IdeaProjects/Employee/src/Employee.java,,41,1,Default task
2021-09-25T08:56:30.594+09:00,user,IdeState,Active,Employee,Popup,C:/Users/user/IdeaProjects/Employee/src/Employee.java,,41,1,Default task
2021-09-25T08:56:31.603+09:00,user,IdeState,Active,Employee,Editor,C:/Users/user/IdeaProjects/Employee/src/Employee.java,,41,1,Default task
2021-09-25T08:56:32.609+09:00,user,IdeState,Active,Employee,Editor,C:/Users/user/IdeaProjects/Employee/src/Employee.java,,41,1,Default task
2021-09-25T08:56:33.619+09:00,user,IdeState,Active,Employee,Editor,C:/Users/user/IdeaProjects/Employee/src/Employee.java,,41,1,Default task
2021-09-25T08:56:34.634+09:00,user,IdeState,Active,Employee,Editor,C:/Users/user/IdeaProjects/Employee/src/Employee.java,,41,1,Default task
2021-09-25T08:56:35.636+09:00,user,IdeState,Active,Employee,Editor,C:/Users/user/IdeaProjects/Employee/src/Employee.java,,41,1,Default task
2021-09-25T08:56:36.647+09:00,user,IdeState,Active,Employee,Editor,C:/Users/user/IdeaProjects/Employee/src/Employee.java,,41,1,Default task
2021-09-25T08:56:37.657+09:00,user,IdeState,Active,Employee,Editor,C:/Users/user/IdeaProjects/Employee/src/Employee.java,,41,1,Default task
2021-09-25T08:56:38.670+09:00,user,IdeState,Active,Employee,Editor,C:/Users/user/IdeaProjects/Employee/src/Employee.java,,41,1,Default task
2021-09-25T08:56:39.683+09:00,user,IdeState,Active,Employee,Editor,C:/Users/user/IdeaProjects/Employee/src/Employee.java,,41,1,Default task
2021-09-25T08:56:40.695+09:00,user,IdeState,Active,Employee,Editor,C:/Users/user/IdeaProjects/Employee/src/Employee.java,,1,0,Default task
2021-09-25T08:56:41.707+09:00,user,IdeState,Active,Employee,Popup,C:/Users/user/IdeaProjects/Employee/src/Employee.java,,1,0,Default task
2021-09-25T08:56:42.715+09:00,user,IdeState,Active,Employee,Popup,C:/Users/user/IdeaProjects/Employee/src/Employee.java,,1,0,Default task
2021-09-25T08:56:43.790+09:00,user,IdeState,Active,Employee,Popup,C:/Users/user/IdeaProjects/Employee/src/Employee.java,,1,0,Default task
