2021-09-17T12:23:28.031+09:00,user,IdeState,Active,RowColumnMain,Editor,C:/Users/user/IdeaProjects/RowColumnMain/src/RowColumnMain.java,,0,0,Default task
2021-09-17T12:23:29.111+09:00,user,IdeState,Active,RowColumnMain,Editor,C:/Users/user/IdeaProjects/RowColumnMain/src/RowColumnMain.java,,0,0,Default task
2021-09-17T12:23:30.120+09:00,user,IdeState,Active,RowColumnMain,Editor,C:/Users/user/IdeaProjects/RowColumnMain/src/RowColumnMain.java,,0,3,Default task
2021-09-17T12:23:31.132+09:00,user,IdeState,Active,RowColumnMain,Editor,C:/Users/user/IdeaProjects/RowColumnMain/src/RowColumnMain.java,,0,7,Default task
2021-09-17T12:23:32.146+09:00,user,IdeState,Active,RowColumnMain,Editor,C:/Users/user/IdeaProjects/RowColumnMain/src/RowColumnMain.java,,0,7,Default task
2021-09-17T12:23:33.150+09:00,user,IdeState,Active,RowColumnMain,Editor,C:/Users/user/IdeaProjects/RowColumnMain/src/RowColumnMain.java,,0,8,Default task
2021-09-17T12:23:34.165+09:00,user,IdeState,Active,RowColumnMain,Editor,C:/Users/user/IdeaProjects/RowColumnMain/src/RowColumnMain.java,,0,27,Default task
2021-09-17T12:23:35.181+09:00,user,IdeState,Active,RowColumnMain,Editor,C:/Users/user/IdeaProjects/RowColumnMain/src/RowColumnMain.java,,1,4,Default task
2021-09-17T12:23:36.194+09:00,user,IdeState,Active,RowColumnMain,Editor,C:/Users/user/IdeaProjects/RowColumnMain/src/RowColumnMain.java,,1,6,Default task
2021-09-17T12:23:37.197+09:00,user,IdeState,Active,RowColumnMain,Editor,C:/Users/user/IdeaProjects/RowColumnMain/src/RowColumnMain.java,,1,11,Default task
2021-09-17T12:23:38.211+09:00,user,IdeState,Active,RowColumnMain,Editor,C:/Users/user/IdeaProjects/RowColumnMain/src/RowColumnMain.java,,1,12,Default task
2021-09-17T12:23:39.214+09:00,user,IdeState,Active,RowColumnMain,Editor,C:/Users/user/IdeaProjects/RowColumnMain/src/RowColumnMain.java,,1,12,Default task
2021-09-17T12:23:40.222+09:00,user,IdeState,Active,RowColumnMain,Editor,C:/Users/user/IdeaProjects/RowColumnMain/src/RowColumnMain.java,,1,18,Default task
2021-09-17T12:23:41.227+09:00,user,IdeState,Active,RowColumnMain,Editor,C:/Users/user/IdeaProjects/RowColumnMain/src/RowColumnMain.java,,1,19,Default task
2021-09-17T12:23:42.238+09:00,user,IdeState,Active,RowColumnMain,Editor,C:/Users/user/IdeaProjects/RowColumnMain/src/RowColumnMain.java,,1,23,Default task
2021-09-17T12:23:43.245+09:00,user,IdeState,Active,RowColumnMain,Editor,C:/Users/user/IdeaProjects/RowColumnMain/src/RowColumnMain.java,,1,25,Default task
2021-09-17T12:23:44.259+09:00,user,IdeState,Active,RowColumnMain,Editor,C:/Users/user/IdeaProjects/RowColumnMain/src/RowColumnMain.java,,1,27,Default task
2021-09-17T12:23:45.273+09:00,user,IdeState,Active,RowColumnMain,Editor,C:/Users/user/IdeaProjects/RowColumnMain/src/RowColumnMain.java,RowColumnMain::main,1,28,Default task
2021-09-17T12:23:46.285+09:00,user,IdeState,Active,RowColumnMain,Editor,C:/Users/user/IdeaProjects/RowColumnMain/src/RowColumnMain.java,RowColumnMain::main,1,34,Default task
2021-09-17T12:23:47.287+09:00,user,IdeState,Active,RowColumnMain,Editor,C:/Users/user/IdeaProjects/RowColumnMain/src/RowColumnMain.java,RowColumnMain::main,1,34,Default task
2021-09-17T12:23:48.302+09:00,user,IdeState,Active,RowColumnMain,Editor,C:/Users/user/IdeaProjects/RowColumnMain/src/RowColumnMain.java,RowColumnMain::main,1,36,Default task
2021-09-17T12:23:49.318+09:00,user,IdeState,Active,RowColumnMain,Editor,C:/Users/user/IdeaProjects/RowColumnMain/src/RowColumnMain.java,RowColumnMain::main,1,41,Default task
2021-09-17T12:23:50.325+09:00,user,IdeState,Active,RowColumnMain,Editor,C:/Users/user/IdeaProjects/RowColumnMain/src/RowColumnMain.java,RowColumnMain::main,1,40,Default task
2021-09-17T12:23:51.340+09:00,user,IdeState,Active,RowColumnMain,Editor,C:/Users/user/IdeaProjects/RowColumnMain/src/RowColumnMain.java,,1,42,Default task
2021-09-17T12:23:52.342+09:00,user,IdeState,Active,RowColumnMain,Editor,C:/Users/user/IdeaProjects/RowColumnMain/src/RowColumnMain.java,RowColumnMain::main,2,8,Default task
2021-09-17T12:23:53.349+09:00,user,IdeState,Active,RowColumnMain,Editor,C:/Users/user/IdeaProjects/RowColumnMain/src/RowColumnMain.java,RowColumnMain::main,3,9,Default task
2021-09-17T12:23:54.362+09:00,user,IdeState,Active,RowColumnMain,Editor,C:/Users/user/IdeaProjects/RowColumnMain/src/RowColumnMain.java,RowColumnMain::main,5,15,Default task
2021-09-17T12:23:55.366+09:00,user,IdeState,Active,RowColumnMain,Editor,C:/Users/user/IdeaProjects/RowColumnMain/src/RowColumnMain.java,RowColumnMain::main,5,18,Default task
2021-09-17T12:23:56.373+09:00,user,IdeState,Active,RowColumnMain,Editor,C:/Users/user/IdeaProjects/RowColumnMain/src/RowColumnMain.java,RowColumnMain::main,5,23,Default task
2021-09-17T12:23:57.376+09:00,user,IdeState,Active,RowColumnMain,Editor,C:/Users/user/IdeaProjects/RowColumnMain/src/RowColumnMain.java,RowColumnMain::main,5,25,Default task
2021-09-17T12:23:58.382+09:00,user,IdeState,Active,RowColumnMain,Editor,C:/Users/user/IdeaProjects/RowColumnMain/src/RowColumnMain.java,RowColumnMain::main,5,29,Default task
2021-09-17T12:23:59.396+09:00,user,IdeState,Active,RowColumnMain,Editor,C:/Users/user/IdeaProjects/RowColumnMain/src/RowColumnMain.java,RowColumnMain::main,5,30,Default task
2021-09-17T12:24:00.411+09:00,user,IdeState,Active,RowColumnMain,Editor,C:/Users/user/IdeaProjects/RowColumnMain/src/RowColumnMain.java,RowColumnMain::main,5,38,Default task
2021-09-17T12:24:01.428+09:00,user,IdeState,Active,RowColumnMain,Editor,C:/Users/user/IdeaProjects/RowColumnMain/src/RowColumnMain.java,RowColumnMain::main,5,38,Default task
2021-09-17T12:24:02.530+09:00,user,IdeState,Active,RowColumnMain,Editor,C:/Users/user/IdeaProjects/RowColumnMain/src/RowColumnMain.java,RowColumnMain::main,5,40,Default task
2021-09-17T12:24:03.533+09:00,user,IdeState,Active,RowColumnMain,Editor,C:/Users/user/IdeaProjects/RowColumnMain/src/RowColumnMain.java,RowColumnMain::main,5,40,Default task
2021-09-17T12:24:04.536+09:00,user,IdeState,Active,RowColumnMain,Editor,C:/Users/user/IdeaProjects/RowColumnMain/src/RowColumnMain.java,RowColumnMain::main,5,40,Default task
2021-09-17T12:24:05.563+09:00,user,IdeState,Active,RowColumnMain,Editor,C:/Users/user/IdeaProjects/RowColumnMain/src/RowColumnMain.java,RowColumnMain::main,5,44,Default task
2021-09-17T12:24:06.580+09:00,user,IdeState,Active,RowColumnMain,Editor,C:/Users/user/IdeaProjects/RowColumnMain/src/RowColumnMain.java,RowColumnMain::main,5,47,Default task
2021-09-17T12:24:07.582+09:00,user,IdeState,Active,RowColumnMain,Editor,C:/Users/user/IdeaProjects/RowColumnMain/src/RowColumnMain.java,RowColumnMain::main,5,49,Default task
2021-09-17T12:24:08.587+09:00,user,IdeState,Active,RowColumnMain,Editor,C:/Users/user/IdeaProjects/RowColumnMain/src/RowColumnMain.java,RowColumnMain::main,6,8,Default task
2021-09-17T12:24:09.593+09:00,user,IdeState,Active,RowColumnMain,Editor,C:/Users/user/IdeaProjects/RowColumnMain/src/RowColumnMain.java,RowColumnMain::main,6,8,Default task
2021-09-17T12:24:10.615+09:00,user,IdeState,Active,RowColumnMain,Editor,C:/Users/user/IdeaProjects/RowColumnMain/src/RowColumnMain.java,RowColumnMain::main,6,13,Default task
2021-09-17T12:24:11.624+09:00,user,IdeState,Active,RowColumnMain,Editor,C:/Users/user/IdeaProjects/RowColumnMain/src/RowColumnMain.java,RowColumnMain::main,6,11,Default task
2021-09-17T12:24:12.637+09:00,user,IdeState,Active,RowColumnMain,Editor,C:/Users/user/IdeaProjects/RowColumnMain/src/RowColumnMain.java,RowColumnMain::main,7,12,Default task
2021-09-17T12:24:13.649+09:00,user,IdeState,Active,RowColumnMain,Editor,C:/Users/user/IdeaProjects/RowColumnMain/src/RowColumnMain.java,RowColumnMain::main,7,12,Default task
2021-09-17T12:24:14.658+09:00,user,IdeState,Active,RowColumnMain,Editor,C:/Users/user/IdeaProjects/RowColumnMain/src/RowColumnMain.java,RowColumnMain::main,7,13,Default task
2021-09-17T12:24:15.669+09:00,user,IdeState,Active,RowColumnMain,Editor,C:/Users/user/IdeaProjects/RowColumnMain/src/RowColumnMain.java,RowColumnMain::main,7,15,Default task
2021-09-17T12:24:16.670+09:00,user,IdeState,Active,RowColumnMain,Editor,C:/Users/user/IdeaProjects/RowColumnMain/src/RowColumnMain.java,RowColumnMain::main,7,21,Default task
2021-09-17T12:24:17.685+09:00,user,IdeState,Active,RowColumnMain,Editor,C:/Users/user/IdeaProjects/RowColumnMain/src/RowColumnMain.java,RowColumnMain::main,7,24,Default task
2021-09-17T12:24:18.687+09:00,user,IdeState,Active,RowColumnMain,Editor,C:/Users/user/IdeaProjects/RowColumnMain/src/RowColumnMain.java,RowColumnMain::main,7,32,Default task
2021-09-17T12:24:19.700+09:00,user,IdeState,Active,RowColumnMain,Editor,C:/Users/user/IdeaProjects/RowColumnMain/src/RowColumnMain.java,RowColumnMain::main,7,33,Default task
2021-09-17T12:24:20.705+09:00,user,IdeState,Active,RowColumnMain,Editor,C:/Users/user/IdeaProjects/RowColumnMain/src/RowColumnMain.java,RowColumnMain::main,7,38,Default task
2021-09-17T12:24:21.706+09:00,user,IdeState,Active,RowColumnMain,Editor,C:/Users/user/IdeaProjects/RowColumnMain/src/RowColumnMain.java,RowColumnMain::main,7,39,Default task
2021-09-17T12:24:22.719+09:00,user,IdeState,Active,RowColumnMain,Editor,C:/Users/user/IdeaProjects/RowColumnMain/src/RowColumnMain.java,RowColumnMain::main,7,40,Default task
2021-09-17T12:24:23.724+09:00,user,IdeState,Active,RowColumnMain,Editor,C:/Users/user/IdeaProjects/RowColumnMain/src/RowColumnMain.java,RowColumnMain::main,8,52,Default task
2021-09-17T12:24:24.737+09:00,user,IdeState,Active,RowColumnMain,Editor,C:/Users/user/IdeaProjects/RowColumnMain/src/RowColumnMain.java,RowColumnMain::main,9,8,Default task
2021-09-17T12:24:25.747+09:00,user,IdeState,Active,RowColumnMain,Editor,C:/Users/user/IdeaProjects/RowColumnMain/src/RowColumnMain.java,RowColumnMain::main,9,10,Default task
2021-09-17T12:24:26.761+09:00,user,IdeState,Active,RowColumnMain,Editor,C:/Users/user/IdeaProjects/RowColumnMain/src/RowColumnMain.java,RowColumnMain::main,9,10,Default task
2021-09-17T12:24:27.775+09:00,user,IdeState,Active,RowColumnMain,Editor,C:/Users/user/IdeaProjects/RowColumnMain/src/RowColumnMain.java,RowColumnMain::main,9,15,Default task
2021-09-17T12:24:28.777+09:00,user,IdeState,Active,RowColumnMain,Editor,C:/Users/user/IdeaProjects/RowColumnMain/src/RowColumnMain.java,RowColumnMain::main,9,18,Default task
2021-09-17T12:24:29.782+09:00,user,IdeState,Active,RowColumnMain,Editor,C:/Users/user/IdeaProjects/RowColumnMain/src/RowColumnMain.java,RowColumnMain::main,9,19,Default task
2021-09-17T12:24:30.786+09:00,user,IdeState,Active,RowColumnMain,Editor,C:/Users/user/IdeaProjects/RowColumnMain/src/RowColumnMain.java,RowColumnMain::main,9,19,Default task
2021-09-17T12:24:31.801+09:00,user,IdeState,Active,RowColumnMain,Editor,C:/Users/user/IdeaProjects/RowColumnMain/src/RowColumnMain.java,RowColumnMain::main,9,19,Default task
2021-09-17T12:24:32.806+09:00,user,IdeState,Active,RowColumnMain,Editor,C:/Users/user/IdeaProjects/RowColumnMain/src/RowColumnMain.java,RowColumnMain::main,9,27,Default task
2021-09-17T12:24:33.859+09:00,user,IdeState,Active,RowColumnMain,Editor,C:/Users/user/IdeaProjects/RowColumnMain/src/RowColumnMain.java,RowColumnMain::main,9,27,Default task
2021-09-17T12:24:34.869+09:00,user,IdeState,Active,RowColumnMain,Editor,C:/Users/user/IdeaProjects/RowColumnMain/src/RowColumnMain.java,RowColumnMain::main,9,29,Default task
2021-09-17T12:24:35.884+09:00,user,IdeState,Active,RowColumnMain,Editor,C:/Users/user/IdeaProjects/RowColumnMain/src/RowColumnMain.java,RowColumnMain::main,9,33,Default task
2021-09-17T12:24:36.889+09:00,user,IdeState,Active,RowColumnMain,Editor,C:/Users/user/IdeaProjects/RowColumnMain/src/RowColumnMain.java,RowColumnMain::main,9,31,Default task
2021-09-17T12:24:37.893+09:00,user,IdeState,Active,RowColumnMain,Editor,C:/Users/user/IdeaProjects/RowColumnMain/src/RowColumnMain.java,RowColumnMain::main,9,35,Default task
2021-09-17T12:24:38.899+09:00,user,IdeState,Active,RowColumnMain,Editor,C:/Users/user/IdeaProjects/RowColumnMain/src/RowColumnMain.java,RowColumnMain::main,9,31,Default task
2021-09-17T12:24:39.912+09:00,user,IdeState,Active,RowColumnMain,Editor,C:/Users/user/IdeaProjects/RowColumnMain/src/RowColumnMain.java,RowColumnMain::main,9,33,Default task
2021-09-17T12:24:40.927+09:00,user,IdeState,Active,RowColumnMain,Editor,C:/Users/user/IdeaProjects/RowColumnMain/src/RowColumnMain.java,RowColumnMain::main,9,37,Default task
2021-09-17T12:24:41.934+09:00,user,IdeState,Active,RowColumnMain,Editor,C:/Users/user/IdeaProjects/RowColumnMain/src/RowColumnMain.java,RowColumnMain::main,9,39,Default task
2021-09-17T12:24:42.961+09:00,user,IdeState,Active,RowColumnMain,Editor,C:/Users/user/IdeaProjects/RowColumnMain/src/RowColumnMain.java,RowColumnMain::main,9,43,Default task
2021-09-17T12:24:43.967+09:00,user,IdeState,Active,RowColumnMain,Editor,C:/Users/user/IdeaProjects/RowColumnMain/src/RowColumnMain.java,RowColumnMain::main,9,45,Default task
2021-09-17T12:24:44.971+09:00,user,IdeState,Active,RowColumnMain,Editor,C:/Users/user/IdeaProjects/RowColumnMain/src/RowColumnMain.java,RowColumnMain::main,9,46,Default task
2021-09-17T12:24:45.986+09:00,user,IdeState,Active,RowColumnMain,Editor,C:/Users/user/IdeaProjects/RowColumnMain/src/RowColumnMain.java,RowColumnMain::main,9,48,Default task
2021-09-17T12:24:47.000+09:00,user,IdeState,Active,RowColumnMain,Editor,C:/Users/user/IdeaProjects/RowColumnMain/src/RowColumnMain.java,RowColumnMain::main,9,49,Default task
2021-09-17T12:24:48.012+09:00,user,IdeState,Active,RowColumnMain,Editor,C:/Users/user/IdeaProjects/RowColumnMain/src/RowColumnMain.java,RowColumnMain::main,9,50,Default task
2021-09-17T12:24:49.019+09:00,user,IdeState,Active,RowColumnMain,Editor,C:/Users/user/IdeaProjects/RowColumnMain/src/RowColumnMain.java,RowColumnMain::main,9,50,Default task
2021-09-17T12:24:50.021+09:00,user,IdeState,Active,RowColumnMain,Editor,C:/Users/user/IdeaProjects/RowColumnMain/src/RowColumnMain.java,RowColumnMain::main,10,8,Default task
2021-09-17T12:24:51.035+09:00,user,IdeState,Active,RowColumnMain,Editor,C:/Users/user/IdeaProjects/RowColumnMain/src/RowColumnMain.java,RowColumnMain::main,10,8,Default task
2021-09-17T12:24:52.037+09:00,user,IdeState,Active,RowColumnMain,Editor,C:/Users/user/IdeaProjects/RowColumnMain/src/RowColumnMain.java,RowColumnMain::main,10,11,Default task
2021-09-17T12:24:53.048+09:00,user,IdeState,Active,RowColumnMain,Editor,C:/Users/user/IdeaProjects/RowColumnMain/src/RowColumnMain.java,RowColumnMain::main,10,13,Default task
2021-09-17T12:24:54.053+09:00,user,IdeState,Active,RowColumnMain,Editor,C:/Users/user/IdeaProjects/RowColumnMain/src/RowColumnMain.java,RowColumnMain::main,10,15,Default task
2021-09-17T12:24:55.066+09:00,user,IdeState,Active,RowColumnMain,Editor,C:/Users/user/IdeaProjects/RowColumnMain/src/RowColumnMain.java,RowColumnMain::main,10,17,Default task
2021-09-17T12:24:56.072+09:00,user,IdeState,Active,RowColumnMain,Editor,C:/Users/user/IdeaProjects/RowColumnMain/src/RowColumnMain.java,RowColumnMain::main,10,18,Default task
2021-09-17T12:24:57.083+09:00,user,IdeState,Active,RowColumnMain,Editor,C:/Users/user/IdeaProjects/RowColumnMain/src/RowColumnMain.java,RowColumnMain::main,10,20,Default task
2021-09-17T12:24:58.088+09:00,user,IdeState,Active,RowColumnMain,Editor,C:/Users/user/IdeaProjects/RowColumnMain/src/RowColumnMain.java,RowColumnMain::main,10,21,Default task
2021-09-17T12:24:59.095+09:00,user,IdeState,Active,RowColumnMain,Editor,C:/Users/user/IdeaProjects/RowColumnMain/src/RowColumnMain.java,RowColumnMain::main,10,23,Default task
2021-09-17T12:25:00.095+09:00,user,IdeState,Active,RowColumnMain,Editor,C:/Users/user/IdeaProjects/RowColumnMain/src/RowColumnMain.java,RowColumnMain::main,10,23,Default task
2021-09-17T12:25:01.111+09:00,user,IdeState,Active,RowColumnMain,Editor,C:/Users/user/IdeaProjects/RowColumnMain/src/RowColumnMain.java,RowColumnMain::main,10,24,Default task
2021-09-17T12:25:02.112+09:00,user,IdeState,Active,RowColumnMain,Editor,C:/Users/user/IdeaProjects/RowColumnMain/src/RowColumnMain.java,RowColumnMain::main,10,25,Default task
2021-09-17T12:25:03.119+09:00,user,IdeState,Active,RowColumnMain,Editor,C:/Users/user/IdeaProjects/RowColumnMain/src/RowColumnMain.java,RowColumnMain::main,10,27,Default task
2021-09-17T12:25:04.131+09:00,user,IdeState,Active,RowColumnMain,Editor,C:/Users/user/IdeaProjects/RowColumnMain/src/RowColumnMain.java,RowColumnMain::main,10,28,Default task
2021-09-17T12:25:05.145+09:00,user,IdeState,Active,RowColumnMain,Editor,C:/Users/user/IdeaProjects/RowColumnMain/src/RowColumnMain.java,RowColumnMain::main,11,12,Default task
2021-09-17T12:25:06.149+09:00,user,IdeState,Active,RowColumnMain,Editor,C:/Users/user/IdeaProjects/RowColumnMain/src/RowColumnMain.java,RowColumnMain::main,11,12,Default task
2021-09-17T12:25:07.161+09:00,user,IdeState,Active,RowColumnMain,Editor,C:/Users/user/IdeaProjects/RowColumnMain/src/RowColumnMain.java,RowColumnMain::main,11,16,Default task
2021-09-17T12:25:08.182+09:00,user,IdeState,Active,RowColumnMain,Editor,C:/Users/user/IdeaProjects/RowColumnMain/src/RowColumnMain.java,RowColumnMain::main,11,19,Default task
2021-09-17T12:25:09.187+09:00,user,IdeState,Active,RowColumnMain,Editor,C:/Users/user/IdeaProjects/RowColumnMain/src/RowColumnMain.java,RowColumnMain::main,11,22,Default task
2021-09-17T12:25:10.191+09:00,user,IdeState,Active,RowColumnMain,Editor,C:/Users/user/IdeaProjects/RowColumnMain/src/RowColumnMain.java,RowColumnMain::main,11,23,Default task
2021-09-17T12:25:11.203+09:00,user,IdeState,Active,RowColumnMain,Editor,C:/Users/user/IdeaProjects/RowColumnMain/src/RowColumnMain.java,RowColumnMain::main,11,29,Default task
2021-09-17T12:25:12.209+09:00,user,IdeState,Active,RowColumnMain,Editor,C:/Users/user/IdeaProjects/RowColumnMain/src/RowColumnMain.java,RowColumnMain::main,11,30,Default task
2021-09-17T12:25:13.221+09:00,user,IdeState,Active,RowColumnMain,Editor,C:/Users/user/IdeaProjects/RowColumnMain/src/RowColumnMain.java,RowColumnMain::main,11,39,Default task
2021-09-17T12:25:14.235+09:00,user,IdeState,Active,RowColumnMain,Editor,C:/Users/user/IdeaProjects/RowColumnMain/src/RowColumnMain.java,RowColumnMain::main,12,12,Default task
2021-09-17T12:25:15.248+09:00,user,IdeState,Active,RowColumnMain,Editor,C:/Users/user/IdeaProjects/RowColumnMain/src/RowColumnMain.java,RowColumnMain::main,12,13,Default task
2021-09-17T12:25:16.264+09:00,user,IdeState,Active,RowColumnMain,Editor,C:/Users/user/IdeaProjects/RowColumnMain/src/RowColumnMain.java,RowColumnMain::main,12,23,Default task
2021-09-17T12:25:17.272+09:00,user,IdeState,Active,RowColumnMain,Editor,C:/Users/user/IdeaProjects/RowColumnMain/src/RowColumnMain.java,RowColumnMain::main,12,24,Default task
2021-09-17T12:25:18.283+09:00,user,IdeState,Active,RowColumnMain,Editor,C:/Users/user/IdeaProjects/RowColumnMain/src/RowColumnMain.java,RowColumnMain::main,12,27,Default task
2021-09-17T12:25:19.291+09:00,user,IdeState,Active,RowColumnMain,Editor,C:/Users/user/IdeaProjects/RowColumnMain/src/RowColumnMain.java,RowColumnMain::main,12,27,Default task
2021-09-17T12:25:20.297+09:00,user,IdeState,Active,RowColumnMain,Editor,C:/Users/user/IdeaProjects/RowColumnMain/src/RowColumnMain.java,RowColumnMain::main,12,28,Default task
2021-09-17T12:25:21.312+09:00,user,IdeState,Active,RowColumnMain,Editor,C:/Users/user/IdeaProjects/RowColumnMain/src/RowColumnMain.java,RowColumnMain::main,12,32,Default task
2021-09-17T12:25:22.317+09:00,user,IdeState,Active,RowColumnMain,Editor,C:/Users/user/IdeaProjects/RowColumnMain/src/RowColumnMain.java,RowColumnMain::main,12,33,Default task
2021-09-17T12:25:23.333+09:00,user,IdeState,Active,RowColumnMain,Editor,C:/Users/user/IdeaProjects/RowColumnMain/src/RowColumnMain.java,RowColumnMain::main,12,33,Default task
2021-09-17T12:25:24.350+09:00,user,IdeState,Active,RowColumnMain,Editor,C:/Users/user/IdeaProjects/RowColumnMain/src/RowColumnMain.java,RowColumnMain::main,14,8,Default task
2021-09-17T12:25:25.358+09:00,user,IdeState,Active,RowColumnMain,Editor,C:/Users/user/IdeaProjects/RowColumnMain/src/RowColumnMain.java,RowColumnMain::main,14,10,Default task
2021-09-17T12:25:26.367+09:00,user,IdeState,Active,RowColumnMain,Editor,C:/Users/user/IdeaProjects/RowColumnMain/src/RowColumnMain.java,RowColumnMain::main,14,16,Default task
2021-09-17T12:25:27.374+09:00,user,IdeState,Active,RowColumnMain,Editor,C:/Users/user/IdeaProjects/RowColumnMain/src/RowColumnMain.java,RowColumnMain::main,14,24,Default task
2021-09-17T12:25:28.389+09:00,user,IdeState,Active,RowColumnMain,Editor,C:/Users/user/IdeaProjects/RowColumnMain/src/RowColumnMain.java,RowColumnMain::main,14,24,Default task
2021-09-17T12:25:29.395+09:00,user,IdeState,Active,RowColumnMain,Editor,C:/Users/user/IdeaProjects/RowColumnMain/src/RowColumnMain.java,RowColumnMain::main,16,8,Default task
2021-09-17T12:25:30.407+09:00,user,IdeState,Active,RowColumnMain,Editor,C:/Users/user/IdeaProjects/RowColumnMain/src/RowColumnMain.java,RowColumnMain::main,16,9,Default task
2021-09-17T12:25:31.418+09:00,user,IdeState,Active,RowColumnMain,Editor,C:/Users/user/IdeaProjects/RowColumnMain/src/RowColumnMain.java,RowColumnMain::main,16,13,Default task
2021-09-17T12:25:32.433+09:00,user,IdeState,Active,RowColumnMain,Editor,C:/Users/user/IdeaProjects/RowColumnMain/src/RowColumnMain.java,RowColumnMain::main,16,13,Default task
2021-09-17T12:25:33.446+09:00,user,IdeState,Active,RowColumnMain,Editor,C:/Users/user/IdeaProjects/RowColumnMain/src/RowColumnMain.java,RowColumnMain::main,16,16,Default task
2021-09-17T12:25:34.467+09:00,user,IdeState,Active,RowColumnMain,Editor,C:/Users/user/IdeaProjects/RowColumnMain/src/RowColumnMain.java,RowColumnMain::main,16,18,Default task
2021-09-17T12:25:35.472+09:00,user,IdeState,Active,RowColumnMain,Editor,C:/Users/user/IdeaProjects/RowColumnMain/src/RowColumnMain.java,RowColumnMain::main,16,27,Default task
2021-09-17T12:25:36.482+09:00,user,IdeState,Active,RowColumnMain,Editor,C:/Users/user/IdeaProjects/RowColumnMain/src/RowColumnMain.java,RowColumnMain::main,16,31,Default task
2021-09-17T12:25:37.495+09:00,user,IdeState,Active,RowColumnMain,Editor,C:/Users/user/IdeaProjects/RowColumnMain/src/RowColumnMain.java,RowColumnMain::main,16,33,Default task
2021-09-17T12:25:38.498+09:00,user,IdeState,Active,RowColumnMain,Editor,C:/Users/user/IdeaProjects/RowColumnMain/src/RowColumnMain.java,RowColumnMain::main,17,8,Default task
2021-09-17T12:25:39.510+09:00,user,IdeState,Active,RowColumnMain,Editor,C:/Users/user/IdeaProjects/RowColumnMain/src/RowColumnMain.java,RowColumnMain::main,17,12,Default task
2021-09-17T12:25:40.526+09:00,user,IdeState,Active,RowColumnMain,Editor,C:/Users/user/IdeaProjects/RowColumnMain/src/RowColumnMain.java,RowColumnMain::main,17,14,Default task
2021-09-17T12:25:41.538+09:00,user,IdeState,Active,RowColumnMain,Editor,C:/Users/user/IdeaProjects/RowColumnMain/src/RowColumnMain.java,RowColumnMain::main,17,20,Default task
2021-09-17T12:25:42.575+09:00,user,IdeState,Active,RowColumnMain,Editor,C:/Users/user/IdeaProjects/RowColumnMain/src/RowColumnMain.java,RowColumnMain::main,17,29,Default task
2021-09-17T12:25:43.584+09:00,user,IdeState,Active,RowColumnMain,Editor,C:/Users/user/IdeaProjects/RowColumnMain/src/RowColumnMain.java,RowColumnMain::main,17,32,Default task
2021-09-17T12:25:44.586+09:00,user,IdeState,Active,RowColumnMain,Editor,C:/Users/user/IdeaProjects/RowColumnMain/src/RowColumnMain.java,RowColumnMain::main,17,35,Default task
2021-09-17T12:25:45.596+09:00,user,IdeState,Active,RowColumnMain,Editor,C:/Users/user/IdeaProjects/RowColumnMain/src/RowColumnMain.java,RowColumnMain::main,19,8,Default task
2021-09-17T12:25:46.613+09:00,user,IdeState,Active,RowColumnMain,Editor,C:/Users/user/IdeaProjects/RowColumnMain/src/RowColumnMain.java,RowColumnMain::main,19,12,Default task
2021-09-17T12:25:47.623+09:00,user,IdeState,Active,RowColumnMain,Editor,C:/Users/user/IdeaProjects/RowColumnMain/src/RowColumnMain.java,RowColumnMain::main,19,14,Default task
2021-09-17T12:25:48.625+09:00,user,IdeState,Active,RowColumnMain,Editor,C:/Users/user/IdeaProjects/RowColumnMain/src/RowColumnMain.java,RowColumnMain::main,19,17,Default task
2021-09-17T12:25:49.628+09:00,user,IdeState,Active,RowColumnMain,Editor,C:/Users/user/IdeaProjects/RowColumnMain/src/RowColumnMain.java,RowColumnMain::main,19,20,Default task
2021-09-17T12:25:50.633+09:00,user,IdeState,Active,RowColumnMain,Editor,C:/Users/user/IdeaProjects/RowColumnMain/src/RowColumnMain.java,RowColumnMain::main,19,21,Default task
2021-09-17T12:25:51.636+09:00,user,IdeState,Active,RowColumnMain,Editor,C:/Users/user/IdeaProjects/RowColumnMain/src/RowColumnMain.java,RowColumnMain::main,19,24,Default task
2021-09-17T12:25:52.653+09:00,user,IdeState,Active,RowColumnMain,Editor,C:/Users/user/IdeaProjects/RowColumnMain/src/RowColumnMain.java,RowColumnMain::main,19,24,Default task
2021-09-17T12:25:53.661+09:00,user,IdeState,Active,RowColumnMain,Editor,C:/Users/user/IdeaProjects/RowColumnMain/src/RowColumnMain.java,RowColumnMain::main,19,29,Default task
2021-09-17T12:25:54.664+09:00,user,IdeState,Active,RowColumnMain,Editor,C:/Users/user/IdeaProjects/RowColumnMain/src/RowColumnMain.java,RowColumnMain::main,19,33,Default task
2021-09-17T12:25:55.678+09:00,user,IdeState,Active,RowColumnMain,Editor,C:/Users/user/IdeaProjects/RowColumnMain/src/RowColumnMain.java,RowColumnMain::main,19,34,Default task
2021-09-17T12:25:56.688+09:00,user,IdeState,Active,RowColumnMain,Editor,C:/Users/user/IdeaProjects/RowColumnMain/src/RowColumnMain.java,RowColumnMain::main,19,36,Default task
2021-09-17T12:25:57.713+09:00,user,IdeState,Active,RowColumnMain,Editor,C:/Users/user/IdeaProjects/RowColumnMain/src/RowColumnMain.java,RowColumnMain::main,19,36,Default task
2021-09-17T12:25:58.718+09:00,user,IdeState,Active,RowColumnMain,Editor,C:/Users/user/IdeaProjects/RowColumnMain/src/RowColumnMain.java,RowColumnMain::main,19,37,Default task
2021-09-17T12:25:59.733+09:00,user,IdeState,Active,RowColumnMain,Editor,C:/Users/user/IdeaProjects/RowColumnMain/src/RowColumnMain.java,RowColumnMain::main,19,38,Default task
2021-09-17T12:26:00.742+09:00,user,IdeState,Active,RowColumnMain,Editor,C:/Users/user/IdeaProjects/RowColumnMain/src/RowColumnMain.java,RowColumnMain::main,19,40,Default task
2021-09-17T12:26:01.755+09:00,user,IdeState,Active,RowColumnMain,Editor,C:/Users/user/IdeaProjects/RowColumnMain/src/RowColumnMain.java,RowColumnMain::main,19,40,Default task
2021-09-17T12:26:02.771+09:00,user,IdeState,Active,RowColumnMain,Editor,C:/Users/user/IdeaProjects/RowColumnMain/src/RowColumnMain.java,RowColumnMain::main,20,8,Default task
2021-09-17T12:26:03.781+09:00,user,IdeState,Active,RowColumnMain,Editor,C:/Users/user/IdeaProjects/RowColumnMain/src/RowColumnMain.java,RowColumnMain::main,20,13,Default task
2021-09-17T12:26:04.791+09:00,user,IdeState,Active,RowColumnMain,Editor,C:/Users/user/IdeaProjects/RowColumnMain/src/RowColumnMain.java,RowColumnMain::main,20,17,Default task
2021-09-17T12:26:05.805+09:00,user,IdeState,Active,RowColumnMain,Editor,C:/Users/user/IdeaProjects/RowColumnMain/src/RowColumnMain.java,RowColumnMain::main,20,18,Default task
2021-09-17T12:26:06.823+09:00,user,IdeState,Active,RowColumnMain,Editor,C:/Users/user/IdeaProjects/RowColumnMain/src/RowColumnMain.java,RowColumnMain::main,22,11,Default task
2021-09-17T12:26:07.833+09:00,user,IdeState,Active,RowColumnMain,Editor,C:/Users/user/IdeaProjects/RowColumnMain/src/RowColumnMain.java,RowColumnMain::main,22,11,Default task
2021-09-17T12:26:08.846+09:00,user,IdeState,Active,RowColumnMain,Editor,C:/Users/user/IdeaProjects/RowColumnMain/src/RowColumnMain.java,RowColumnMain::main,22,12,Default task
2021-09-17T12:26:09.848+09:00,user,IdeState,Active,RowColumnMain,Editor,C:/Users/user/IdeaProjects/RowColumnMain/src/RowColumnMain.java,RowColumnMain::main,22,17,Default task
2021-09-17T12:26:10.859+09:00,user,IdeState,Active,RowColumnMain,Editor,C:/Users/user/IdeaProjects/RowColumnMain/src/RowColumnMain.java,RowColumnMain::main,22,18,Default task
2021-09-17T12:26:11.861+09:00,user,IdeState,Active,RowColumnMain,Editor,C:/Users/user/IdeaProjects/RowColumnMain/src/RowColumnMain.java,RowColumnMain::main,22,19,Default task
2021-09-17T12:26:12.875+09:00,user,IdeState,Active,RowColumnMain,Editor,C:/Users/user/IdeaProjects/RowColumnMain/src/RowColumnMain.java,RowColumnMain::main,22,19,Default task
2021-09-17T12:26:13.877+09:00,user,IdeState,Active,RowColumnMain,Editor,C:/Users/user/IdeaProjects/RowColumnMain/src/RowColumnMain.java,RowColumnMain::main,22,19,Default task
2021-09-17T12:26:14.881+09:00,user,IdeState,Active,RowColumnMain,Editor,C:/Users/user/IdeaProjects/RowColumnMain/src/RowColumnMain.java,RowColumnMain::main,22,20,Default task
2021-09-17T12:26:15.885+09:00,user,IdeState,Active,RowColumnMain,Editor,C:/Users/user/IdeaProjects/RowColumnMain/src/RowColumnMain.java,RowColumnMain::main,22,20,Default task
2021-09-17T12:26:16.891+09:00,user,IdeState,Active,RowColumnMain,Editor,C:/Users/user/IdeaProjects/RowColumnMain/src/RowColumnMain.java,RowColumnMain::main,22,22,Default task
2021-09-17T12:26:17.924+09:00,user,IdeState,Active,RowColumnMain,Editor,C:/Users/user/IdeaProjects/RowColumnMain/src/RowColumnMain.java,RowColumnMain::main,22,23,Default task
2021-09-17T12:26:18.933+09:00,user,IdeState,Active,RowColumnMain,Editor,C:/Users/user/IdeaProjects/RowColumnMain/src/RowColumnMain.java,RowColumnMain::main,22,25,Default task
2021-09-17T12:26:19.937+09:00,user,IdeState,Active,RowColumnMain,Editor,C:/Users/user/IdeaProjects/RowColumnMain/src/RowColumnMain.java,RowColumnMain::main,22,27,Default task
2021-09-17T12:26:20.939+09:00,user,IdeState,Active,RowColumnMain,Editor,C:/Users/user/IdeaProjects/RowColumnMain/src/RowColumnMain.java,RowColumnMain::main,22,28,Default task
2021-09-17T12:26:21.943+09:00,user,IdeState,Active,RowColumnMain,Editor,C:/Users/user/IdeaProjects/RowColumnMain/src/RowColumnMain.java,RowColumnMain::main,23,12,Default task
2021-09-17T12:26:22.961+09:00,user,IdeState,Active,RowColumnMain,Editor,C:/Users/user/IdeaProjects/RowColumnMain/src/RowColumnMain.java,RowColumnMain::main,23,12,Default task
2021-09-17T12:26:23.977+09:00,user,IdeState,Active,RowColumnMain,Editor,C:/Users/user/IdeaProjects/RowColumnMain/src/RowColumnMain.java,RowColumnMain::main,23,12,Default task
2021-09-17T12:26:24.979+09:00,user,IdeState,Active,RowColumnMain,Editor,C:/Users/user/IdeaProjects/RowColumnMain/src/RowColumnMain.java,RowColumnMain::main,23,12,Default task
2021-09-17T12:26:25.979+09:00,user,IdeState,Active,RowColumnMain,Editor,C:/Users/user/IdeaProjects/RowColumnMain/src/RowColumnMain.java,RowColumnMain::main,23,15,Default task
2021-09-17T12:26:26.982+09:00,user,IdeState,Active,RowColumnMain,Editor,C:/Users/user/IdeaProjects/RowColumnMain/src/RowColumnMain.java,RowColumnMain::main,23,16,Default task
2021-09-17T12:26:27.986+09:00,user,IdeState,Active,RowColumnMain,Editor,C:/Users/user/IdeaProjects/RowColumnMain/src/RowColumnMain.java,RowColumnMain::main,23,19,Default task
2021-09-17T12:26:28.992+09:00,user,IdeState,Active,RowColumnMain,Editor,C:/Users/user/IdeaProjects/RowColumnMain/src/RowColumnMain.java,RowColumnMain::main,23,21,Default task
2021-09-17T12:26:29.993+09:00,user,IdeState,Active,RowColumnMain,Editor,C:/Users/user/IdeaProjects/RowColumnMain/src/RowColumnMain.java,RowColumnMain::main,23,24,Default task
2021-09-17T12:26:31.008+09:00,user,IdeState,Active,RowColumnMain,Editor,C:/Users/user/IdeaProjects/RowColumnMain/src/RowColumnMain.java,RowColumnMain::main,23,26,Default task
2021-09-17T12:26:32.011+09:00,user,IdeState,Active,RowColumnMain,Editor,C:/Users/user/IdeaProjects/RowColumnMain/src/RowColumnMain.java,RowColumnMain::main,23,27,Default task
2021-09-17T12:26:33.024+09:00,user,IdeState,Active,RowColumnMain,Editor,C:/Users/user/IdeaProjects/RowColumnMain/src/RowColumnMain.java,RowColumnMain::main,23,28,Default task
2021-09-17T12:26:34.037+09:00,user,IdeState,Active,RowColumnMain,Editor,C:/Users/user/IdeaProjects/RowColumnMain/src/RowColumnMain.java,RowColumnMain::main,23,30,Default task
2021-09-17T12:26:35.039+09:00,user,IdeState,Active,RowColumnMain,Editor,C:/Users/user/IdeaProjects/RowColumnMain/src/RowColumnMain.java,RowColumnMain::main,23,31,Default task
2021-09-17T12:26:36.044+09:00,user,IdeState,Active,RowColumnMain,Editor,C:/Users/user/IdeaProjects/RowColumnMain/src/RowColumnMain.java,RowColumnMain::main,23,34,Default task
2021-09-17T12:26:37.050+09:00,user,IdeState,Active,RowColumnMain,Editor,C:/Users/user/IdeaProjects/RowColumnMain/src/RowColumnMain.java,RowColumnMain::main,24,16,Default task
2021-09-17T12:26:38.062+09:00,user,IdeState,Active,RowColumnMain,Editor,C:/Users/user/IdeaProjects/RowColumnMain/src/RowColumnMain.java,RowColumnMain::main,24,16,Default task
2021-09-17T12:26:39.077+09:00,user,IdeState,Active,RowColumnMain,Editor,C:/Users/user/IdeaProjects/RowColumnMain/src/RowColumnMain.java,RowColumnMain::main,24,18,Default task
2021-09-17T12:26:40.092+09:00,user,IdeState,Active,RowColumnMain,Editor,C:/Users/user/IdeaProjects/RowColumnMain/src/RowColumnMain.java,RowColumnMain::main,24,22,Default task
2021-09-17T12:26:41.101+09:00,user,IdeState,Active,RowColumnMain,Editor,C:/Users/user/IdeaProjects/RowColumnMain/src/RowColumnMain.java,RowColumnMain::main,24,23,Default task
2021-09-17T12:26:42.103+09:00,user,IdeState,Active,RowColumnMain,Editor,C:/Users/user/IdeaProjects/RowColumnMain/src/RowColumnMain.java,RowColumnMain::main,24,23,Default task
2021-09-17T12:26:43.108+09:00,user,IdeState,Active,RowColumnMain,Editor,C:/Users/user/IdeaProjects/RowColumnMain/src/RowColumnMain.java,RowColumnMain::main,24,24,Default task
2021-09-17T12:26:44.111+09:00,user,IdeState,Active,RowColumnMain,Editor,C:/Users/user/IdeaProjects/RowColumnMain/src/RowColumnMain.java,RowColumnMain::main,24,23,Default task
2021-09-17T12:26:45.127+09:00,user,IdeState,Active,RowColumnMain,Editor,C:/Users/user/IdeaProjects/RowColumnMain/src/RowColumnMain.java,RowColumnMain::main,24,25,Default task
2021-09-17T12:26:46.142+09:00,user,IdeState,Active,RowColumnMain,Editor,C:/Users/user/IdeaProjects/RowColumnMain/src/RowColumnMain.java,RowColumnMain::main,24,26,Default task
2021-09-17T12:26:47.156+09:00,user,IdeState,Active,RowColumnMain,Editor,C:/Users/user/IdeaProjects/RowColumnMain/src/RowColumnMain.java,RowColumnMain::main,24,27,Default task
2021-09-17T12:26:48.173+09:00,user,IdeState,Active,RowColumnMain,Editor,C:/Users/user/IdeaProjects/RowColumnMain/src/RowColumnMain.java,RowColumnMain::main,24,29,Default task
2021-09-17T12:26:49.188+09:00,user,IdeState,Active,RowColumnMain,Editor,C:/Users/user/IdeaProjects/RowColumnMain/src/RowColumnMain.java,RowColumnMain::main,24,32,Default task
2021-09-17T12:26:50.193+09:00,user,IdeState,Active,RowColumnMain,Editor,C:/Users/user/IdeaProjects/RowColumnMain/src/RowColumnMain.java,RowColumnMain::main,24,33,Default task
2021-09-17T12:26:51.210+09:00,user,IdeState,Active,RowColumnMain,Editor,C:/Users/user/IdeaProjects/RowColumnMain/src/RowColumnMain.java,RowColumnMain::main,25,16,Default task
2021-09-17T12:26:52.221+09:00,user,IdeState,Active,RowColumnMain,Editor,C:/Users/user/IdeaProjects/RowColumnMain/src/RowColumnMain.java,RowColumnMain::main,25,17,Default task
2021-09-17T12:26:53.234+09:00,user,IdeState,Active,RowColumnMain,Editor,C:/Users/user/IdeaProjects/RowColumnMain/src/RowColumnMain.java,RowColumnMain::main,25,26,Default task
2021-09-17T12:26:54.242+09:00,user,IdeState,Active,RowColumnMain,Editor,C:/Users/user/IdeaProjects/RowColumnMain/src/RowColumnMain.java,RowColumnMain::main,25,27,Default task
2021-09-17T12:26:55.244+09:00,user,IdeState,Active,RowColumnMain,Editor,C:/Users/user/IdeaProjects/RowColumnMain/src/RowColumnMain.java,RowColumnMain::main,25,27,Default task
2021-09-17T12:26:56.258+09:00,user,IdeState,Active,RowColumnMain,Editor,C:/Users/user/IdeaProjects/RowColumnMain/src/RowColumnMain.java,RowColumnMain::main,25,34,Default task
2021-09-17T12:26:57.272+09:00,user,IdeState,Active,RowColumnMain,Editor,C:/Users/user/IdeaProjects/RowColumnMain/src/RowColumnMain.java,RowColumnMain::main,25,33,Default task
2021-09-17T12:26:58.287+09:00,user,IdeState,Active,RowColumnMain,Editor,C:/Users/user/IdeaProjects/RowColumnMain/src/RowColumnMain.java,RowColumnMain::main,25,33,Default task
2021-09-17T12:26:59.301+09:00,user,IdeState,Active,RowColumnMain,Editor,C:/Users/user/IdeaProjects/RowColumnMain/src/RowColumnMain.java,RowColumnMain::main,25,35,Default task
2021-09-17T12:27:00.308+09:00,user,IdeState,Active,RowColumnMain,Editor,C:/Users/user/IdeaProjects/RowColumnMain/src/RowColumnMain.java,RowColumnMain::main,25,39,Default task
2021-09-17T12:27:01.329+09:00,user,IdeState,Active,RowColumnMain,Editor,C:/Users/user/IdeaProjects/RowColumnMain/src/RowColumnMain.java,RowColumnMain::main,25,40,Default task
2021-09-17T12:27:02.340+09:00,user,IdeState,Active,RowColumnMain,Editor,C:/Users/user/IdeaProjects/RowColumnMain/src/RowColumnMain.java,RowColumnMain::main,25,42,Default task
2021-09-17T12:27:03.351+09:00,user,IdeState,Active,RowColumnMain,Editor,C:/Users/user/IdeaProjects/RowColumnMain/src/RowColumnMain.java,RowColumnMain::main,25,43,Default task
2021-09-17T12:27:04.367+09:00,user,IdeState,Active,RowColumnMain,Editor,C:/Users/user/IdeaProjects/RowColumnMain/src/RowColumnMain.java,RowColumnMain::main,25,45,Default task
2021-09-17T12:27:05.386+09:00,user,IdeState,Active,RowColumnMain,Editor,C:/Users/user/IdeaProjects/RowColumnMain/src/RowColumnMain.java,RowColumnMain::main,25,47,Default task
2021-09-17T12:27:06.388+09:00,user,IdeState,Active,RowColumnMain,Editor,C:/Users/user/IdeaProjects/RowColumnMain/src/RowColumnMain.java,RowColumnMain::main,25,47,Default task
2021-09-17T12:27:07.406+09:00,user,IdeState,Active,RowColumnMain,Editor,C:/Users/user/IdeaProjects/RowColumnMain/src/RowColumnMain.java,RowColumnMain::main,26,16,Default task
2021-09-17T12:27:08.415+09:00,user,IdeState,Active,RowColumnMain,Editor,C:/Users/user/IdeaProjects/RowColumnMain/src/RowColumnMain.java,RowColumnMain::main,26,18,Default task
2021-09-17T12:27:09.422+09:00,user,IdeState,Active,RowColumnMain,Editor,C:/Users/user/IdeaProjects/RowColumnMain/src/RowColumnMain.java,RowColumnMain::main,26,18,Default task
2021-09-17T12:27:10.434+09:00,user,IdeState,Active,RowColumnMain,Editor,C:/Users/user/IdeaProjects/RowColumnMain/src/RowColumnMain.java,RowColumnMain::main,26,18,Default task
2021-09-17T12:27:11.436+09:00,user,IdeState,Active,RowColumnMain,Editor,C:/Users/user/IdeaProjects/RowColumnMain/src/RowColumnMain.java,RowColumnMain::main,26,18,Default task
2021-09-17T12:27:12.453+09:00,user,IdeState,Active,RowColumnMain,Editor,C:/Users/user/IdeaProjects/RowColumnMain/src/RowColumnMain.java,RowColumnMain::main,26,18,Default task
2021-09-17T12:27:13.455+09:00,user,IdeState,Active,RowColumnMain,Editor,C:/Users/user/IdeaProjects/RowColumnMain/src/RowColumnMain.java,RowColumnMain::main,26,19,Default task
2021-09-17T12:27:14.467+09:00,user,IdeState,Active,RowColumnMain,Editor,C:/Users/user/IdeaProjects/RowColumnMain/src/RowColumnMain.java,RowColumnMain::main,26,20,Default task
2021-09-17T12:27:15.471+09:00,user,IdeState,Active,RowColumnMain,Editor,C:/Users/user/IdeaProjects/RowColumnMain/src/RowColumnMain.java,RowColumnMain::main,26,22,Default task
2021-09-17T12:27:16.480+09:00,user,IdeState,Active,RowColumnMain,Editor,C:/Users/user/IdeaProjects/RowColumnMain/src/RowColumnMain.java,RowColumnMain::main,26,23,Default task
2021-09-17T12:27:17.490+09:00,user,IdeState,Active,RowColumnMain,Editor,C:/Users/user/IdeaProjects/RowColumnMain/src/RowColumnMain.java,RowColumnMain::main,26,25,Default task
2021-09-17T12:27:18.495+09:00,user,IdeState,Active,RowColumnMain,Editor,C:/Users/user/IdeaProjects/RowColumnMain/src/RowColumnMain.java,RowColumnMain::main,26,25,Default task
2021-09-17T12:27:19.510+09:00,user,IdeState,Active,RowColumnMain,Editor,C:/Users/user/IdeaProjects/RowColumnMain/src/RowColumnMain.java,RowColumnMain::main,26,27,Default task
2021-09-17T12:27:20.515+09:00,user,IdeState,Active,RowColumnMain,Editor,C:/Users/user/IdeaProjects/RowColumnMain/src/RowColumnMain.java,RowColumnMain::main,26,28,Default task
2021-09-17T12:27:21.521+09:00,user,IdeState,Active,RowColumnMain,Editor,C:/Users/user/IdeaProjects/RowColumnMain/src/RowColumnMain.java,RowColumnMain::main,26,34,Default task
2021-09-17T12:27:22.525+09:00,user,IdeState,Active,RowColumnMain,Editor,C:/Users/user/IdeaProjects/RowColumnMain/src/RowColumnMain.java,RowColumnMain::main,26,38,Default task
2021-09-17T12:27:23.528+09:00,user,IdeState,Active,RowColumnMain,Editor,C:/Users/user/IdeaProjects/RowColumnMain/src/RowColumnMain.java,RowColumnMain::main,26,38,Default task
2021-09-17T12:27:24.543+09:00,user,IdeState,Active,RowColumnMain,Editor,C:/Users/user/IdeaProjects/RowColumnMain/src/RowColumnMain.java,RowColumnMain::main,26,46,Default task
2021-09-17T12:27:25.546+09:00,user,IdeState,Active,RowColumnMain,Editor,C:/Users/user/IdeaProjects/RowColumnMain/src/RowColumnMain.java,RowColumnMain::main,26,45,Default task
2021-09-17T12:27:26.563+09:00,user,IdeState,Active,RowColumnMain,Editor,C:/Users/user/IdeaProjects/RowColumnMain/src/RowColumnMain.java,RowColumnMain::main,26,43,Default task
2021-09-17T12:27:27.566+09:00,user,IdeState,Active,RowColumnMain,Editor,C:/Users/user/IdeaProjects/RowColumnMain/src/RowColumnMain.java,RowColumnMain::main,26,44,Default task
2021-09-17T12:27:28.579+09:00,user,IdeState,Active,RowColumnMain,Editor,C:/Users/user/IdeaProjects/RowColumnMain/src/RowColumnMain.java,RowColumnMain::main,26,44,Default task
2021-09-17T12:27:29.583+09:00,user,IdeState,Active,RowColumnMain,Editor,C:/Users/user/IdeaProjects/RowColumnMain/src/RowColumnMain.java,RowColumnMain::main,26,44,Default task
2021-09-17T12:27:30.598+09:00,user,IdeState,Active,RowColumnMain,Editor,C:/Users/user/IdeaProjects/RowColumnMain/src/RowColumnMain.java,RowColumnMain::main,26,45,Default task
2021-09-17T12:27:31.614+09:00,user,IdeState,Active,RowColumnMain,Editor,C:/Users/user/IdeaProjects/RowColumnMain/src/RowColumnMain.java,RowColumnMain::main,26,46,Default task
2021-09-17T12:27:32.618+09:00,user,IdeState,Active,RowColumnMain,Editor,C:/Users/user/IdeaProjects/RowColumnMain/src/RowColumnMain.java,RowColumnMain::main,26,46,Default task
2021-09-17T12:27:33.633+09:00,user,IdeState,Active,RowColumnMain,Editor,C:/Users/user/IdeaProjects/RowColumnMain/src/RowColumnMain.java,RowColumnMain::main,26,44,Default task
2021-09-17T12:27:34.636+09:00,user,IdeState,Active,RowColumnMain,Editor,C:/Users/user/IdeaProjects/RowColumnMain/src/RowColumnMain.java,RowColumnMain::main,26,44,Default task
2021-09-17T12:27:35.641+09:00,user,IdeState,Active,RowColumnMain,Editor,C:/Users/user/IdeaProjects/RowColumnMain/src/RowColumnMain.java,RowColumnMain::main,26,49,Default task
2021-09-17T12:27:36.655+09:00,user,IdeState,Active,RowColumnMain,Editor,C:/Users/user/IdeaProjects/RowColumnMain/src/RowColumnMain.java,RowColumnMain::main,26,50,Default task
2021-09-17T12:27:37.670+09:00,user,IdeState,Active,RowColumnMain,Editor,C:/Users/user/IdeaProjects/RowColumnMain/src/RowColumnMain.java,RowColumnMain::main,27,16,Default task
2021-09-17T12:27:38.686+09:00,user,IdeState,Active,RowColumnMain,Editor,C:/Users/user/IdeaProjects/RowColumnMain/src/RowColumnMain.java,RowColumnMain::main,27,19,Default task
2021-09-17T12:27:39.701+09:00,user,IdeState,Active,RowColumnMain,Editor,C:/Users/user/IdeaProjects/RowColumnMain/src/RowColumnMain.java,RowColumnMain::main,27,19,Default task
2021-09-17T12:27:40.716+09:00,user,IdeState,Active,RowColumnMain,Editor,C:/Users/user/IdeaProjects/RowColumnMain/src/RowColumnMain.java,RowColumnMain::main,27,20,Default task
2021-09-17T12:27:41.717+09:00,user,IdeState,Active,RowColumnMain,Editor,C:/Users/user/IdeaProjects/RowColumnMain/src/RowColumnMain.java,RowColumnMain::main,27,22,Default task
2021-09-17T12:27:42.732+09:00,user,IdeState,Active,RowColumnMain,Editor,C:/Users/user/IdeaProjects/RowColumnMain/src/RowColumnMain.java,RowColumnMain::main,27,27,Default task
2021-09-17T12:27:43.745+09:00,user,IdeState,Active,RowColumnMain,Editor,C:/Users/user/IdeaProjects/RowColumnMain/src/RowColumnMain.java,RowColumnMain::main,27,32,Default task
2021-09-17T12:27:44.747+09:00,user,IdeState,Active,RowColumnMain,Editor,C:/Users/user/IdeaProjects/RowColumnMain/src/RowColumnMain.java,RowColumnMain::main,27,40,Default task
2021-09-17T12:27:45.754+09:00,user,IdeState,Active,RowColumnMain,Editor,C:/Users/user/IdeaProjects/RowColumnMain/src/RowColumnMain.java,RowColumnMain::main,27,38,Default task
2021-09-17T12:27:46.768+09:00,user,IdeState,Active,RowColumnMain,Editor,C:/Users/user/IdeaProjects/RowColumnMain/src/RowColumnMain.java,RowColumnMain::main,27,38,Default task
2021-09-17T12:27:47.785+09:00,user,IdeState,Active,RowColumnMain,Editor,C:/Users/user/IdeaProjects/RowColumnMain/src/RowColumnMain.java,RowColumnMain::main,27,39,Default task
2021-09-17T12:27:48.799+09:00,user,IdeState,Active,RowColumnMain,Editor,C:/Users/user/IdeaProjects/RowColumnMain/src/RowColumnMain.java,RowColumnMain::main,27,42,Default task
2021-09-17T12:27:49.811+09:00,user,IdeState,Active,RowColumnMain,Editor,C:/Users/user/IdeaProjects/RowColumnMain/src/RowColumnMain.java,RowColumnMain::main,27,44,Default task
2021-09-17T12:27:50.824+09:00,user,IdeState,Active,RowColumnMain,Editor,C:/Users/user/IdeaProjects/RowColumnMain/src/RowColumnMain.java,RowColumnMain::main,28,16,Default task
2021-09-17T12:27:51.827+09:00,user,IdeState,Active,RowColumnMain,Editor,C:/Users/user/IdeaProjects/RowColumnMain/src/RowColumnMain.java,RowColumnMain::main,28,16,Default task
2021-09-17T12:27:52.843+09:00,user,IdeState,Active,RowColumnMain,Editor,C:/Users/user/IdeaProjects/RowColumnMain/src/RowColumnMain.java,RowColumnMain::main,28,20,Default task
2021-09-17T12:27:53.858+09:00,user,IdeState,Active,RowColumnMain,Editor,C:/Users/user/IdeaProjects/RowColumnMain/src/RowColumnMain.java,RowColumnMain::main,28,20,Default task
2021-09-17T12:27:54.861+09:00,user,IdeState,Active,RowColumnMain,Editor,C:/Users/user/IdeaProjects/RowColumnMain/src/RowColumnMain.java,RowColumnMain::main,28,20,Default task
2021-09-17T12:27:55.875+09:00,user,IdeState,Active,RowColumnMain,Editor,C:/Users/user/IdeaProjects/RowColumnMain/src/RowColumnMain.java,,32,1,Default task
2021-09-17T12:27:56.892+09:00,user,IdeState,Active,RowColumnMain,Editor,C:/Users/user/IdeaProjects/RowColumnMain/src/RowColumnMain.java,,32,1,Default task
2021-09-17T12:27:57.906+09:00,user,IdeState,Active,RowColumnMain,Editor,C:/Users/user/IdeaProjects/RowColumnMain/src/RowColumnMain.java,,32,1,Default task
2021-09-17T12:27:58.987+09:00,user,IdeState,Active,RowColumnMain,Editor,C:/Users/user/IdeaProjects/RowColumnMain/src/RowColumnMain.java,,32,1,Default task
2021-09-17T12:27:59.995+09:00,user,IdeState,Active,RowColumnMain,Editor,C:/Users/user/IdeaProjects/RowColumnMain/src/RowColumnMain.java,,32,1,Default task
2021-09-17T12:28:01.012+09:00,user,IdeState,Active,RowColumnMain,Editor,C:/Users/user/IdeaProjects/RowColumnMain/src/RowColumnMain.java,,32,1,Default task
2021-09-17T12:28:02.027+09:00,user,IdeState,Active,RowColumnMain,Editor,C:/Users/user/IdeaProjects/RowColumnMain/src/RowColumnMain.java,,32,1,Default task
2021-09-17T12:28:03.035+09:00,user,IdeState,Active,RowColumnMain,Editor,C:/Users/user/IdeaProjects/RowColumnMain/src/RowColumnMain.java,,32,1,Default task
2021-09-17T12:28:04.039+09:00,user,IdeState,Active,RowColumnMain,Editor,C:/Users/user/IdeaProjects/RowColumnMain/src/RowColumnMain.java,,32,1,Default task
2021-09-17T12:28:05.053+09:00,user,IdeState,Active,RowColumnMain,Editor,C:/Users/user/IdeaProjects/RowColumnMain/src/RowColumnMain.java,,32,1,Default task
2021-09-17T12:28:06.064+09:00,user,IdeState,Active,RowColumnMain,Editor,C:/Users/user/IdeaProjects/RowColumnMain/src/RowColumnMain.java,,32,1,Default task
2021-09-17T12:28:07.077+09:00,user,IdeState,Active,RowColumnMain,Editor,C:/Users/user/IdeaProjects/RowColumnMain/src/RowColumnMain.java,,32,1,Default task
2021-09-17T12:28:08.130+09:00,user,IdeState,Active,RowColumnMain,Popup,C:/Users/user/IdeaProjects/RowColumnMain/src/RowColumnMain.java,,32,1,Default task
2021-09-17T12:28:09.138+09:00,user,IdeState,Active,RowColumnMain,Popup,C:/Users/user/IdeaProjects/RowColumnMain/src/RowColumnMain.java,,32,1,Default task
2021-09-17T12:28:10.151+09:00,user,IdeState,Active,RowColumnMain,Editor,C:/Users/user/IdeaProjects/RowColumnMain/src/RowColumnMain.java,,32,1,Default task
2021-09-17T12:28:11.157+09:00,user,IdeState,Active,RowColumnMain,Editor,C:/Users/user/IdeaProjects/RowColumnMain/src/RowColumnMain.java,,32,1,Default task
2021-09-17T12:28:12.158+09:00,user,IdeState,Active,RowColumnMain,Editor,C:/Users/user/IdeaProjects/RowColumnMain/src/RowColumnMain.java,,32,1,Default task
2021-09-17T12:28:13.172+09:00,user,IdeState,Active,RowColumnMain,Editor,C:/Users/user/IdeaProjects/RowColumnMain/src/RowColumnMain.java,,32,1,Default task
2021-09-17T12:28:14.184+09:00,user,IdeState,Active,RowColumnMain,Editor,C:/Users/user/IdeaProjects/RowColumnMain/src/RowColumnMain.java,,32,1,Default task
2021-09-17T12:28:15.185+09:00,user,IdeState,Active,RowColumnMain,Editor,C:/Users/user/IdeaProjects/RowColumnMain/src/RowColumnMain.java,,32,1,Default task
2021-09-17T12:28:16.201+09:00,user,IdeState,Active,RowColumnMain,Editor,C:/Users/user/IdeaProjects/RowColumnMain/src/RowColumnMain.java,,32,1,Default task
2021-09-17T12:28:17.204+09:00,user,IdeState,Active,RowColumnMain,Editor,C:/Users/user/IdeaProjects/RowColumnMain/src/RowColumnMain.java,,32,1,Default task
2021-09-17T12:28:18.212+09:00,user,IdeState,Active,RowColumnMain,Editor,C:/Users/user/IdeaProjects/RowColumnMain/src/RowColumnMain.java,,32,1,Default task
2021-09-17T12:28:19.216+09:00,user,IdeState,Active,RowColumnMain,Editor,C:/Users/user/IdeaProjects/RowColumnMain/src/RowColumnMain.java,,32,1,Default task
2021-09-17T12:28:20.230+09:00,user,IdeState,Active,RowColumnMain,Editor,C:/Users/user/IdeaProjects/RowColumnMain/src/RowColumnMain.java,,32,1,Default task
2021-09-17T12:28:21.231+09:00,user,IdeState,Active,RowColumnMain,Editor,C:/Users/user/IdeaProjects/RowColumnMain/src/RowColumnMain.java,,32,1,Default task
2021-09-17T12:28:22.259+09:00,user,IdeState,Active,RowColumnMain,Editor,C:/Users/user/IdeaProjects/RowColumnMain/src/RowColumnMain.java,,32,1,Default task
2021-09-17T12:28:23.268+09:00,user,IdeState,Active,RowColumnMain,Popup,C:/Users/user/IdeaProjects/RowColumnMain/src/RowColumnMain.java,,32,1,Default task
2021-09-17T12:28:24.272+09:00,user,IdeState,Active,RowColumnMain,Editor,C:/Users/user/IdeaProjects/RowColumnMain/src/RowColumnMain.java,,32,1,Default task
2021-09-17T12:28:25.280+09:00,user,IdeState,Active,RowColumnMain,Editor,C:/Users/user/IdeaProjects/RowColumnMain/src/RowColumnMain.java,,32,1,Default task
2021-09-17T12:28:26.293+09:00,user,IdeState,Active,RowColumnMain,Editor,C:/Users/user/IdeaProjects/RowColumnMain/src/RowColumnMain.java,,32,1,Default task
2021-09-17T12:28:27.306+09:00,user,IdeState,Active,RowColumnMain,Editor,C:/Users/user/IdeaProjects/RowColumnMain/src/RowColumnMain.java,,32,1,Default task
2021-09-17T12:28:28.317+09:00,user,IdeState,Active,RowColumnMain,Editor,C:/Users/user/IdeaProjects/RowColumnMain/src/RowColumnMain.java,,32,1,Default task
2021-09-17T12:28:29.328+09:00,user,IdeState,Active,RowColumnMain,Editor,C:/Users/user/IdeaProjects/RowColumnMain/src/RowColumnMain.java,,32,1,Default task
2021-09-17T12:28:30.343+09:00,user,IdeState,Active,RowColumnMain,Popup,C:/Users/user/IdeaProjects/RowColumnMain/src/RowColumnMain.java,,32,1,Default task
2021-09-17T12:28:31.356+09:00,user,IdeState,Active,RowColumnMain,Popup,C:/Users/user/IdeaProjects/RowColumnMain/src/RowColumnMain.java,,32,1,Default task
2021-09-17T12:28:32.371+09:00,user,IdeState,Active,RowColumnMain,Editor,C:/Users/user/IdeaProjects/RowColumnMain/src/RowColumnMain.java,,32,1,Default task
2021-09-17T12:28:33.381+09:00,user,IdeState,Active,RowColumnMain,Popup,C:/Users/user/IdeaProjects/RowColumnMain/src/RowColumnMain.java,,32,1,Default task
