2021-09-10T09:52:04.025+09:00,user,IdeState,Active,DateMain.java,Editor,C:/Users/user/IdeaProjects/DateMain/src/DateMain.java,,0,0,Default task
2021-09-10T09:52:05.093+09:00,user,IdeState,Active,DateMain.java,Editor,C:/Users/user/IdeaProjects/DateMain/src/DateMain.java,,0,0,Default task
2021-09-10T09:52:06.096+09:00,user,IdeState,Active,DateMain.java,Editor,C:/Users/user/IdeaProjects/DateMain/src/DateMain.java,,0,0,Default task
2021-09-10T09:52:07.106+09:00,user,IdeState,Active,DateMain.java,Editor,C:/Users/user/IdeaProjects/DateMain/src/DateMain.java,,0,5,Default task
2021-09-10T09:52:08.121+09:00,user,IdeState,Active,DateMain.java,Editor,C:/Users/user/IdeaProjects/DateMain/src/DateMain.java,,0,7,Default task
2021-09-10T09:52:09.131+09:00,user,IdeState,Active,DateMain.java,Editor,C:/Users/user/IdeaProjects/DateMain/src/DateMain.java,,0,10,Default task
2021-09-10T09:52:10.143+09:00,user,IdeState,Active,DateMain.java,Editor,C:/Users/user/IdeaProjects/DateMain/src/DateMain.java,,0,12,Default task
2021-09-10T09:52:11.156+09:00,user,IdeState,Active,DateMain.java,Editor,C:/Users/user/IdeaProjects/DateMain/src/DateMain.java,,0,13,Default task
2021-09-10T09:52:12.168+09:00,user,IdeState,Active,DateMain.java,Editor,C:/Users/user/IdeaProjects/DateMain/src/DateMain.java,,0,14,Default task
2021-09-10T09:52:13.184+09:00,user,IdeState,Active,DateMain.java,Editor,C:/Users/user/IdeaProjects/DateMain/src/DateMain.java,,0,14,Default task
2021-09-10T09:52:14.200+09:00,user,IdeState,Active,DateMain.java,Editor,C:/Users/user/IdeaProjects/DateMain/src/DateMain.java,,0,17,Default task
2021-09-10T09:52:15.215+09:00,user,IdeState,Active,DateMain.java,Editor,C:/Users/user/IdeaProjects/DateMain/src/DateMain.java,,0,21,Default task
2021-09-10T09:52:16.227+09:00,user,IdeState,Active,DateMain.java,Editor,C:/Users/user/IdeaProjects/DateMain/src/DateMain.java,,0,21,Default task
2021-09-10T09:52:17.248+09:00,user,IdeState,Active,DateMain.java,Editor,C:/Users/user/IdeaProjects/DateMain/src/DateMain.java,,1,4,Default task
2021-09-10T09:52:18.254+09:00,user,IdeState,Active,DateMain.java,Editor,C:/Users/user/IdeaProjects/DateMain/src/DateMain.java,,1,4,Default task
2021-09-10T09:52:19.266+09:00,user,IdeState,Active,DateMain.java,Editor,C:/Users/user/IdeaProjects/DateMain/src/DateMain.java,,1,4,Default task
2021-09-10T09:52:20.268+09:00,user,IdeState,Active,DateMain.java,Editor,C:/Users/user/IdeaProjects/DateMain/src/DateMain.java,,1,4,Default task
2021-09-10T09:52:21.278+09:00,user,IdeState,Active,DateMain.java,Editor,C:/Users/user/IdeaProjects/DateMain/src/DateMain.java,,1,5,Default task
2021-09-10T09:52:22.291+09:00,user,IdeState,Active,DateMain.java,Editor,C:/Users/user/IdeaProjects/DateMain/src/DateMain.java,,1,11,Default task
2021-09-10T09:52:23.308+09:00,user,IdeState,Active,DateMain.java,Editor,C:/Users/user/IdeaProjects/DateMain/src/DateMain.java,,1,12,Default task
2021-09-10T09:52:24.317+09:00,user,IdeState,Active,DateMain.java,Editor,C:/Users/user/IdeaProjects/DateMain/src/DateMain.java,,1,18,Default task
2021-09-10T09:52:25.328+09:00,user,IdeState,Active,DateMain.java,Editor,C:/Users/user/IdeaProjects/DateMain/src/DateMain.java,,1,21,Default task
2021-09-10T09:52:26.337+09:00,user,IdeState,Active,DateMain.java,Editor,C:/Users/user/IdeaProjects/DateMain/src/DateMain.java,,1,23,Default task
2021-09-10T09:52:27.352+09:00,user,IdeState,Active,DateMain.java,Editor,C:/Users/user/IdeaProjects/DateMain/src/DateMain.java,,1,27,Default task
2021-09-10T09:52:28.365+09:00,user,IdeState,Active,DateMain.java,Editor,C:/Users/user/IdeaProjects/DateMain/src/DateMain.java,DateMain::main,1,28,Default task
2021-09-10T09:52:29.385+09:00,user,IdeState,Active,DateMain.java,Editor,C:/Users/user/IdeaProjects/DateMain/src/DateMain.java,,1,32,Default task
2021-09-10T09:52:30.387+09:00,user,IdeState,Active,DateMain.java,Editor,C:/Users/user/IdeaProjects/DateMain/src/DateMain.java,DateMain::main,1,34,Default task
2021-09-10T09:52:31.396+09:00,user,IdeState,Active,DateMain.java,Editor,C:/Users/user/IdeaProjects/DateMain/src/DateMain.java,DateMain::main,1,36,Default task
2021-09-10T09:52:32.398+09:00,user,IdeState,Active,DateMain.java,Editor,C:/Users/user/IdeaProjects/DateMain/src/DateMain.java,DateMain::main,1,37,Default task
2021-09-10T09:52:33.414+09:00,user,IdeState,Active,DateMain.java,Editor,C:/Users/user/IdeaProjects/DateMain/src/DateMain.java,DateMain::main,1,41,Default task
2021-09-10T09:52:34.427+09:00,user,IdeState,Active,DateMain.java,Editor,C:/Users/user/IdeaProjects/DateMain/src/DateMain.java,,1,42,Default task
2021-09-10T09:52:35.437+09:00,user,IdeState,Active,DateMain.java,Editor,C:/Users/user/IdeaProjects/DateMain/src/DateMain.java,DateMain::main,2,8,Default task
2021-09-10T09:52:36.452+09:00,user,IdeState,Active,DateMain.java,Editor,C:/Users/user/IdeaProjects/DateMain/src/DateMain.java,DateMain::main,2,8,Default task
2021-09-10T09:52:37.466+09:00,user,IdeState,Active,DateMain.java,Editor,C:/Users/user/IdeaProjects/DateMain/src/DateMain.java,DateMain::main,2,8,Default task
2021-09-10T09:52:38.494+09:00,user,IdeState,Active,DateMain.java,Editor,C:/Users/user/IdeaProjects/DateMain/src/DateMain.java,DateMain::main,3,11,Default task
2021-09-10T09:52:39.509+09:00,user,IdeState,Active,DateMain.java,Editor,C:/Users/user/IdeaProjects/DateMain/src/DateMain.java,DateMain::main,3,14,Default task
2021-09-10T09:52:40.523+09:00,user,IdeState,Active,DateMain.java,Editor,C:/Users/user/IdeaProjects/DateMain/src/DateMain.java,DateMain::main,3,17,Default task
2021-09-10T09:52:41.533+09:00,user,IdeState,Active,DateMain.java,Editor,C:/Users/user/IdeaProjects/DateMain/src/DateMain.java,DateMain::main,3,19,Default task
2021-09-10T09:52:42.544+09:00,user,IdeState,Active,DateMain.java,Editor,C:/Users/user/IdeaProjects/DateMain/src/DateMain.java,DateMain::main,3,23,Default task
2021-09-10T09:52:43.561+09:00,user,IdeState,Active,DateMain.java,Editor,C:/Users/user/IdeaProjects/DateMain/src/DateMain.java,DateMain::main,3,26,Default task
2021-09-10T09:52:44.571+09:00,user,IdeState,Active,DateMain.java,Editor,C:/Users/user/IdeaProjects/DateMain/src/DateMain.java,DateMain::main,3,26,Default task
2021-09-10T09:52:45.586+09:00,user,IdeState,Active,DateMain.java,Editor,C:/Users/user/IdeaProjects/DateMain/src/DateMain.java,DateMain::main,3,20,Default task
2021-09-10T09:52:46.596+09:00,user,IdeState,Active,DateMain.java,Editor,C:/Users/user/IdeaProjects/DateMain/src/DateMain.java,DateMain::main,3,17,Default task
2021-09-10T09:52:47.608+09:00,user,IdeState,Active,DateMain.java,Editor,C:/Users/user/IdeaProjects/DateMain/src/DateMain.java,DateMain::main,4,16,Default task
2021-09-10T09:52:48.622+09:00,user,IdeState,Active,DateMain.java,Editor,C:/Users/user/IdeaProjects/DateMain/src/DateMain.java,DateMain::main,3,18,Default task
2021-09-10T09:52:49.623+09:00,user,IdeState,Active,DateMain.java,Editor,C:/Users/user/IdeaProjects/DateMain/src/DateMain.java,DateMain::main,3,17,Default task
2021-09-10T09:52:50.635+09:00,user,IdeState,Active,DateMain.java,Editor,C:/Users/user/IdeaProjects/DateMain/src/DateMain.java,DateMain::main,3,16,Default task
2021-09-10T09:52:51.651+09:00,user,IdeState,Active,DateMain.java,Editor,C:/Users/user/IdeaProjects/DateMain/src/DateMain.java,DateMain::main,3,18,Default task
2021-09-10T09:52:52.666+09:00,user,IdeState,Active,DateMain.java,Editor,C:/Users/user/IdeaProjects/DateMain/src/DateMain.java,DateMain::main,5,18,Default task
2021-09-10T09:52:53.674+09:00,user,IdeState,Active,DateMain.java,Editor,C:/Users/user/IdeaProjects/DateMain/src/DateMain.java,DateMain::main,5,20,Default task
2021-09-10T09:52:54.684+09:00,user,IdeState,Active,DateMain.java,Editor,C:/Users/user/IdeaProjects/DateMain/src/DateMain.java,DateMain::main,5,24,Default task
2021-09-10T09:52:55.695+09:00,user,IdeState,Active,DateMain.java,Editor,C:/Users/user/IdeaProjects/DateMain/src/DateMain.java,DateMain::main,5,26,Default task
2021-09-10T09:52:56.711+09:00,user,IdeState,Active,DateMain.java,Editor,C:/Users/user/IdeaProjects/DateMain/src/DateMain.java,DateMain::main,5,29,Default task
2021-09-10T09:52:57.728+09:00,user,IdeState,Active,DateMain.java,Editor,C:/Users/user/IdeaProjects/DateMain/src/DateMain.java,DateMain::main,5,32,Default task
2021-09-10T09:52:58.741+09:00,user,IdeState,Active,DateMain.java,Editor,C:/Users/user/IdeaProjects/DateMain/src/DateMain.java,DateMain::main,5,33,Default task
2021-09-10T09:52:59.746+09:00,user,IdeState,Active,DateMain.java,Editor,C:/Users/user/IdeaProjects/DateMain/src/DateMain.java,DateMain::main,6,8,Default task
2021-09-10T09:53:00.757+09:00,user,IdeState,Active,DateMain.java,Editor,C:/Users/user/IdeaProjects/DateMain/src/DateMain.java,DateMain::main,6,8,Default task
2021-09-10T09:53:01.776+09:00,user,IdeState,Active,DateMain.java,Editor,C:/Users/user/IdeaProjects/DateMain/src/DateMain.java,DateMain::main,7,11,Default task
2021-09-10T09:53:02.787+09:00,user,IdeState,Active,DateMain.java,Editor,C:/Users/user/IdeaProjects/DateMain/src/DateMain.java,DateMain::main,7,14,Default task
2021-09-10T09:53:03.795+09:00,user,IdeState,Active,DateMain.java,Editor,C:/Users/user/IdeaProjects/DateMain/src/DateMain.java,DateMain::main,7,16,Default task
2021-09-10T09:53:04.805+09:00,user,IdeState,Active,DateMain.java,Editor,C:/Users/user/IdeaProjects/DateMain/src/DateMain.java,DateMain::main,7,20,Default task
2021-09-10T09:53:05.821+09:00,user,IdeState,Active,DateMain.java,Editor,C:/Users/user/IdeaProjects/DateMain/src/DateMain.java,DateMain::main,8,30,Default task
2021-09-10T09:53:06.831+09:00,user,IdeState,Active,DateMain.java,Editor,C:/Users/user/IdeaProjects/DateMain/src/DateMain.java,DateMain::main,8,30,Default task
2021-09-10T09:53:07.833+09:00,user,IdeState,Active,DateMain.java,Editor,C:/Users/user/IdeaProjects/DateMain/src/DateMain.java,DateMain::main,8,30,Default task
2021-09-10T09:53:08.848+09:00,user,IdeState,Active,DateMain.java,Editor,C:/Users/user/IdeaProjects/DateMain/src/DateMain.java,DateMain::main,8,31,Default task
2021-09-10T09:53:09.865+09:00,user,IdeState,Active,DateMain.java,Editor,C:/Users/user/IdeaProjects/DateMain/src/DateMain.java,DateMain::main,8,36,Default task
2021-09-10T09:53:10.871+09:00,user,IdeState,Active,DateMain.java,Editor,C:/Users/user/IdeaProjects/DateMain/src/DateMain.java,DateMain::main,8,36,Default task
2021-09-10T09:53:11.908+09:00,user,IdeState,Active,DateMain.java,Editor,C:/Users/user/IdeaProjects/DateMain/src/DateMain.java,DateMain::main,8,39,Default task
2021-09-10T09:53:12.910+09:00,user,IdeState,Active,DateMain.java,Editor,C:/Users/user/IdeaProjects/DateMain/src/DateMain.java,DateMain::main,8,40,Default task
2021-09-10T09:53:13.910+09:00,user,IdeState,Active,DateMain.java,Editor,C:/Users/user/IdeaProjects/DateMain/src/DateMain.java,DateMain::main,8,57,Default task
2021-09-10T09:53:14.915+09:00,user,IdeState,Active,DateMain.java,Editor,C:/Users/user/IdeaProjects/DateMain/src/DateMain.java,DateMain::main,8,58,Default task
2021-09-10T09:53:15.928+09:00,user,IdeState,Active,DateMain.java,Editor,C:/Users/user/IdeaProjects/DateMain/src/DateMain.java,DateMain::main,8,58,Default task
2021-09-10T09:53:16.942+09:00,user,IdeState,Active,DateMain.java,Editor,C:/Users/user/IdeaProjects/DateMain/src/DateMain.java,DateMain::main,8,62,Default task
2021-09-10T09:53:17.969+09:00,user,IdeState,Active,DateMain.java,Editor,C:/Users/user/IdeaProjects/DateMain/src/DateMain.java,DateMain::main,8,63,Default task
2021-09-10T09:53:18.984+09:00,user,IdeState,Active,DateMain.java,Editor,C:/Users/user/IdeaProjects/DateMain/src/DateMain.java,DateMain::main,8,66,Default task
2021-09-10T09:53:19.988+09:00,user,IdeState,Active,DateMain.java,Editor,C:/Users/user/IdeaProjects/DateMain/src/DateMain.java,DateMain::main,8,66,Default task
2021-09-10T09:53:21.001+09:00,user,IdeState,Active,DateMain.java,Editor,C:/Users/user/IdeaProjects/DateMain/src/DateMain.java,DateMain::main,8,62,Default task
2021-09-10T09:53:22.015+09:00,user,IdeState,Active,DateMain.java,Editor,C:/Users/user/IdeaProjects/DateMain/src/DateMain.java,DateMain::main,8,62,Default task
2021-09-10T09:53:23.021+09:00,user,IdeState,Active,DateMain.java,Editor,C:/Users/user/IdeaProjects/DateMain/src/DateMain.java,DateMain::main,8,64,Default task
2021-09-10T09:53:24.033+09:00,user,IdeState,Active,DateMain.java,Editor,C:/Users/user/IdeaProjects/DateMain/src/DateMain.java,DateMain::main,8,64,Default task
2021-09-10T09:53:25.047+09:00,user,IdeState,Active,DateMain.java,Editor,C:/Users/user/IdeaProjects/DateMain/src/DateMain.java,DateMain::main,8,65,Default task
2021-09-10T09:53:26.059+09:00,user,IdeState,Active,DateMain.java,Editor,C:/Users/user/IdeaProjects/DateMain/src/DateMain.java,DateMain::main,8,66,Default task
2021-09-10T09:53:27.061+09:00,user,IdeState,Active,DateMain.java,Editor,C:/Users/user/IdeaProjects/DateMain/src/DateMain.java,DateMain::main,8,66,Default task
2021-09-10T09:53:28.074+09:00,user,IdeState,Active,DateMain.java,Editor,C:/Users/user/IdeaProjects/DateMain/src/DateMain.java,DateMain::main,8,68,Default task
2021-09-10T09:53:29.086+09:00,user,IdeState,Active,DateMain.java,Editor,C:/Users/user/IdeaProjects/DateMain/src/DateMain.java,DateMain::main,8,73,Default task
2021-09-10T09:53:30.096+09:00,user,IdeState,Active,DateMain.java,Editor,C:/Users/user/IdeaProjects/DateMain/src/DateMain.java,DateMain::main,8,68,Default task
2021-09-10T09:53:31.106+09:00,user,IdeState,Active,DateMain.java,Editor,C:/Users/user/IdeaProjects/DateMain/src/DateMain.java,DateMain::main,8,71,Default task
2021-09-10T09:53:32.119+09:00,user,IdeState,Active,DateMain.java,Editor,C:/Users/user/IdeaProjects/DateMain/src/DateMain.java,DateMain::main,8,72,Default task
2021-09-10T09:53:33.133+09:00,user,IdeState,Active,DateMain.java,Editor,C:/Users/user/IdeaProjects/DateMain/src/DateMain.java,DateMain::main,8,68,Default task
2021-09-10T09:53:34.147+09:00,user,IdeState,Active,DateMain.java,Editor,C:/Users/user/IdeaProjects/DateMain/src/DateMain.java,DateMain::main,8,68,Default task
2021-09-10T09:53:35.159+09:00,user,IdeState,Active,DateMain.java,Editor,C:/Users/user/IdeaProjects/DateMain/src/DateMain.java,DateMain::main,8,68,Default task
2021-09-10T09:53:36.175+09:00,user,IdeState,Active,DateMain.java,Editor,C:/Users/user/IdeaProjects/DateMain/src/DateMain.java,DateMain::main,8,70,Default task
2021-09-10T09:53:37.191+09:00,user,IdeState,Active,DateMain.java,Editor,C:/Users/user/IdeaProjects/DateMain/src/DateMain.java,DateMain::main,8,73,Default task
2021-09-10T09:53:38.202+09:00,user,IdeState,Active,DateMain.java,Editor,C:/Users/user/IdeaProjects/DateMain/src/DateMain.java,DateMain::main,8,73,Default task
2021-09-10T09:53:39.204+09:00,user,IdeState,Active,DateMain.java,Editor,C:/Users/user/IdeaProjects/DateMain/src/DateMain.java,DateMain::main,8,74,Default task
2021-09-10T09:53:40.209+09:00,user,IdeState,Active,DateMain.java,Editor,C:/Users/user/IdeaProjects/DateMain/src/DateMain.java,DateMain::main,9,8,Default task
2021-09-10T09:53:41.218+09:00,user,IdeState,Active,DateMain.java,Editor,C:/Users/user/IdeaProjects/DateMain/src/DateMain.java,DateMain::main,9,10,Default task
2021-09-10T09:53:42.233+09:00,user,IdeState,Active,DateMain.java,Editor,C:/Users/user/IdeaProjects/DateMain/src/DateMain.java,DateMain::main,9,10,Default task
2021-09-10T09:53:43.248+09:00,user,IdeState,Active,DateMain.java,Editor,C:/Users/user/IdeaProjects/DateMain/src/DateMain.java,DateMain::main,9,14,Default task
2021-09-10T09:53:44.259+09:00,user,IdeState,Active,DateMain.java,Editor,C:/Users/user/IdeaProjects/DateMain/src/DateMain.java,DateMain::main,9,17,Default task
2021-09-10T09:53:45.276+09:00,user,IdeState,Active,DateMain.java,Editor,C:/Users/user/IdeaProjects/DateMain/src/DateMain.java,DateMain::main,9,30,Default task
2021-09-10T09:53:46.285+09:00,user,IdeState,Active,DateMain.java,Editor,C:/Users/user/IdeaProjects/DateMain/src/DateMain.java,DateMain::main,9,31,Default task
2021-09-10T09:53:47.295+09:00,user,IdeState,Active,DateMain.java,Editor,C:/Users/user/IdeaProjects/DateMain/src/DateMain.java,DateMain::main,9,34,Default task
2021-09-10T09:53:48.298+09:00,user,IdeState,Active,DateMain.java,Editor,C:/Users/user/IdeaProjects/DateMain/src/DateMain.java,DateMain::main,9,36,Default task
2021-09-10T09:53:49.311+09:00,user,IdeState,Active,DateMain.java,Editor,C:/Users/user/IdeaProjects/DateMain/src/DateMain.java,DateMain::main,9,40,Default task
2021-09-10T09:53:50.320+09:00,user,IdeState,Active,DateMain.java,Editor,C:/Users/user/IdeaProjects/DateMain/src/DateMain.java,DateMain::main,9,40,Default task
2021-09-10T09:53:51.322+09:00,user,IdeState,Active,DateMain.java,Editor,C:/Users/user/IdeaProjects/DateMain/src/DateMain.java,DateMain::main,9,40,Default task
2021-09-10T09:53:52.335+09:00,user,IdeState,Active,DateMain.java,Editor,C:/Users/user/IdeaProjects/DateMain/src/DateMain.java,DateMain::main,9,57,Default task
2021-09-10T09:53:53.345+09:00,user,IdeState,Active,DateMain.java,Editor,C:/Users/user/IdeaProjects/DateMain/src/DateMain.java,DateMain::main,9,58,Default task
2021-09-10T09:53:54.358+09:00,user,IdeState,Active,DateMain.java,Editor,C:/Users/user/IdeaProjects/DateMain/src/DateMain.java,DateMain::main,9,59,Default task
2021-09-10T09:53:55.362+09:00,user,IdeState,Active,DateMain.java,Editor,C:/Users/user/IdeaProjects/DateMain/src/DateMain.java,DateMain::main,9,59,Default task
2021-09-10T09:53:56.378+09:00,user,IdeState,Active,DateMain.java,Editor,C:/Users/user/IdeaProjects/DateMain/src/DateMain.java,DateMain::main,9,58,Default task
2021-09-10T09:53:57.390+09:00,user,IdeState,Active,DateMain.java,Editor,C:/Users/user/IdeaProjects/DateMain/src/DateMain.java,DateMain::main,9,57,Default task
2021-09-10T09:53:58.402+09:00,user,IdeState,Active,DateMain.java,Editor,C:/Users/user/IdeaProjects/DateMain/src/DateMain.java,DateMain::main,9,58,Default task
2021-09-10T09:53:59.413+09:00,user,IdeState,Active,DateMain.java,Editor,C:/Users/user/IdeaProjects/DateMain/src/DateMain.java,DateMain::main,9,58,Default task
2021-09-10T09:54:00.429+09:00,user,IdeState,Active,DateMain.java,Editor,C:/Users/user/IdeaProjects/DateMain/src/DateMain.java,DateMain::main,9,60,Default task
2021-09-10T09:54:01.439+09:00,user,IdeState,Active,DateMain.java,Editor,C:/Users/user/IdeaProjects/DateMain/src/DateMain.java,DateMain::main,9,62,Default task
2021-09-10T09:54:02.443+09:00,user,IdeState,Active,DateMain.java,Editor,C:/Users/user/IdeaProjects/DateMain/src/DateMain.java,DateMain::main,9,63,Default task
2021-09-10T09:54:03.457+09:00,user,IdeState,Active,DateMain.java,Editor,C:/Users/user/IdeaProjects/DateMain/src/DateMain.java,DateMain::main,9,63,Default task
2021-09-10T09:54:04.469+09:00,user,IdeState,Active,DateMain.java,Editor,C:/Users/user/IdeaProjects/DateMain/src/DateMain.java,DateMain::main,9,65,Default task
2021-09-10T09:54:05.482+09:00,user,IdeState,Active,DateMain.java,Editor,C:/Users/user/IdeaProjects/DateMain/src/DateMain.java,DateMain::main,9,66,Default task
2021-09-10T09:54:06.486+09:00,user,IdeState,Active,DateMain.java,Editor,C:/Users/user/IdeaProjects/DateMain/src/DateMain.java,DateMain::main,9,68,Default task
2021-09-10T09:54:07.496+09:00,user,IdeState,Active,DateMain.java,Editor,C:/Users/user/IdeaProjects/DateMain/src/DateMain.java,DateMain::main,9,69,Default task
2021-09-10T09:54:08.499+09:00,user,IdeState,Active,DateMain.java,Editor,C:/Users/user/IdeaProjects/DateMain/src/DateMain.java,DateMain::main,9,71,Default task
2021-09-10T09:54:09.505+09:00,user,IdeState,Active,DateMain.java,Editor,C:/Users/user/IdeaProjects/DateMain/src/DateMain.java,DateMain::main,9,72,Default task
2021-09-10T09:54:10.513+09:00,user,IdeState,Active,DateMain.java,Editor,C:/Users/user/IdeaProjects/DateMain/src/DateMain.java,DateMain::main,9,74,Default task
2021-09-10T09:54:11.539+09:00,user,IdeState,Active,DateMain.java,Editor,C:/Users/user/IdeaProjects/DateMain/src/DateMain.java,DateMain::main,9,77,Default task
2021-09-10T09:54:12.541+09:00,user,IdeState,Active,DateMain.java,Editor,C:/Users/user/IdeaProjects/DateMain/src/DateMain.java,DateMain::main,9,77,Default task
2021-09-10T09:54:13.554+09:00,user,IdeState,Active,DateMain.java,Editor,C:/Users/user/IdeaProjects/DateMain/src/DateMain.java,DateMain::main,9,79,Default task
2021-09-10T09:54:14.557+09:00,user,IdeState,Active,DateMain.java,Editor,C:/Users/user/IdeaProjects/DateMain/src/DateMain.java,DateMain::main,9,80,Default task
2021-09-10T09:54:15.569+09:00,user,IdeState,Active,DateMain.java,Editor,C:/Users/user/IdeaProjects/DateMain/src/DateMain.java,DateMain::main,10,8,Default task
2021-09-10T09:54:16.576+09:00,user,IdeState,Active,DateMain.java,Editor,C:/Users/user/IdeaProjects/DateMain/src/DateMain.java,DateMain::main,10,8,Default task
2021-09-10T09:54:17.591+09:00,user,IdeState,Active,DateMain.java,Editor,C:/Users/user/IdeaProjects/DateMain/src/DateMain.java,DateMain::main,10,11,Default task
2021-09-10T09:54:18.599+09:00,user,IdeState,Active,DateMain.java,Editor,C:/Users/user/IdeaProjects/DateMain/src/DateMain.java,DateMain::main,10,14,Default task
2021-09-10T09:54:19.613+09:00,user,IdeState,Active,DateMain.java,Editor,C:/Users/user/IdeaProjects/DateMain/src/DateMain.java,DateMain::main,10,14,Default task
2021-09-10T09:54:20.624+09:00,user,IdeState,Active,DateMain.java,Editor,C:/Users/user/IdeaProjects/DateMain/src/DateMain.java,DateMain::main,10,16,Default task
2021-09-10T09:54:21.635+09:00,user,IdeState,Active,DateMain.java,Editor,C:/Users/user/IdeaProjects/DateMain/src/DateMain.java,DateMain::main,10,31,Default task
2021-09-10T09:54:22.647+09:00,user,IdeState,Active,DateMain.java,Editor,C:/Users/user/IdeaProjects/DateMain/src/DateMain.java,DateMain::main,10,34,Default task
2021-09-10T09:54:23.660+09:00,user,IdeState,Active,DateMain.java,Editor,C:/Users/user/IdeaProjects/DateMain/src/DateMain.java,DateMain::main,10,39,Default task
2021-09-10T09:54:24.662+09:00,user,IdeState,Active,DateMain.java,Editor,C:/Users/user/IdeaProjects/DateMain/src/DateMain.java,DateMain::main,10,57,Default task
2021-09-10T09:54:25.668+09:00,user,IdeState,Active,DateMain.java,Editor,C:/Users/user/IdeaProjects/DateMain/src/DateMain.java,DateMain::main,10,58,Default task
2021-09-10T09:54:26.681+09:00,user,IdeState,Active,DateMain.java,Editor,C:/Users/user/IdeaProjects/DateMain/src/DateMain.java,DateMain::main,10,59,Default task
2021-09-10T09:54:27.694+09:00,user,IdeState,Active,DateMain.java,Editor,C:/Users/user/IdeaProjects/DateMain/src/DateMain.java,DateMain::main,10,61,Default task
2021-09-10T09:54:28.706+09:00,user,IdeState,Active,DateMain.java,Editor,C:/Users/user/IdeaProjects/DateMain/src/DateMain.java,DateMain::main,10,57,Default task
2021-09-10T09:54:29.718+09:00,user,IdeState,Active,DateMain.java,Editor,C:/Users/user/IdeaProjects/DateMain/src/DateMain.java,DateMain::main,10,58,Default task
2021-09-10T09:54:30.730+09:00,user,IdeState,Active,DateMain.java,Editor,C:/Users/user/IdeaProjects/DateMain/src/DateMain.java,DateMain::main,10,61,Default task
2021-09-10T09:54:31.745+09:00,user,IdeState,Active,DateMain.java,Editor,C:/Users/user/IdeaProjects/DateMain/src/DateMain.java,DateMain::main,10,57,Default task
2021-09-10T09:54:32.748+09:00,user,IdeState,Active,DateMain.java,Editor,C:/Users/user/IdeaProjects/DateMain/src/DateMain.java,DateMain::main,10,58,Default task
2021-09-10T09:54:33.754+09:00,user,IdeState,Active,DateMain.java,Editor,C:/Users/user/IdeaProjects/DateMain/src/DateMain.java,DateMain::main,10,62,Default task
2021-09-10T09:54:34.770+09:00,user,IdeState,Active,DateMain.java,Editor,C:/Users/user/IdeaProjects/DateMain/src/DateMain.java,DateMain::main,10,63,Default task
2021-09-10T09:54:35.786+09:00,user,IdeState,Active,DateMain.java,Editor,C:/Users/user/IdeaProjects/DateMain/src/DateMain.java,DateMain::main,10,67,Default task
2021-09-10T09:54:36.797+09:00,user,IdeState,Active,DateMain.java,Editor,C:/Users/user/IdeaProjects/DateMain/src/DateMain.java,DateMain::main,10,67,Default task
2021-09-10T09:54:37.813+09:00,user,IdeState,Active,DateMain.java,Editor,C:/Users/user/IdeaProjects/DateMain/src/DateMain.java,DateMain::main,10,67,Default task
2021-09-10T09:54:38.829+09:00,user,IdeState,Active,DateMain.java,Editor,C:/Users/user/IdeaProjects/DateMain/src/DateMain.java,DateMain::main,10,67,Default task
2021-09-10T09:54:39.842+09:00,user,IdeState,Active,DateMain.java,Editor,C:/Users/user/IdeaProjects/DateMain/src/DateMain.java,DateMain::main,10,71,Default task
2021-09-10T09:54:40.854+09:00,user,IdeState,Active,DateMain.java,Editor,C:/Users/user/IdeaProjects/DateMain/src/DateMain.java,DateMain::main,10,68,Default task
2021-09-10T09:54:41.858+09:00,user,IdeState,Active,DateMain.java,Editor,C:/Users/user/IdeaProjects/DateMain/src/DateMain.java,DateMain::main,10,68,Default task
2021-09-10T09:54:42.868+09:00,user,IdeState,Active,DateMain.java,Editor,C:/Users/user/IdeaProjects/DateMain/src/DateMain.java,DateMain::main,10,71,Default task
2021-09-10T09:54:43.883+09:00,user,IdeState,Active,DateMain.java,Editor,C:/Users/user/IdeaProjects/DateMain/src/DateMain.java,DateMain::main,10,71,Default task
2021-09-10T09:54:44.897+09:00,user,IdeState,Active,DateMain.java,Editor,C:/Users/user/IdeaProjects/DateMain/src/DateMain.java,DateMain::main,10,71,Default task
2021-09-10T09:54:45.911+09:00,user,IdeState,Active,DateMain.java,Editor,C:/Users/user/IdeaProjects/DateMain/src/DateMain.java,DateMain::main,10,74,Default task
2021-09-10T09:54:46.922+09:00,user,IdeState,Active,DateMain.java,Editor,C:/Users/user/IdeaProjects/DateMain/src/DateMain.java,DateMain::main,10,74,Default task
2021-09-10T09:54:47.923+09:00,user,IdeState,Active,DateMain.java,Editor,C:/Users/user/IdeaProjects/DateMain/src/DateMain.java,DateMain::main,10,72,Default task
2021-09-10T09:54:48.935+09:00,user,IdeState,Active,DateMain.java,Editor,C:/Users/user/IdeaProjects/DateMain/src/DateMain.java,DateMain::main,10,73,Default task
2021-09-10T09:54:49.940+09:00,user,IdeState,Active,DateMain.java,Editor,C:/Users/user/IdeaProjects/DateMain/src/DateMain.java,DateMain::main,10,77,Default task
2021-09-10T09:54:50.951+09:00,user,IdeState,Active,DateMain.java,Editor,C:/Users/user/IdeaProjects/DateMain/src/DateMain.java,DateMain::main,10,79,Default task
2021-09-10T09:54:51.963+09:00,user,IdeState,Active,DateMain.java,Editor,C:/Users/user/IdeaProjects/DateMain/src/DateMain.java,DateMain::main,10,80,Default task
2021-09-10T09:54:52.982+09:00,user,IdeState,Active,DateMain.java,Editor,C:/Users/user/IdeaProjects/DateMain/src/DateMain.java,DateMain::main,10,81,Default task
2021-09-10T09:54:53.996+09:00,user,IdeState,Active,DateMain.java,Editor,C:/Users/user/IdeaProjects/DateMain/src/DateMain.java,DateMain::main,10,81,Default task
2021-09-10T09:54:55.011+09:00,user,IdeState,Active,DateMain.java,Editor,C:/Users/user/IdeaProjects/DateMain/src/DateMain.java,DateMain::main,10,81,Default task
2021-09-10T09:54:56.040+09:00,user,IdeState,Active,DateMain.java,Editor,C:/Users/user/IdeaProjects/DateMain/src/DateMain.java,DateMain::main,10,81,Default task
2021-09-10T09:54:57.048+09:00,user,IdeState,Active,DateMain.java,Editor,C:/Users/user/IdeaProjects/DateMain/src/DateMain.java,DateMain::main,10,81,Default task
2021-09-10T09:54:58.062+09:00,user,IdeState,Active,DateMain.java,Editor,C:/Users/user/IdeaProjects/DateMain/src/DateMain.java,DateMain::main,10,81,Default task
2021-09-10T09:54:59.075+09:00,user,IdeState,Active,DateMain.java,Editor,C:/Users/user/IdeaProjects/DateMain/src/DateMain.java,DateMain::main,10,82,Default task
2021-09-10T09:55:00.088+09:00,user,IdeState,Active,DateMain.java,Editor,C:/Users/user/IdeaProjects/DateMain/src/DateMain.java,DateMain::main,10,82,Default task
2021-09-10T09:55:01.106+09:00,user,IdeState,Active,DateMain.java,Editor,C:/Users/user/IdeaProjects/DateMain/src/DateMain.java,DateMain::main,11,94,Default task
2021-09-10T09:55:02.113+09:00,user,IdeState,Active,DateMain.java,Editor,C:/Users/user/IdeaProjects/DateMain/src/DateMain.java,DateMain::main,11,95,Default task
2021-09-10T09:55:03.128+09:00,user,IdeState,Active,DateMain.java,Editor,C:/Users/user/IdeaProjects/DateMain/src/DateMain.java,DateMain::main,12,8,Default task
2021-09-10T09:55:04.145+09:00,user,IdeState,Active,DateMain.java,Editor,C:/Users/user/IdeaProjects/DateMain/src/DateMain.java,DateMain::main,13,8,Default task
2021-09-10T09:55:05.156+09:00,user,IdeState,Active,DateMain.java,Editor,C:/Users/user/IdeaProjects/DateMain/src/DateMain.java,DateMain::main,13,10,Default task
2021-09-10T09:55:06.172+09:00,user,IdeState,Active,DateMain.java,Editor,C:/Users/user/IdeaProjects/DateMain/src/DateMain.java,DateMain::main,13,14,Default task
2021-09-10T09:55:07.184+09:00,user,IdeState,Active,DateMain.java,Editor,C:/Users/user/IdeaProjects/DateMain/src/DateMain.java,DateMain::main,13,18,Default task
2021-09-10T09:55:08.200+09:00,user,IdeState,Active,DateMain.java,Editor,C:/Users/user/IdeaProjects/DateMain/src/DateMain.java,DateMain::main,13,19,Default task
2021-09-10T09:55:09.211+09:00,user,IdeState,Active,DateMain.java,Editor,C:/Users/user/IdeaProjects/DateMain/src/DateMain.java,DateMain::main,13,27,Default task
2021-09-10T09:55:10.220+09:00,user,IdeState,Active,DateMain.java,Editor,C:/Users/user/IdeaProjects/DateMain/src/DateMain.java,DateMain::main,13,27,Default task
2021-09-10T09:55:11.234+09:00,user,IdeState,Active,DateMain.java,Editor,C:/Users/user/IdeaProjects/DateMain/src/DateMain.java,DateMain::main,13,28,Default task
2021-09-10T09:55:12.247+09:00,user,IdeState,Active,DateMain.java,Editor,C:/Users/user/IdeaProjects/DateMain/src/DateMain.java,DateMain::main,13,29,Default task
2021-09-10T09:55:13.263+09:00,user,IdeState,Active,DateMain.java,Editor,C:/Users/user/IdeaProjects/DateMain/src/DateMain.java,DateMain::main,13,30,Default task
2021-09-10T09:55:14.286+09:00,user,IdeState,Active,DateMain.java,Editor,C:/Users/user/IdeaProjects/DateMain/src/DateMain.java,DateMain::main,13,37,Default task
2021-09-10T09:55:15.317+09:00,user,IdeState,Active,DateMain.java,Editor,C:/Users/user/IdeaProjects/DateMain/src/DateMain.java,DateMain::main,13,38,Default task
2021-09-10T09:55:16.322+09:00,user,IdeState,Active,DateMain.java,Editor,C:/Users/user/IdeaProjects/DateMain/src/DateMain.java,DateMain::main,13,41,Default task
2021-09-10T09:55:17.336+09:00,user,IdeState,Active,DateMain.java,Editor,C:/Users/user/IdeaProjects/DateMain/src/DateMain.java,DateMain::main,14,8,Default task
2021-09-10T09:55:18.347+09:00,user,IdeState,Active,DateMain.java,Editor,C:/Users/user/IdeaProjects/DateMain/src/DateMain.java,DateMain::main,14,14,Default task
2021-09-10T09:55:19.358+09:00,user,IdeState,Active,DateMain.java,Editor,C:/Users/user/IdeaProjects/DateMain/src/DateMain.java,DateMain::main,14,15,Default task
2021-09-10T09:55:20.370+09:00,user,IdeState,Active,DateMain.java,Editor,C:/Users/user/IdeaProjects/DateMain/src/DateMain.java,DateMain::main,14,19,Default task
2021-09-10T09:55:21.384+09:00,user,IdeState,Active,DateMain.java,Editor,C:/Users/user/IdeaProjects/DateMain/src/DateMain.java,DateMain::main,14,27,Default task
2021-09-10T09:55:22.400+09:00,user,IdeState,Active,DateMain.java,Editor,C:/Users/user/IdeaProjects/DateMain/src/DateMain.java,DateMain::main,14,28,Default task
2021-09-10T09:55:23.410+09:00,user,IdeState,Active,DateMain.java,Editor,C:/Users/user/IdeaProjects/DateMain/src/DateMain.java,DateMain::main,14,29,Default task
2021-09-10T09:55:24.422+09:00,user,IdeState,Active,DateMain.java,Editor,C:/Users/user/IdeaProjects/DateMain/src/DateMain.java,DateMain::main,14,30,Default task
2021-09-10T09:55:25.430+09:00,user,IdeState,Active,DateMain.java,Editor,C:/Users/user/IdeaProjects/DateMain/src/DateMain.java,DateMain::main,14,37,Default task
2021-09-10T09:55:26.437+09:00,user,IdeState,Active,DateMain.java,Editor,C:/Users/user/IdeaProjects/DateMain/src/DateMain.java,DateMain::main,14,40,Default task
2021-09-10T09:55:27.450+09:00,user,IdeState,Active,DateMain.java,Editor,C:/Users/user/IdeaProjects/DateMain/src/DateMain.java,DateMain::main,15,8,Default task
2021-09-10T09:55:28.461+09:00,user,IdeState,Active,DateMain.java,Editor,C:/Users/user/IdeaProjects/DateMain/src/DateMain.java,DateMain::main,15,9,Default task
2021-09-10T09:55:29.474+09:00,user,IdeState,Active,DateMain.java,Editor,C:/Users/user/IdeaProjects/DateMain/src/DateMain.java,DateMain::main,15,18,Default task
2021-09-10T09:55:30.483+09:00,user,IdeState,Active,DateMain.java,Editor,C:/Users/user/IdeaProjects/DateMain/src/DateMain.java,DateMain::main,15,27,Default task
2021-09-10T09:55:31.497+09:00,user,IdeState,Active,DateMain.java,Editor,C:/Users/user/IdeaProjects/DateMain/src/DateMain.java,DateMain::main,15,28,Default task
2021-09-10T09:55:32.512+09:00,user,IdeState,Active,DateMain.java,Editor,C:/Users/user/IdeaProjects/DateMain/src/DateMain.java,DateMain::main,15,29,Default task
2021-09-10T09:55:33.529+09:00,user,IdeState,Active,DateMain.java,Editor,C:/Users/user/IdeaProjects/DateMain/src/DateMain.java,DateMain::main,15,30,Default task
2021-09-10T09:55:34.541+09:00,user,IdeState,Active,DateMain.java,Editor,C:/Users/user/IdeaProjects/DateMain/src/DateMain.java,DateMain::main,15,37,Default task
2021-09-10T09:55:35.552+09:00,user,IdeState,Active,DateMain.java,Editor,C:/Users/user/IdeaProjects/DateMain/src/DateMain.java,DateMain::main,15,37,Default task
2021-09-10T09:55:36.561+09:00,user,IdeState,Active,DateMain.java,Editor,C:/Users/user/IdeaProjects/DateMain/src/DateMain.java,DateMain::main,15,40,Default task
2021-09-10T09:55:37.575+09:00,user,IdeState,Active,DateMain.java,Editor,C:/Users/user/IdeaProjects/DateMain/src/DateMain.java,DateMain::main,14,38,Default task
2021-09-10T09:55:38.577+09:00,user,IdeState,Active,DateMain.java,Editor,C:/Users/user/IdeaProjects/DateMain/src/DateMain.java,DateMain::main,14,29,Default task
2021-09-10T09:55:39.588+09:00,user,IdeState,Active,DateMain.java,Editor,C:/Users/user/IdeaProjects/DateMain/src/DateMain.java,DateMain::main,14,29,Default task
2021-09-10T09:55:40.601+09:00,user,IdeState,Active,DateMain.java,Editor,C:/Users/user/IdeaProjects/DateMain/src/DateMain.java,DateMain::main,14,29,Default task
2021-09-10T09:55:41.611+09:00,user,IdeState,Active,DateMain.java,Editor,C:/Users/user/IdeaProjects/DateMain/src/DateMain.java,DateMain::main,14,29,Default task
2021-09-10T09:55:42.620+09:00,user,IdeState,Active,DateMain.java,Editor,C:/Users/user/IdeaProjects/DateMain/src/DateMain.java,DateMain::main,14,29,Default task
2021-09-10T09:55:43.631+09:00,user,IdeState,Active,DateMain.java,Editor,C:/Users/user/IdeaProjects/DateMain/src/DateMain.java,,16,5,Default task
2021-09-10T09:55:44.639+09:00,user,IdeState,Active,DateMain.java,Editor,C:/Users/user/IdeaProjects/DateMain/src/DateMain.java,,16,5,Default task
2021-09-10T09:55:45.650+09:00,user,IdeState,Active,DateMain.java,Editor,C:/Users/user/IdeaProjects/DateMain/src/DateMain.java,,16,5,Default task
2021-09-10T09:55:46.659+09:00,user,IdeState,Active,DateMain.java,Editor,C:/Users/user/IdeaProjects/DateMain/src/DateMain.java,,16,5,Default task
2021-09-10T09:55:47.674+09:00,user,IdeState,Active,DateMain.java,Editor,C:/Users/user/IdeaProjects/DateMain/src/DateMain.java,,16,5,Default task
2021-09-10T09:55:48.682+09:00,user,IdeState,Active,DateMain.java,Editor,C:/Users/user/IdeaProjects/DateMain/src/DateMain.java,,16,5,Default task
2021-09-10T09:55:49.694+09:00,user,IdeState,Active,DateMain.java,Editor,C:/Users/user/IdeaProjects/DateMain/src/DateMain.java,,16,5,Default task
2021-09-10T09:55:50.707+09:00,user,IdeState,Active,DateMain.java,Editor,C:/Users/user/IdeaProjects/DateMain/src/DateMain.java,,16,5,Default task
2021-09-10T09:55:51.710+09:00,user,IdeState,Active,DateMain.java,Editor,C:/Users/user/IdeaProjects/DateMain/src/DateMain.java,,16,5,Default task
2021-09-10T09:55:52.719+09:00,user,IdeState,Active,DateMain.java,Editor,C:/Users/user/IdeaProjects/DateMain/src/DateMain.java,,16,5,Default task
2021-09-10T09:55:53.733+09:00,user,IdeState,Active,DateMain.java,Editor,C:/Users/user/IdeaProjects/DateMain/src/DateMain.java,,16,5,Default task
2021-09-10T09:55:54.745+09:00,user,IdeState,Active,DateMain.java,Popup,C:/Users/user/IdeaProjects/DateMain/src/DateMain.java,,16,5,Default task
2021-09-10T09:55:55.759+09:00,user,IdeState,Active,DateMain.java,Editor,C:/Users/user/IdeaProjects/DateMain/src/DateMain.java,,16,5,Default task
2021-09-10T09:55:56.765+09:00,user,IdeState,Active,DateMain.java,Editor,C:/Users/user/IdeaProjects/DateMain/src/DateMain.java,,16,5,Default task
2021-09-10T09:55:57.807+09:00,user,IdeState,Active,DateMain.java,Popup,C:/Users/user/IdeaProjects/DateMain/src/DateMain.java,,16,5,Default task
2021-09-10T09:55:58.809+09:00,user,IdeState,Active,DateMain.java,Popup,C:/Users/user/IdeaProjects/DateMain/src/DateMain.java,,16,5,Default task
