2021-09-29T14:51:27.027+09:00,user,IdeState,Active,CafeTest.java,Editor,C:/Users/user/IdeaProjects/CafeTest/src/Cafe.java,,0,0,Default task
2021-09-29T14:51:28.067+09:00,user,IdeState,Inactive,,,,,-1,-1,
2021-09-29T14:51:29.076+09:00,user,IdeState,Inactive,,,,,-1,-1,
2021-09-29T14:51:30.080+09:00,user,IdeState,Active,CafeTest.java,Editor,C:/Users/user/IdeaProjects/CafeTest/src/Cafe.java,,0,0,Default task
2021-09-29T14:51:31.096+09:00,user,IdeState,Active,CafeTest.java,Editor,C:/Users/user/IdeaProjects/CafeTest/src/Cafe.java,,0,2,Default task
2021-09-29T14:51:32.125+09:00,user,IdeState,Active,CafeTest.java,Editor,C:/Users/user/IdeaProjects/CafeTest/src/Cafe.java,,0,8,Default task
2021-09-29T14:51:33.126+09:00,user,IdeState,Active,CafeTest.java,Editor,C:/Users/user/IdeaProjects/CafeTest/src/Cafe.java,,0,9,Default task
2021-09-29T14:51:34.128+09:00,user,IdeState,Active,CafeTest.java,Editor,C:/Users/user/IdeaProjects/CafeTest/src/Cafe.java,,0,18,Default task
2021-09-29T14:51:35.143+09:00,user,IdeState,Active,CafeTest.java,Editor,C:/Users/user/IdeaProjects/CafeTest/src/Cafe.java,,1,4,Default task
2021-09-29T14:51:36.243+09:00,user,IdeState,Active,CafeTest.java,Editor,C:/Users/user/IdeaProjects/CafeTest/src/Cafe.java,Cafe::hashCode,3,8,Default task
2021-09-29T14:51:37.244+09:00,user,IdeState,Active,CafeTest.java,Editor,C:/Users/user/IdeaProjects/CafeTest/src/Cafe.java,Cafe::hashCode,3,8,Default task
2021-09-29T14:51:38.257+09:00,user,IdeState,Active,CafeTest.java,Editor,C:/Users/user/IdeaProjects/CafeTest/src/Cafe.java,Cafe::hashCode,3,8,Default task
2021-09-29T14:51:39.267+09:00,user,IdeState,Active,CafeTest.java,Editor,C:/Users/user/IdeaProjects/CafeTest/src/Cafe.java,Cafe::hashCode,3,23,Default task
2021-09-29T14:51:40.282+09:00,user,IdeState,Active,CafeTest.java,Editor,C:/Users/user/IdeaProjects/CafeTest/src/Cafe.java,,4,5,Default task
2021-09-29T14:51:41.284+09:00,user,IdeState,Active,CafeTest.java,Editor,C:/Users/user/IdeaProjects/CafeTest/src/Cafe.java,,1,4,Default task
2021-09-29T14:51:42.298+09:00,user,IdeState,Active,CafeTest.java,Editor,C:/Users/user/IdeaProjects/CafeTest/src/Cafe.java,,1,5,Default task
2021-09-29T14:51:43.304+09:00,user,IdeState,Active,CafeTest.java,Editor,C:/Users/user/IdeaProjects/CafeTest/src/Cafe.java,,1,6,Default task
2021-09-29T14:51:44.321+09:00,user,IdeState,Active,CafeTest.java,Editor,C:/Users/user/IdeaProjects/CafeTest/src/Cafe.java,,1,12,Default task
2021-09-29T14:51:45.322+09:00,user,IdeState,Active,CafeTest.java,Editor,C:/Users/user/IdeaProjects/CafeTest/src/Cafe.java,,1,19,Default task
2021-09-29T14:51:46.337+09:00,user,IdeState,Active,CafeTest.java,Editor,C:/Users/user/IdeaProjects/CafeTest/src/Cafe.java,,1,20,Default task
2021-09-29T14:51:47.339+09:00,user,IdeState,Active,CafeTest.java,Editor,C:/Users/user/IdeaProjects/CafeTest/src/Cafe.java,,1,21,Default task
2021-09-29T14:51:48.355+09:00,user,IdeState,Active,CafeTest.java,Editor,C:/Users/user/IdeaProjects/CafeTest/src/Cafe.java,,1,23,Default task
2021-09-29T14:51:49.358+09:00,user,IdeState,Active,CafeTest.java,Editor,C:/Users/user/IdeaProjects/CafeTest/src/Cafe.java,,1,24,Default task
2021-09-29T14:51:50.375+09:00,user,IdeState,Active,CafeTest.java,Editor,C:/Users/user/IdeaProjects/CafeTest/src/Cafe.java,,1,24,Default task
2021-09-29T14:51:51.379+09:00,user,IdeState,Active,CafeTest.java,Editor,C:/Users/user/IdeaProjects/CafeTest/src/Cafe.java,,1,20,Default task
2021-09-29T14:51:52.387+09:00,user,IdeState,Active,CafeTest.java,Editor,C:/Users/user/IdeaProjects/CafeTest/src/Cafe.java,,1,13,Default task
2021-09-29T14:51:53.398+09:00,user,IdeState,Active,CafeTest.java,Editor,C:/Users/user/IdeaProjects/CafeTest/src/Cafe.java,,1,18,Default task
2021-09-29T14:51:54.405+09:00,user,IdeState,Active,CafeTest.java,Editor,C:/Users/user/IdeaProjects/CafeTest/src/Cafe.java,,1,21,Default task
2021-09-29T14:51:55.408+09:00,user,IdeState,Active,CafeTest.java,Editor,C:/Users/user/IdeaProjects/CafeTest/src/Cafe.java,,1,23,Default task
2021-09-29T14:51:56.421+09:00,user,IdeState,Active,CafeTest.java,Editor,C:/Users/user/IdeaProjects/CafeTest/src/Cafe.java,,2,4,Default task
2021-09-29T14:51:57.433+09:00,user,IdeState,Active,CafeTest.java,Editor,C:/Users/user/IdeaProjects/CafeTest/src/Cafe.java,,2,12,Default task
2021-09-29T14:51:58.437+09:00,user,IdeState,Active,CafeTest.java,Editor,C:/Users/user/IdeaProjects/CafeTest/src/Cafe.java,,2,13,Default task
2021-09-29T14:51:59.440+09:00,user,IdeState,Active,CafeTest.java,Editor,C:/Users/user/IdeaProjects/CafeTest/src/Cafe.java,,2,16,Default task
2021-09-29T14:52:00.443+09:00,user,IdeState,Active,CafeTest.java,Editor,C:/Users/user/IdeaProjects/CafeTest/src/Cafe.java,,4,19,Default task
2021-09-29T14:52:01.455+09:00,user,IdeState,Active,CafeTest.java,Editor,C:/Users/user/IdeaProjects/CafeTest/src/Cafe.java,,4,19,Default task
2021-09-29T14:52:02.466+09:00,user,IdeState,Active,CafeTest.java,Editor,C:/Users/user/IdeaProjects/CafeTest/src/Cafe.java,,4,20,Default task
2021-09-29T14:52:03.506+09:00,user,IdeState,Active,CafeTest.java,Editor,C:/Users/user/IdeaProjects/CafeTest/src/Cafe.java,,4,21,Default task
2021-09-29T14:52:04.521+09:00,user,IdeState,Active,CafeTest.java,Editor,C:/Users/user/IdeaProjects/CafeTest/src/Cafe.java,,4,26,Default task
2021-09-29T14:52:05.536+09:00,user,IdeState,Active,CafeTest.java,Editor,C:/Users/user/IdeaProjects/CafeTest/src/Cafe.java,,4,27,Default task
2021-09-29T14:52:06.538+09:00,user,IdeState,Active,CafeTest.java,Editor,C:/Users/user/IdeaProjects/CafeTest/src/Cafe.java,,4,28,Default task
2021-09-29T14:52:07.541+09:00,user,IdeState,Active,CafeTest.java,Editor,C:/Users/user/IdeaProjects/CafeTest/src/Cafe.java,,4,29,Default task
2021-09-29T14:52:08.545+09:00,user,IdeState,Active,CafeTest.java,Editor,C:/Users/user/IdeaProjects/CafeTest/src/Cafe.java,,4,33,Default task
2021-09-29T14:52:09.558+09:00,user,IdeState,Active,CafeTest.java,Editor,C:/Users/user/IdeaProjects/CafeTest/src/Cafe.java,,4,35,Default task
2021-09-29T14:52:10.573+09:00,user,IdeState,Active,CafeTest.java,Editor,C:/Users/user/IdeaProjects/CafeTest/src/Cafe.java,,4,35,Default task
2021-09-29T14:52:11.581+09:00,user,IdeState,Active,CafeTest.java,Editor,C:/Users/user/IdeaProjects/CafeTest/src/Cafe.java,,4,35,Default task
2021-09-29T14:52:12.583+09:00,user,IdeState,Active,CafeTest.java,Editor,C:/Users/user/IdeaProjects/CafeTest/src/Cafe.java,,4,39,Default task
2021-09-29T14:52:13.595+09:00,user,IdeState,Active,CafeTest.java,Editor,C:/Users/user/IdeaProjects/CafeTest/src/Cafe.java,,4,40,Default task
2021-09-29T14:52:14.601+09:00,user,IdeState,Active,CafeTest.java,Editor,C:/Users/user/IdeaProjects/CafeTest/src/Cafe.java,,4,42,Default task
2021-09-29T14:52:15.605+09:00,user,IdeState,Active,CafeTest.java,Editor,C:/Users/user/IdeaProjects/CafeTest/src/Cafe.java,,4,42,Default task
2021-09-29T14:52:16.624+09:00,user,IdeState,Active,CafeTest.java,Editor,C:/Users/user/IdeaProjects/CafeTest/src/Cafe.java,,4,43,Default task
2021-09-29T14:52:17.636+09:00,user,IdeState,Active,CafeTest.java,Editor,C:/Users/user/IdeaProjects/CafeTest/src/Cafe.java,,4,45,Default task
2021-09-29T14:52:18.637+09:00,user,IdeState,Active,CafeTest.java,Editor,C:/Users/user/IdeaProjects/CafeTest/src/Cafe.java,,4,45,Default task
2021-09-29T14:52:19.639+09:00,user,IdeState,Active,CafeTest.java,Editor,C:/Users/user/IdeaProjects/CafeTest/src/Cafe.java,,4,48,Default task
2021-09-29T14:52:20.652+09:00,user,IdeState,Active,CafeTest.java,Editor,C:/Users/user/IdeaProjects/CafeTest/src/Cafe.java,,4,48,Default task
2021-09-29T14:52:21.654+09:00,user,IdeState,Active,CafeTest.java,Editor,C:/Users/user/IdeaProjects/CafeTest/src/Cafe.java,,4,49,Default task
2021-09-29T14:52:22.658+09:00,user,IdeState,Active,CafeTest.java,Editor,C:/Users/user/IdeaProjects/CafeTest/src/Cafe.java,,4,75,Default task
2021-09-29T14:52:23.660+09:00,user,IdeState,Active,CafeTest.java,Editor,C:/Users/user/IdeaProjects/CafeTest/src/Cafe.java,,4,73,Default task
2021-09-29T14:52:24.663+09:00,user,IdeState,Active,CafeTest.java,Editor,C:/Users/user/IdeaProjects/CafeTest/src/Cafe.java,,4,60,Default task
2021-09-29T14:52:25.666+09:00,user,IdeState,Active,CafeTest.java,Editor,C:/Users/user/IdeaProjects/CafeTest/src/Cafe.java,,4,59,Default task
2021-09-29T14:52:26.681+09:00,user,IdeState,Active,CafeTest.java,Editor,C:/Users/user/IdeaProjects/CafeTest/src/Cafe.java,,4,61,Default task
2021-09-29T14:52:27.696+09:00,user,IdeState,Active,CafeTest.java,Editor,C:/Users/user/IdeaProjects/CafeTest/src/Cafe.java,,6,4,Default task
2021-09-29T14:52:28.711+09:00,user,IdeState,Active,CafeTest.java,Editor,C:/Users/user/IdeaProjects/CafeTest/src/Cafe.java,,6,11,Default task
2021-09-29T14:52:29.715+09:00,user,IdeState,Active,CafeTest.java,Editor,C:/Users/user/IdeaProjects/CafeTest/src/Cafe.java,,6,13,Default task
2021-09-29T14:52:30.726+09:00,user,IdeState,Active,CafeTest.java,Editor,C:/Users/user/IdeaProjects/CafeTest/src/Cafe.java,,6,12,Default task
2021-09-29T14:52:31.735+09:00,user,IdeState,Active,CafeTest.java,Editor,C:/Users/user/IdeaProjects/CafeTest/src/Cafe.java,,6,18,Default task
2021-09-29T14:52:32.738+09:00,user,IdeState,Active,CafeTest.java,Editor,C:/Users/user/IdeaProjects/CafeTest/src/Cafe.java,,6,22,Default task
2021-09-29T14:52:33.747+09:00,user,IdeState,Active,CafeTest.java,Editor,C:/Users/user/IdeaProjects/CafeTest/src/Cafe.java,,6,26,Default task
2021-09-29T14:52:34.753+09:00,user,IdeState,Active,CafeTest.java,Editor,C:/Users/user/IdeaProjects/CafeTest/src/Cafe.java,Cafe::toString,6,27,Default task
2021-09-29T14:52:35.769+09:00,user,IdeState,Active,CafeTest.java,Editor,C:/Users/user/IdeaProjects/CafeTest/src/Cafe.java,,6,28,Default task
2021-09-29T14:52:36.781+09:00,user,IdeState,Active,CafeTest.java,Editor,C:/Users/user/IdeaProjects/CafeTest/src/Cafe.java,,6,28,Default task
2021-09-29T14:52:37.798+09:00,user,IdeState,Active,CafeTest.java,Editor,C:/Users/user/IdeaProjects/CafeTest/src/Cafe.java,Cafe::toString,7,8,Default task
2021-09-29T14:52:38.804+09:00,user,IdeState,Active,CafeTest.java,Editor,C:/Users/user/IdeaProjects/CafeTest/src/Cafe.java,Cafe::toString,7,9,Default task
2021-09-29T14:52:39.808+09:00,user,IdeState,Active,CafeTest.java,Editor,C:/Users/user/IdeaProjects/CafeTest/src/Cafe.java,Cafe::toString,7,14,Default task
2021-09-29T14:52:40.821+09:00,user,IdeState,Active,CafeTest.java,Editor,C:/Users/user/IdeaProjects/CafeTest/src/Cafe.java,Cafe::toString,7,18,Default task
2021-09-29T14:52:41.836+09:00,user,IdeState,Active,CafeTest.java,Editor,C:/Users/user/IdeaProjects/CafeTest/src/Cafe.java,Cafe::toString,7,18,Default task
2021-09-29T14:52:42.839+09:00,user,IdeState,Active,CafeTest.java,Editor,C:/Users/user/IdeaProjects/CafeTest/src/Cafe.java,Cafe::toString,7,21,Default task
2021-09-29T14:52:43.841+09:00,user,IdeState,Active,CafeTest.java,Editor,C:/Users/user/IdeaProjects/CafeTest/src/Cafe.java,Cafe::toString,7,22,Default task
2021-09-29T14:52:44.856+09:00,user,IdeState,Active,CafeTest.java,Editor,C:/Users/user/IdeaProjects/CafeTest/src/Cafe.java,Cafe::toString,7,23,Default task
2021-09-29T14:52:45.865+09:00,user,IdeState,Active,CafeTest.java,Editor,C:/Users/user/IdeaProjects/CafeTest/src/Cafe.java,Cafe::toString,7,26,Default task
2021-09-29T14:52:46.867+09:00,user,IdeState,Active,CafeTest.java,Editor,C:/Users/user/IdeaProjects/CafeTest/src/Cafe.java,Cafe::toString,7,27,Default task
2021-09-29T14:52:47.881+09:00,user,IdeState,Active,CafeTest.java,Editor,C:/Users/user/IdeaProjects/CafeTest/src/Cafe.java,Cafe::toString,7,29,Default task
2021-09-29T14:52:48.884+09:00,user,IdeState,Active,CafeTest.java,Editor,C:/Users/user/IdeaProjects/CafeTest/src/Cafe.java,Cafe::toString,7,31,Default task
2021-09-29T14:52:49.901+09:00,user,IdeState,Active,CafeTest.java,Editor,C:/Users/user/IdeaProjects/CafeTest/src/Cafe.java,Cafe::toString,7,33,Default task
2021-09-29T14:52:50.915+09:00,user,IdeState,Active,CafeTest.java,Editor,C:/Users/user/IdeaProjects/CafeTest/src/Cafe.java,Cafe::toString,7,34,Default task
2021-09-29T14:52:51.920+09:00,user,IdeState,Active,CafeTest.java,Editor,C:/Users/user/IdeaProjects/CafeTest/src/Cafe.java,Cafe::toString,7,35,Default task
2021-09-29T14:52:52.934+09:00,user,IdeState,Active,CafeTest.java,Editor,C:/Users/user/IdeaProjects/CafeTest/src/Cafe.java,Cafe::toString,7,39,Default task
2021-09-29T14:52:53.937+09:00,user,IdeState,Active,CafeTest.java,Editor,C:/Users/user/IdeaProjects/CafeTest/src/Cafe.java,Cafe::toString,7,40,Default task
2021-09-29T14:52:54.938+09:00,user,IdeState,Active,CafeTest.java,Editor,C:/Users/user/IdeaProjects/CafeTest/src/Cafe.java,Cafe::toString,7,41,Default task
2021-09-29T14:52:55.939+09:00,user,IdeState,Active,CafeTest.java,Editor,C:/Users/user/IdeaProjects/CafeTest/src/Cafe.java,Cafe::toString,7,41,Default task
2021-09-29T14:52:56.954+09:00,user,IdeState,Active,CafeTest.java,Editor,C:/Users/user/IdeaProjects/CafeTest/src/Cafe.java,Cafe::toString,7,41,Default task
2021-09-29T14:52:57.958+09:00,user,IdeState,Active,CafeTest.java,Editor,C:/Users/user/IdeaProjects/CafeTest/src/Cafe.java,Cafe::toString,7,22,Default task
2021-09-29T14:52:58.969+09:00,user,IdeState,Active,CafeTest.java,Editor,C:/Users/user/IdeaProjects/CafeTest/src/Cafe.java,Cafe::toString,7,23,Default task
2021-09-29T14:52:59.978+09:00,user,IdeState,Active,CafeTest.java,Editor,C:/Users/user/IdeaProjects/CafeTest/src/Cafe.java,Cafe::toString,7,43,Default task
2021-09-29T14:53:00.993+09:00,user,IdeState,Active,CafeTest.java,Editor,C:/Users/user/IdeaProjects/CafeTest/src/Cafe.java,Cafe::toString,7,43,Default task
2021-09-29T14:53:01.994+09:00,user,IdeState,Active,CafeTest.java,Editor,C:/Users/user/IdeaProjects/CafeTest/src/Cafe.java,Cafe::toString,7,42,Default task
2021-09-29T14:53:03.010+09:00,user,IdeState,Active,CafeTest.java,Editor,C:/Users/user/IdeaProjects/CafeTest/src/Cafe.java,Cafe::toString,7,43,Default task
2021-09-29T14:53:04.012+09:00,user,IdeState,Active,CafeTest.java,Editor,C:/Users/user/IdeaProjects/CafeTest/src/Cafe.java,Cafe::toString,7,45,Default task
2021-09-29T14:53:05.068+09:00,user,IdeState,Active,CafeTest.java,Editor,C:/Users/user/IdeaProjects/CafeTest/src/Cafe.java,Cafe::toString,7,51,Default task
2021-09-29T14:53:06.077+09:00,user,IdeState,Active,CafeTest.java,Editor,C:/Users/user/IdeaProjects/CafeTest/src/Cafe.java,Cafe::toString,7,52,Default task
2021-09-29T14:53:07.089+09:00,user,IdeState,Active,CafeTest.java,Editor,C:/Users/user/IdeaProjects/CafeTest/src/Cafe.java,Cafe::toString,7,57,Default task
2021-09-29T14:53:08.093+09:00,user,IdeState,Active,CafeTest.java,Editor,C:/Users/user/IdeaProjects/CafeTest/src/Cafe.java,Cafe::toString,7,55,Default task
2021-09-29T14:53:09.105+09:00,user,IdeState,Active,CafeTest.java,Editor,C:/Users/user/IdeaProjects/CafeTest/src/Cafe.java,Cafe::toString,7,57,Default task
2021-09-29T14:53:10.109+09:00,user,IdeState,Active,CafeTest.java,Editor,C:/Users/user/IdeaProjects/CafeTest/src/Cafe.java,Cafe::toString,7,58,Default task
2021-09-29T14:53:11.122+09:00,user,IdeState,Active,CafeTest.java,Editor,C:/Users/user/IdeaProjects/CafeTest/src/Cafe.java,Cafe::toString,7,60,Default task
2021-09-29T14:53:12.129+09:00,user,IdeState,Active,CafeTest.java,Editor,C:/Users/user/IdeaProjects/CafeTest/src/Cafe.java,Cafe::toString,7,61,Default task
2021-09-29T14:53:13.134+09:00,user,IdeState,Active,CafeTest.java,Editor,C:/Users/user/IdeaProjects/CafeTest/src/Cafe.java,Cafe::toString,7,66,Default task
2021-09-29T14:53:14.151+09:00,user,IdeState,Active,CafeTest.java,Editor,C:/Users/user/IdeaProjects/CafeTest/src/Cafe.java,Cafe::toString,7,67,Default task
2021-09-29T14:53:15.165+09:00,user,IdeState,Active,CafeTest.java,Editor,C:/Users/user/IdeaProjects/CafeTest/src/Cafe.java,Cafe::toString,7,67,Default task
2021-09-29T14:53:16.170+09:00,user,IdeState,Active,CafeTest.java,Editor,C:/Users/user/IdeaProjects/CafeTest/src/Cafe.java,Cafe::toString,7,73,Default task
2021-09-29T14:53:17.173+09:00,user,IdeState,Active,CafeTest.java,Editor,C:/Users/user/IdeaProjects/CafeTest/src/Cafe.java,Cafe::toString,7,74,Default task
2021-09-29T14:53:18.181+09:00,user,IdeState,Active,CafeTest.java,Editor,C:/Users/user/IdeaProjects/CafeTest/src/Cafe.java,Cafe::toString,7,75,Default task
2021-09-29T14:53:19.197+09:00,user,IdeState,Active,CafeTest.java,Editor,C:/Users/user/IdeaProjects/CafeTest/src/Cafe.java,Cafe::toString,7,77,Default task
2021-09-29T14:53:20.200+09:00,user,IdeState,Active,CafeTest.java,Editor,C:/Users/user/IdeaProjects/CafeTest/src/Cafe.java,Cafe::toString,7,79,Default task
2021-09-29T14:53:21.205+09:00,user,IdeState,Active,CafeTest.java,Editor,C:/Users/user/IdeaProjects/CafeTest/src/Cafe.java,Cafe::toString,7,79,Default task
2021-09-29T14:53:22.207+09:00,user,IdeState,Active,CafeTest.java,Editor,C:/Users/user/IdeaProjects/CafeTest/src/Cafe.java,Cafe::toString,8,8,Default task
2021-09-29T14:53:23.219+09:00,user,IdeState,Active,CafeTest.java,Editor,C:/Users/user/IdeaProjects/CafeTest/src/Cafe.java,Cafe::toString,8,8,Default task
2021-09-29T14:53:24.232+09:00,user,IdeState,Active,CafeTest.java,Editor,C:/Users/user/IdeaProjects/CafeTest/src/Cafe.java,Cafe::toString,8,9,Default task
2021-09-29T14:53:25.241+09:00,user,IdeState,Active,CafeTest.java,Editor,C:/Users/user/IdeaProjects/CafeTest/src/Cafe.java,Cafe::toString,8,9,Default task
2021-09-29T14:53:26.254+09:00,user,IdeState,Active,CafeTest.java,Editor,C:/Users/user/IdeaProjects/CafeTest/src/Cafe.java,Cafe::toString,8,10,Default task
2021-09-29T14:53:27.271+09:00,user,IdeState,Active,CafeTest.java,Editor,C:/Users/user/IdeaProjects/CafeTest/src/Cafe.java,Cafe::toString,9,16,Default task
2021-09-29T14:53:28.284+09:00,user,IdeState,Active,CafeTest.java,Editor,C:/Users/user/IdeaProjects/CafeTest/src/Cafe.java,Cafe::toString,9,16,Default task
2021-09-29T14:53:29.300+09:00,user,IdeState,Active,CafeTest.java,Editor,C:/Users/user/IdeaProjects/CafeTest/src/Cafe.java,Cafe::toString,9,17,Default task
2021-09-29T14:53:30.316+09:00,user,IdeState,Active,CafeTest.java,Editor,C:/Users/user/IdeaProjects/CafeTest/src/Cafe.java,Cafe::toString,9,17,Default task
2021-09-29T14:53:31.334+09:00,user,IdeState,Active,CafeTest.java,Editor,C:/Users/user/IdeaProjects/CafeTest/src/Cafe.java,Cafe::toString,9,16,Default task
2021-09-29T14:53:32.338+09:00,user,IdeState,Active,CafeTest.java,Editor,C:/Users/user/IdeaProjects/CafeTest/src/Cafe.java,Cafe::toString,9,18,Default task
2021-09-29T14:53:33.349+09:00,user,IdeState,Active,CafeTest.java,Editor,C:/Users/user/IdeaProjects/CafeTest/src/Cafe.java,Cafe::toString,9,19,Default task
2021-09-29T14:53:34.363+09:00,user,IdeState,Active,CafeTest.java,Editor,C:/Users/user/IdeaProjects/CafeTest/src/Cafe.java,Cafe::toString,9,25,Default task
2021-09-29T14:53:35.364+09:00,user,IdeState,Active,CafeTest.java,Editor,C:/Users/user/IdeaProjects/CafeTest/src/Cafe.java,Cafe::toString,9,25,Default task
2021-09-29T14:53:36.367+09:00,user,IdeState,Active,CafeTest.java,Editor,C:/Users/user/IdeaProjects/CafeTest/src/Cafe.java,Cafe::toString,9,26,Default task
2021-09-29T14:53:37.371+09:00,user,IdeState,Active,CafeTest.java,Editor,C:/Users/user/IdeaProjects/CafeTest/src/Cafe.java,Cafe::toString,9,29,Default task
2021-09-29T14:53:38.375+09:00,user,IdeState,Active,CafeTest.java,Editor,C:/Users/user/IdeaProjects/CafeTest/src/Cafe.java,Cafe::toString,9,28,Default task
2021-09-29T14:53:39.393+09:00,user,IdeState,Active,CafeTest.java,Editor,C:/Users/user/IdeaProjects/CafeTest/src/Cafe.java,Cafe::toString,9,32,Default task
2021-09-29T14:53:40.396+09:00,user,IdeState,Active,CafeTest.java,Editor,C:/Users/user/IdeaProjects/CafeTest/src/Cafe.java,Cafe::toString,9,34,Default task
2021-09-29T14:53:41.401+09:00,user,IdeState,Active,CafeTest.java,Editor,C:/Users/user/IdeaProjects/CafeTest/src/Cafe.java,Cafe::toString,9,39,Default task
2021-09-29T14:53:42.416+09:00,user,IdeState,Active,CafeTest.java,Editor,C:/Users/user/IdeaProjects/CafeTest/src/Cafe.java,Cafe::toString,9,39,Default task
2021-09-29T14:53:43.418+09:00,user,IdeState,Active,CafeTest.java,Editor,C:/Users/user/IdeaProjects/CafeTest/src/Cafe.java,Cafe::toString,9,39,Default task
2021-09-29T14:53:44.419+09:00,user,IdeState,Active,CafeTest.java,Editor,C:/Users/user/IdeaProjects/CafeTest/src/Cafe.java,Cafe::toString,9,39,Default task
2021-09-29T14:53:45.441+09:00,user,IdeState,Active,CafeTest.java,Editor,C:/Users/user/IdeaProjects/CafeTest/src/Cafe.java,Cafe::toString,9,38,Default task
2021-09-29T14:53:46.454+09:00,user,IdeState,Active,CafeTest.java,Editor,C:/Users/user/IdeaProjects/CafeTest/src/Cafe.java,Cafe::toString,9,41,Default task
2021-09-29T14:53:47.457+09:00,user,IdeState,Active,CafeTest.java,Editor,C:/Users/user/IdeaProjects/CafeTest/src/Cafe.java,Cafe::toString,9,42,Default task
2021-09-29T14:53:48.462+09:00,user,IdeState,Active,CafeTest.java,Editor,C:/Users/user/IdeaProjects/CafeTest/src/Cafe.java,Cafe::toString,9,50,Default task
2021-09-29T14:53:49.465+09:00,user,IdeState,Active,CafeTest.java,Editor,C:/Users/user/IdeaProjects/CafeTest/src/Cafe.java,Cafe::toString,9,52,Default task
2021-09-29T14:53:50.469+09:00,user,IdeState,Active,CafeTest.java,Editor,C:/Users/user/IdeaProjects/CafeTest/src/Cafe.java,Cafe::toString,9,61,Default task
2021-09-29T14:53:51.476+09:00,user,IdeState,Active,CafeTest.java,Editor,C:/Users/user/IdeaProjects/CafeTest/src/Cafe.java,Cafe::toString,9,62,Default task
2021-09-29T14:53:52.484+09:00,user,IdeState,Active,CafeTest.java,Editor,C:/Users/user/IdeaProjects/CafeTest/src/Cafe.java,Cafe::toString,10,8,Default task
2021-09-29T14:53:53.489+09:00,user,IdeState,Active,CafeTest.java,Editor,C:/Users/user/IdeaProjects/CafeTest/src/Cafe.java,Cafe::toString,10,13,Default task
2021-09-29T14:53:54.495+09:00,user,IdeState,Active,CafeTest.java,Editor,C:/Users/user/IdeaProjects/CafeTest/src/Cafe.java,Cafe::toString,10,14,Default task
2021-09-29T14:53:55.499+09:00,user,IdeState,Active,CafeTest.java,Editor,C:/Users/user/IdeaProjects/CafeTest/src/Cafe.java,Cafe::toString,10,20,Default task
2021-09-29T14:53:56.514+09:00,user,IdeState,Active,CafeTest.java,Editor,C:/Users/user/IdeaProjects/CafeTest/src/Cafe.java,Cafe::toString,10,20,Default task
2021-09-29T14:53:57.528+09:00,user,IdeState,Active,CafeTest.java,Editor,C:/Users/user/IdeaProjects/CafeTest/src/Cafe.java,Cafe::toString,10,30,Default task
2021-09-29T14:53:58.530+09:00,user,IdeState,Active,CafeTest.java,Editor,C:/Users/user/IdeaProjects/CafeTest/src/Cafe.java,Cafe::toString,10,31,Default task
2021-09-29T14:53:59.545+09:00,user,IdeState,Active,CafeTest.java,Editor,C:/Users/user/IdeaProjects/CafeTest/src/Cafe.java,Cafe::toString,11,12,Default task
2021-09-29T14:54:00.558+09:00,user,IdeState,Active,CafeTest.java,Editor,C:/Users/user/IdeaProjects/CafeTest/src/Cafe.java,Cafe::toString,11,14,Default task
2021-09-29T14:54:01.572+09:00,user,IdeState,Active,CafeTest.java,Editor,C:/Users/user/IdeaProjects/CafeTest/src/Cafe.java,Cafe::toString,11,14,Default task
2021-09-29T14:54:02.588+09:00,user,IdeState,Active,CafeTest.java,Editor,C:/Users/user/IdeaProjects/CafeTest/src/Cafe.java,Cafe::toString,11,16,Default task
2021-09-29T14:54:03.603+09:00,user,IdeState,Active,CafeTest.java,Editor,C:/Users/user/IdeaProjects/CafeTest/src/Cafe.java,Cafe::toString,11,19,Default task
2021-09-29T14:54:04.617+09:00,user,IdeState,Active,CafeTest.java,Editor,C:/Users/user/IdeaProjects/CafeTest/src/Cafe.java,Cafe::toString,11,19,Default task
2021-09-29T14:54:05.631+09:00,user,IdeState,Active,CafeTest.java,Editor,C:/Users/user/IdeaProjects/CafeTest/src/Cafe.java,Cafe::toString,11,21,Default task
2021-09-29T14:54:06.634+09:00,user,IdeState,Active,CafeTest.java,Editor,C:/Users/user/IdeaProjects/CafeTest/src/Cafe.java,Cafe::toString,11,22,Default task
2021-09-29T14:54:07.647+09:00,user,IdeState,Active,CafeTest.java,Editor,C:/Users/user/IdeaProjects/CafeTest/src/Cafe.java,Cafe::toString,11,24,Default task
2021-09-29T14:54:08.661+09:00,user,IdeState,Active,CafeTest.java,Editor,C:/Users/user/IdeaProjects/CafeTest/src/Cafe.java,Cafe::toString,11,26,Default task
2021-09-29T14:54:09.663+09:00,user,IdeState,Active,CafeTest.java,Editor,C:/Users/user/IdeaProjects/CafeTest/src/Cafe.java,Cafe::toString,11,32,Default task
2021-09-29T14:54:10.666+09:00,user,IdeState,Active,CafeTest.java,Editor,C:/Users/user/IdeaProjects/CafeTest/src/Cafe.java,Cafe::toString,11,33,Default task
2021-09-29T14:54:11.668+09:00,user,IdeState,Active,CafeTest.java,Editor,C:/Users/user/IdeaProjects/CafeTest/src/Cafe.java,Cafe::toString,11,39,Default task
2021-09-29T14:54:12.668+09:00,user,IdeState,Active,CafeTest.java,Editor,C:/Users/user/IdeaProjects/CafeTest/src/Cafe.java,Cafe::toString,11,39,Default task
2021-09-29T14:54:13.683+09:00,user,IdeState,Active,CafeTest.java,Editor,C:/Users/user/IdeaProjects/CafeTest/src/Cafe.java,Cafe::toString,11,40,Default task
2021-09-29T14:54:14.697+09:00,user,IdeState,Active,CafeTest.java,Editor,C:/Users/user/IdeaProjects/CafeTest/src/Cafe.java,Cafe::toString,11,41,Default task
2021-09-29T14:54:15.704+09:00,user,IdeState,Active,CafeTest.java,Editor,C:/Users/user/IdeaProjects/CafeTest/src/Cafe.java,Cafe::toString,11,41,Default task
2021-09-29T14:54:16.706+09:00,user,IdeState,Active,CafeTest.java,Editor,C:/Users/user/IdeaProjects/CafeTest/src/Cafe.java,Cafe::toString,11,43,Default task
2021-09-29T14:54:17.711+09:00,user,IdeState,Active,CafeTest.java,Editor,C:/Users/user/IdeaProjects/CafeTest/src/Cafe.java,Cafe::toString,11,45,Default task
2021-09-29T14:54:18.724+09:00,user,IdeState,Active,CafeTest.java,Editor,C:/Users/user/IdeaProjects/CafeTest/src/Cafe.java,Cafe::toString,12,9,Default task
2021-09-29T14:54:19.731+09:00,user,IdeState,Active,CafeTest.java,Editor,C:/Users/user/IdeaProjects/CafeTest/src/Cafe.java,Cafe::toString,13,15,Default task
2021-09-29T14:54:20.733+09:00,user,IdeState,Active,CafeTest.java,Editor,C:/Users/user/IdeaProjects/CafeTest/src/Cafe.java,Cafe::toString,13,16,Default task
2021-09-29T14:54:21.749+09:00,user,IdeState,Active,CafeTest.java,Editor,C:/Users/user/IdeaProjects/CafeTest/src/Cafe.java,Cafe::toString,13,19,Default task
2021-09-29T14:54:22.759+09:00,user,IdeState,Active,CafeTest.java,Editor,C:/Users/user/IdeaProjects/CafeTest/src/Cafe.java,,14,5,Default task
2021-09-29T14:54:23.772+09:00,user,IdeState,Active,CafeTest.java,Editor,C:/Users/user/IdeaProjects/CafeTest/src/Cafe.java,,15,5,Default task
2021-09-29T14:54:24.773+09:00,user,IdeState,Active,CafeTest.java,Editor,C:/Users/user/IdeaProjects/CafeTest/src/Cafe.java,,15,12,Default task
2021-09-29T14:54:25.784+09:00,user,IdeState,Active,CafeTest.java,Editor,C:/Users/user/IdeaProjects/CafeTest/src/Cafe.java,,15,18,Default task
2021-09-29T14:54:26.798+09:00,user,IdeState,Active,CafeTest.java,Editor,C:/Users/user/IdeaProjects/CafeTest/src/Cafe.java,,15,20,Default task
2021-09-29T14:54:27.799+09:00,user,IdeState,Active,CafeTest.java,Editor,C:/Users/user/IdeaProjects/CafeTest/src/Cafe.java,,15,21,Default task
2021-09-29T14:54:28.803+09:00,user,IdeState,Active,CafeTest.java,Editor,C:/Users/user/IdeaProjects/CafeTest/src/Cafe.java,,15,25,Default task
2021-09-29T14:54:29.807+09:00,user,IdeState,Active,CafeTest.java,Editor,C:/Users/user/IdeaProjects/CafeTest/src/Cafe.java,,15,25,Default task
2021-09-29T14:54:30.808+09:00,user,IdeState,Active,CafeTest.java,Editor,C:/Users/user/IdeaProjects/CafeTest/src/Cafe.java,Cafe::equals,15,26,Default task
2021-09-29T14:54:31.816+09:00,user,IdeState,Active,CafeTest.java,Editor,C:/Users/user/IdeaProjects/CafeTest/src/Cafe.java,Cafe::equals,15,27,Default task
2021-09-29T14:54:32.820+09:00,user,IdeState,Active,CafeTest.java,Editor,C:/Users/user/IdeaProjects/CafeTest/src/Cafe.java,Cafe::equals,15,33,Default task
2021-09-29T14:54:33.823+09:00,user,IdeState,Active,CafeTest.java,Editor,C:/Users/user/IdeaProjects/CafeTest/src/Cafe.java,,15,35,Default task
2021-09-29T14:54:34.837+09:00,user,IdeState,Active,CafeTest.java,Editor,C:/Users/user/IdeaProjects/CafeTest/src/Cafe.java,Cafe::equals,16,8,Default task
2021-09-29T14:54:35.850+09:00,user,IdeState,Active,CafeTest.java,Editor,C:/Users/user/IdeaProjects/CafeTest/src/Cafe.java,Cafe::equals,16,9,Default task
2021-09-29T14:54:36.863+09:00,user,IdeState,Active,CafeTest.java,Editor,C:/Users/user/IdeaProjects/CafeTest/src/Cafe.java,Cafe::equals,16,11,Default task
2021-09-29T14:54:37.874+09:00,user,IdeState,Active,CafeTest.java,Editor,C:/Users/user/IdeaProjects/CafeTest/src/Cafe.java,Cafe::equals,16,15,Default task
2021-09-29T14:54:38.881+09:00,user,IdeState,Active,CafeTest.java,Editor,C:/Users/user/IdeaProjects/CafeTest/src/Cafe.java,Cafe::equals,16,19,Default task
2021-09-29T14:54:39.882+09:00,user,IdeState,Active,CafeTest.java,Editor,C:/Users/user/IdeaProjects/CafeTest/src/Cafe.java,Cafe::equals,16,19,Default task
2021-09-29T14:54:40.892+09:00,user,IdeState,Active,CafeTest.java,Editor,C:/Users/user/IdeaProjects/CafeTest/src/Cafe.java,Cafe::equals,16,21,Default task
2021-09-29T14:54:41.910+09:00,user,IdeState,Active,CafeTest.java,Editor,C:/Users/user/IdeaProjects/CafeTest/src/Cafe.java,Cafe::equals,17,19,Default task
2021-09-29T14:54:42.926+09:00,user,IdeState,Active,CafeTest.java,Editor,C:/Users/user/IdeaProjects/CafeTest/src/Cafe.java,Cafe::equals,17,20,Default task
2021-09-29T14:54:43.927+09:00,user,IdeState,Active,CafeTest.java,Editor,C:/Users/user/IdeaProjects/CafeTest/src/Cafe.java,Cafe::equals,17,24,Default task
2021-09-29T14:54:44.942+09:00,user,IdeState,Active,CafeTest.java,Editor,C:/Users/user/IdeaProjects/CafeTest/src/Cafe.java,Cafe::equals,17,24,Default task
2021-09-29T14:54:45.957+09:00,user,IdeState,Active,CafeTest.java,Editor,C:/Users/user/IdeaProjects/CafeTest/src/Cafe.java,Cafe::equals,18,10,Default task
2021-09-29T14:54:46.971+09:00,user,IdeState,Active,CafeTest.java,Editor,C:/Users/user/IdeaProjects/CafeTest/src/Cafe.java,Cafe::equals,18,11,Default task
2021-09-29T14:54:47.973+09:00,user,IdeState,Active,CafeTest.java,Editor,C:/Users/user/IdeaProjects/CafeTest/src/Cafe.java,Cafe::equals,18,12,Default task
2021-09-29T14:54:48.974+09:00,user,IdeState,Active,CafeTest.java,Editor,C:/Users/user/IdeaProjects/CafeTest/src/Cafe.java,Cafe::equals,18,24,Default task
2021-09-29T14:54:49.989+09:00,user,IdeState,Active,CafeTest.java,Editor,C:/Users/user/IdeaProjects/CafeTest/src/Cafe.java,Cafe::equals,18,24,Default task
2021-09-29T14:54:50.992+09:00,user,IdeState,Active,CafeTest.java,Editor,C:/Users/user/IdeaProjects/CafeTest/src/Cafe.java,Cafe::equals,18,30,Default task
2021-09-29T14:54:51.994+09:00,user,IdeState,Active,CafeTest.java,Editor,C:/Users/user/IdeaProjects/CafeTest/src/Cafe.java,Cafe::equals,18,31,Default task
2021-09-29T14:54:52.995+09:00,user,IdeState,Active,CafeTest.java,Editor,C:/Users/user/IdeaProjects/CafeTest/src/Cafe.java,Cafe::equals,19,12,Default task
2021-09-29T14:54:54.010+09:00,user,IdeState,Active,CafeTest.java,Editor,C:/Users/user/IdeaProjects/CafeTest/src/Cafe.java,Cafe::equals,19,14,Default task
2021-09-29T14:54:55.024+09:00,user,IdeState,Active,CafeTest.java,Editor,C:/Users/user/IdeaProjects/CafeTest/src/Cafe.java,Cafe::equals,19,20,Default task
2021-09-29T14:54:56.031+09:00,user,IdeState,Active,CafeTest.java,Editor,C:/Users/user/IdeaProjects/CafeTest/src/Cafe.java,Cafe::equals,19,24,Default task
2021-09-29T14:54:57.032+09:00,user,IdeState,Active,CafeTest.java,Editor,C:/Users/user/IdeaProjects/CafeTest/src/Cafe.java,Cafe::equals,20,9,Default task
2021-09-29T14:54:58.039+09:00,user,IdeState,Active,CafeTest.java,Editor,C:/Users/user/IdeaProjects/CafeTest/src/Cafe.java,Cafe::equals,20,14,Default task
2021-09-29T14:54:59.045+09:00,user,IdeState,Active,CafeTest.java,Editor,C:/Users/user/IdeaProjects/CafeTest/src/Cafe.java,Cafe::equals,20,21,Default task
2021-09-29T14:55:00.060+09:00,user,IdeState,Active,CafeTest.java,Editor,C:/Users/user/IdeaProjects/CafeTest/src/Cafe.java,Cafe::equals,20,24,Default task
2021-09-29T14:55:01.074+09:00,user,IdeState,Active,CafeTest.java,Editor,C:/Users/user/IdeaProjects/CafeTest/src/Cafe.java,Cafe::equals,20,27,Default task
2021-09-29T14:55:02.087+09:00,user,IdeState,Active,CafeTest.java,Editor,C:/Users/user/IdeaProjects/CafeTest/src/Cafe.java,,21,5,Default task
2021-09-29T14:55:03.099+09:00,user,IdeState,Active,CafeTest.java,Editor,C:/Users/user/IdeaProjects/CafeTest/src/Cafe.java,,21,5,Default task
2021-09-29T14:55:04.103+09:00,user,IdeState,Active,CafeTest.java,Editor,C:/Users/user/IdeaProjects/CafeTest/src/Cafe.java,,22,6,Default task
2021-09-29T14:55:05.105+09:00,user,IdeState,Active,CafeTest.java,Editor,C:/Users/user/IdeaProjects/CafeTest/src/Cafe.java,,22,15,Default task
2021-09-29T14:55:06.108+09:00,user,IdeState,Active,CafeTest.java,Editor,C:/Users/user/IdeaProjects/CafeTest/src/Cafe.java,,22,16,Default task
2021-09-29T14:55:07.110+09:00,user,IdeState,Active,CafeTest.java,Editor,C:/Users/user/IdeaProjects/CafeTest/src/Cafe.java,,22,18,Default task
2021-09-29T14:55:08.121+09:00,user,IdeState,Active,CafeTest.java,Editor,C:/Users/user/IdeaProjects/CafeTest/src/Cafe.java,,22,21,Default task
2021-09-29T14:55:09.124+09:00,user,IdeState,Active,CafeTest.java,Editor,C:/Users/user/IdeaProjects/CafeTest/src/Cafe.java,,22,23,Default task
2021-09-29T14:55:10.128+09:00,user,IdeState,Active,CafeTest.java,Editor,C:/Users/user/IdeaProjects/CafeTest/src/Cafe.java,Cafe::hashCode,22,24,Default task
2021-09-29T14:55:11.144+09:00,user,IdeState,Active,CafeTest.java,Editor,C:/Users/user/IdeaProjects/CafeTest/src/Cafe.java,Cafe::hashCode,23,8,Default task
2021-09-29T14:55:12.158+09:00,user,IdeState,Active,CafeTest.java,Editor,C:/Users/user/IdeaProjects/CafeTest/src/Cafe.java,Cafe::hashCode,23,9,Default task
2021-09-29T14:55:13.171+09:00,user,IdeState,Active,CafeTest.java,Editor,C:/Users/user/IdeaProjects/CafeTest/src/Cafe.java,Cafe::hashCode,23,15,Default task
2021-09-29T14:55:14.172+09:00,user,IdeState,Active,CafeTest.java,Editor,C:/Users/user/IdeaProjects/CafeTest/src/Cafe.java,Cafe::hashCode,23,16,Default task
2021-09-29T14:55:15.173+09:00,user,IdeState,Active,CafeTest.java,Editor,C:/Users/user/IdeaProjects/CafeTest/src/Cafe.java,Cafe::hashCode,23,22,Default task
2021-09-29T14:55:16.176+09:00,user,IdeState,Active,CafeTest.java,Editor,C:/Users/user/IdeaProjects/CafeTest/src/Cafe.java,Cafe::hashCode,23,23,Default task
2021-09-29T14:55:17.178+09:00,user,IdeState,Active,CafeTest.java,Editor,C:/Users/user/IdeaProjects/CafeTest/src/Cafe.java,Cafe::hashCode,23,23,Default task
2021-09-29T14:55:18.195+09:00,user,IdeState,Active,CafeTest.java,Editor,C:/Users/user/IdeaProjects/CafeTest/src/Cafe.java,Cafe::hashCode,24,29,Default task
2021-09-29T14:55:19.207+09:00,user,IdeState,Active,CafeTest.java,Editor,C:/Users/user/IdeaProjects/CafeTest/src/Cafe.java,,25,5,Default task
2021-09-29T14:55:20.216+09:00,user,IdeState,Active,CafeTest.java,Editor,C:/Users/user/IdeaProjects/CafeTest/src/Cafe.java,,26,5,Default task
2021-09-29T14:55:21.226+09:00,user,IdeState,Active,CafeTest.java,Editor,C:/Users/user/IdeaProjects/CafeTest/src/Cafe.java,,26,11,Default task
2021-09-29T14:55:22.231+09:00,user,IdeState,Active,CafeTest.java,Editor,C:/Users/user/IdeaProjects/CafeTest/src/Cafe.java,,26,11,Default task
2021-09-29T14:55:23.234+09:00,user,IdeState,Active,CafeTest.java,Editor,C:/Users/user/IdeaProjects/CafeTest/src/Cafe.java,,26,15,Default task
2021-09-29T14:55:24.238+09:00,user,IdeState,Active,CafeTest.java,Editor,C:/Users/user/IdeaProjects/CafeTest/src/Cafe.java,Cafe::Cafe,26,16,Default task
2021-09-29T14:55:25.244+09:00,user,IdeState,Active,CafeTest.java,Editor,C:/Users/user/IdeaProjects/CafeTest/src/Cafe.java,Cafe::Cafe,26,17,Default task
2021-09-29T14:55:26.259+09:00,user,IdeState,Active,CafeTest.java,Editor,C:/Users/user/IdeaProjects/CafeTest/src/Cafe.java,Cafe::Cafe,26,24,Default task
2021-09-29T14:55:27.260+09:00,user,IdeState,Active,CafeTest.java,Editor,C:/Users/user/IdeaProjects/CafeTest/src/Cafe.java,Cafe::Cafe,27,8,Default task
2021-09-29T14:55:28.263+09:00,user,IdeState,Active,CafeTest.java,Editor,C:/Users/user/IdeaProjects/CafeTest/src/Cafe.java,Cafe::Cafe,27,8,Default task
2021-09-29T14:55:29.268+09:00,user,IdeState,Active,CafeTest.java,Editor,C:/Users/user/IdeaProjects/CafeTest/src/Cafe.java,Cafe::Cafe,27,14,Default task
2021-09-29T14:55:30.272+09:00,user,IdeState,Active,CafeTest.java,Editor,C:/Users/user/IdeaProjects/CafeTest/src/Cafe.java,Cafe::Cafe,27,17,Default task
2021-09-29T14:55:31.287+09:00,user,IdeState,Active,CafeTest.java,Editor,C:/Users/user/IdeaProjects/CafeTest/src/Cafe.java,Cafe::Cafe,27,21,Default task
2021-09-29T14:55:32.289+09:00,user,IdeState,Active,CafeTest.java,Editor,C:/Users/user/IdeaProjects/CafeTest/src/Cafe.java,Cafe::Cafe,27,22,Default task
2021-09-29T14:55:33.293+09:00,user,IdeState,Active,CafeTest.java,Editor,C:/Users/user/IdeaProjects/CafeTest/src/Cafe.java,,28,5,Default task
2021-09-29T14:55:34.297+09:00,user,IdeState,Active,CafeTest.java,Editor,C:/Users/user/IdeaProjects/CafeTest/src/Cafe.java,,28,5,Default task
2021-09-29T14:55:35.307+09:00,user,IdeState,Active,CafeTest.java,Editor,C:/Users/user/IdeaProjects/CafeTest/src/Cafe.java,,29,6,Default task
2021-09-29T14:55:36.321+09:00,user,IdeState,Active,CafeTest.java,Editor,C:/Users/user/IdeaProjects/CafeTest/src/Cafe.java,,29,6,Default task
2021-09-29T14:55:37.337+09:00,user,IdeState,Active,CafeTest.java,Editor,C:/Users/user/IdeaProjects/CafeTest/src/Cafe.java,,29,6,Default task
2021-09-29T14:55:38.352+09:00,user,IdeState,Active,CafeTest.java,Editor,C:/Users/user/IdeaProjects/CafeTest/src/Cafe.java,,29,11,Default task
2021-09-29T14:55:39.353+09:00,user,IdeState,Active,CafeTest.java,Editor,C:/Users/user/IdeaProjects/CafeTest/src/Cafe.java,,29,13,Default task
2021-09-29T14:55:40.359+09:00,user,IdeState,Active,CafeTest.java,Editor,C:/Users/user/IdeaProjects/CafeTest/src/Cafe.java,,29,16,Default task
2021-09-29T14:55:41.372+09:00,user,IdeState,Active,CafeTest.java,Editor,C:/Users/user/IdeaProjects/CafeTest/src/Cafe.java,,29,20,Default task
2021-09-29T14:55:42.383+09:00,user,IdeState,Active,CafeTest.java,Editor,C:/Users/user/IdeaProjects/CafeTest/src/Cafe.java,,29,20,Default task
2021-09-29T14:55:43.387+09:00,user,IdeState,Active,CafeTest.java,Editor,C:/Users/user/IdeaProjects/CafeTest/src/Cafe.java,,29,20,Default task
2021-09-29T14:55:44.389+09:00,user,IdeState,Active,CafeTest.java,Editor,C:/Users/user/IdeaProjects/CafeTest/src/Cafe.java,,29,21,Default task
2021-09-29T14:55:45.391+09:00,user,IdeState,Active,CafeTest.java,Editor,C:/Users/user/IdeaProjects/CafeTest/src/Cafe.java,,29,24,Default task
2021-09-29T14:55:46.393+09:00,user,IdeState,Active,CafeTest.java,Editor,C:/Users/user/IdeaProjects/CafeTest/src/Cafe.java,,29,26,Default task
2021-09-29T14:55:47.396+09:00,user,IdeState,Active,CafeTest.java,Editor,C:/Users/user/IdeaProjects/CafeTest/src/Cafe.java,,29,31,Default task
2021-09-29T14:55:48.404+09:00,user,IdeState,Active,CafeTest.java,Editor,C:/Users/user/IdeaProjects/CafeTest/src/Cafe.java,,29,32,Default task
2021-09-29T14:55:49.421+09:00,user,IdeState,Active,CafeTest.java,Editor,C:/Users/user/IdeaProjects/CafeTest/src/Cafe.java,Cafe::findBeverage,29,38,Default task
2021-09-29T14:55:50.423+09:00,user,IdeState,Active,CafeTest.java,Editor,C:/Users/user/IdeaProjects/CafeTest/src/Cafe.java,Cafe::findBeverage,29,42,Default task
2021-09-29T14:55:51.428+09:00,user,IdeState,Active,CafeTest.java,Editor,C:/Users/user/IdeaProjects/CafeTest/src/Cafe.java,Cafe::findBeverage,29,45,Default task
2021-09-29T14:55:52.444+09:00,user,IdeState,Active,CafeTest.java,Editor,C:/Users/user/IdeaProjects/CafeTest/src/Cafe.java,Cafe::findBeverage,29,51,Default task
2021-09-29T14:55:53.461+09:00,user,IdeState,Active,CafeTest.java,Editor,C:/Users/user/IdeaProjects/CafeTest/src/Cafe.java,Cafe::findBeverage,30,8,Default task
2021-09-29T14:55:54.461+09:00,user,IdeState,Active,CafeTest.java,Editor,C:/Users/user/IdeaProjects/CafeTest/src/Cafe.java,Cafe::findBeverage,30,8,Default task
2021-09-29T14:55:55.463+09:00,user,IdeState,Active,CafeTest.java,Editor,C:/Users/user/IdeaProjects/CafeTest/src/Cafe.java,Cafe::findBeverage,30,12,Default task
2021-09-29T14:55:56.475+09:00,user,IdeState,Active,CafeTest.java,Editor,C:/Users/user/IdeaProjects/CafeTest/src/Cafe.java,Cafe::findBeverage,30,16,Default task
2021-09-29T14:55:57.482+09:00,user,IdeState,Active,CafeTest.java,Editor,C:/Users/user/IdeaProjects/CafeTest/src/Cafe.java,Cafe::findBeverage,30,17,Default task
2021-09-29T14:55:58.497+09:00,user,IdeState,Active,CafeTest.java,Editor,C:/Users/user/IdeaProjects/CafeTest/src/Cafe.java,Cafe::findBeverage,30,17,Default task
2021-09-29T14:55:59.500+09:00,user,IdeState,Active,CafeTest.java,Editor,C:/Users/user/IdeaProjects/CafeTest/src/Cafe.java,Cafe::findBeverage,30,22,Default task
2021-09-29T14:56:00.506+09:00,user,IdeState,Active,CafeTest.java,Editor,C:/Users/user/IdeaProjects/CafeTest/src/Cafe.java,Cafe::findBeverage,30,23,Default task
2021-09-29T14:56:01.519+09:00,user,IdeState,Active,CafeTest.java,Editor,C:/Users/user/IdeaProjects/CafeTest/src/Cafe.java,Cafe::findBeverage,30,26,Default task
2021-09-29T14:56:02.520+09:00,user,IdeState,Active,CafeTest.java,Editor,C:/Users/user/IdeaProjects/CafeTest/src/Cafe.java,Cafe::findBeverage,30,29,Default task
2021-09-29T14:56:03.534+09:00,user,IdeState,Active,CafeTest.java,Editor,C:/Users/user/IdeaProjects/CafeTest/src/Cafe.java,Cafe::findBeverage,30,32,Default task
2021-09-29T14:56:04.537+09:00,user,IdeState,Active,CafeTest.java,Editor,C:/Users/user/IdeaProjects/CafeTest/src/Cafe.java,Cafe::findBeverage,31,12,Default task
2021-09-29T14:56:05.549+09:00,user,IdeState,Active,CafeTest.java,Editor,C:/Users/user/IdeaProjects/CafeTest/src/Cafe.java,Cafe::findBeverage,31,13,Default task
2021-09-29T14:56:06.557+09:00,user,IdeState,Active,CafeTest.java,Editor,C:/Users/user/IdeaProjects/CafeTest/src/Cafe.java,Cafe::findBeverage,31,14,Default task
2021-09-29T14:56:07.571+09:00,user,IdeState,Active,CafeTest.java,Editor,C:/Users/user/IdeaProjects/CafeTest/src/Cafe.java,Cafe::findBeverage,31,16,Default task
2021-09-29T14:56:08.587+09:00,user,IdeState,Active,CafeTest.java,Editor,C:/Users/user/IdeaProjects/CafeTest/src/Cafe.java,Cafe::findBeverage,31,20,Default task
2021-09-29T14:56:09.603+09:00,user,IdeState,Active,CafeTest.java,Editor,C:/Users/user/IdeaProjects/CafeTest/src/Cafe.java,Cafe::findBeverage,31,21,Default task
2021-09-29T14:56:10.605+09:00,user,IdeState,Active,CafeTest.java,Editor,C:/Users/user/IdeaProjects/CafeTest/src/Cafe.java,Cafe::findBeverage,31,25,Default task
2021-09-29T14:56:11.635+09:00,user,IdeState,Active,CafeTest.java,Editor,C:/Users/user/IdeaProjects/CafeTest/src/Cafe.java,Cafe::findBeverage,31,28,Default task
2021-09-29T14:56:12.643+09:00,user,IdeState,Active,CafeTest.java,Editor,C:/Users/user/IdeaProjects/CafeTest/src/Cafe.java,Cafe::findBeverage,31,28,Default task
2021-09-29T14:56:13.657+09:00,user,IdeState,Active,CafeTest.java,Editor,C:/Users/user/IdeaProjects/CafeTest/src/Cafe.java,Cafe::findBeverage,31,31,Default task
2021-09-29T14:56:14.671+09:00,user,IdeState,Active,CafeTest.java,Editor,C:/Users/user/IdeaProjects/CafeTest/src/Cafe.java,Cafe::findBeverage,31,37,Default task
2021-09-29T14:56:15.673+09:00,user,IdeState,Active,CafeTest.java,Editor,C:/Users/user/IdeaProjects/CafeTest/src/Cafe.java,Cafe::findBeverage,31,39,Default task
2021-09-29T14:56:16.676+09:00,user,IdeState,Active,CafeTest.java,Editor,C:/Users/user/IdeaProjects/CafeTest/src/Cafe.java,Cafe::findBeverage,31,40,Default task
2021-09-29T14:56:17.680+09:00,user,IdeState,Active,CafeTest.java,Editor,C:/Users/user/IdeaProjects/CafeTest/src/Cafe.java,Cafe::findBeverage,31,43,Default task
2021-09-29T14:56:18.686+09:00,user,IdeState,Active,CafeTest.java,Editor,C:/Users/user/IdeaProjects/CafeTest/src/Cafe.java,Cafe::findBeverage,31,45,Default task
2021-09-29T14:56:19.688+09:00,user,IdeState,Active,CafeTest.java,Editor,C:/Users/user/IdeaProjects/CafeTest/src/Cafe.java,Cafe::findBeverage,31,47,Default task
2021-09-29T14:56:20.702+09:00,user,IdeState,Active,CafeTest.java,Editor,C:/Users/user/IdeaProjects/CafeTest/src/Cafe.java,Cafe::findBeverage,31,51,Default task
2021-09-29T14:56:21.717+09:00,user,IdeState,Active,CafeTest.java,Editor,C:/Users/user/IdeaProjects/CafeTest/src/Cafe.java,Cafe::findBeverage,31,52,Default task
2021-09-29T14:56:22.733+09:00,user,IdeState,Active,CafeTest.java,Editor,C:/Users/user/IdeaProjects/CafeTest/src/Cafe.java,Cafe::findBeverage,31,53,Default task
2021-09-29T14:56:23.748+09:00,user,IdeState,Active,CafeTest.java,Editor,C:/Users/user/IdeaProjects/CafeTest/src/Cafe.java,Cafe::findBeverage,31,55,Default task
2021-09-29T14:56:24.762+09:00,user,IdeState,Active,CafeTest.java,Editor,C:/Users/user/IdeaProjects/CafeTest/src/Cafe.java,Cafe::findBeverage,31,57,Default task
2021-09-29T14:56:25.778+09:00,user,IdeState,Active,CafeTest.java,Editor,C:/Users/user/IdeaProjects/CafeTest/src/Cafe.java,Cafe::findBeverage,31,62,Default task
2021-09-29T14:56:26.780+09:00,user,IdeState,Active,CafeTest.java,Editor,C:/Users/user/IdeaProjects/CafeTest/src/Cafe.java,Cafe::findBeverage,31,63,Default task
2021-09-29T14:56:27.785+09:00,user,IdeState,Active,CafeTest.java,Editor,C:/Users/user/IdeaProjects/CafeTest/src/Cafe.java,Cafe::findBeverage,31,67,Default task
2021-09-29T14:56:28.804+09:00,user,IdeState,Active,CafeTest.java,Editor,C:/Users/user/IdeaProjects/CafeTest/src/Cafe.java,Cafe::findBeverage,31,69,Default task
2021-09-29T14:56:29.816+09:00,user,IdeState,Active,CafeTest.java,Editor,C:/Users/user/IdeaProjects/CafeTest/src/Cafe.java,Cafe::findBeverage,31,70,Default task
2021-09-29T14:56:30.822+09:00,user,IdeState,Active,CafeTest.java,Editor,C:/Users/user/IdeaProjects/CafeTest/src/Cafe.java,Cafe::findBeverage,31,73,Default task
2021-09-29T14:56:31.827+09:00,user,IdeState,Active,CafeTest.java,Editor,C:/Users/user/IdeaProjects/CafeTest/src/Cafe.java,Cafe::findBeverage,31,74,Default task
2021-09-29T14:56:32.842+09:00,user,IdeState,Active,CafeTest.java,Editor,C:/Users/user/IdeaProjects/CafeTest/src/Cafe.java,Cafe::findBeverage,31,75,Default task
2021-09-29T14:56:33.853+09:00,user,IdeState,Active,CafeTest.java,Editor,C:/Users/user/IdeaProjects/CafeTest/src/Cafe.java,Cafe::findBeverage,31,80,Default task
2021-09-29T14:56:34.856+09:00,user,IdeState,Active,CafeTest.java,Editor,C:/Users/user/IdeaProjects/CafeTest/src/Cafe.java,Cafe::findBeverage,31,83,Default task
2021-09-29T14:56:35.869+09:00,user,IdeState,Active,CafeTest.java,Editor,C:/Users/user/IdeaProjects/CafeTest/src/Cafe.java,Cafe::findBeverage,31,85,Default task
2021-09-29T14:56:36.884+09:00,user,IdeState,Active,CafeTest.java,Editor,C:/Users/user/IdeaProjects/CafeTest/src/Cafe.java,Cafe::findBeverage,31,86,Default task
2021-09-29T14:56:37.892+09:00,user,IdeState,Active,CafeTest.java,Editor,C:/Users/user/IdeaProjects/CafeTest/src/Cafe.java,Cafe::findBeverage,31,86,Default task
2021-09-29T14:56:38.894+09:00,user,IdeState,Active,CafeTest.java,Editor,C:/Users/user/IdeaProjects/CafeTest/src/Cafe.java,Cafe::findBeverage,31,88,Default task
2021-09-29T14:56:39.895+09:00,user,IdeState,Active,CafeTest.java,Editor,C:/Users/user/IdeaProjects/CafeTest/src/Cafe.java,Cafe::findBeverage,31,89,Default task
2021-09-29T14:56:40.908+09:00,user,IdeState,Active,CafeTest.java,Editor,C:/Users/user/IdeaProjects/CafeTest/src/Cafe.java,Cafe::findBeverage,31,91,Default task
2021-09-29T14:56:41.908+09:00,user,IdeState,Active,CafeTest.java,Editor,C:/Users/user/IdeaProjects/CafeTest/src/Cafe.java,Cafe::findBeverage,31,94,Default task
2021-09-29T14:56:42.912+09:00,user,IdeState,Active,CafeTest.java,Editor,C:/Users/user/IdeaProjects/CafeTest/src/Cafe.java,Cafe::findBeverage,31,95,Default task
2021-09-29T14:56:43.927+09:00,user,IdeState,Active,CafeTest.java,Editor,C:/Users/user/IdeaProjects/CafeTest/src/Cafe.java,Cafe::findBeverage,31,97,Default task
2021-09-29T14:56:44.941+09:00,user,IdeState,Active,CafeTest.java,Editor,C:/Users/user/IdeaProjects/CafeTest/src/Cafe.java,Cafe::findBeverage,32,16,Default task
2021-09-29T14:56:45.945+09:00,user,IdeState,Active,CafeTest.java,Editor,C:/Users/user/IdeaProjects/CafeTest/src/Cafe.java,Cafe::findBeverage,32,16,Default task
2021-09-29T14:56:46.961+09:00,user,IdeState,Active,CafeTest.java,Editor,C:/Users/user/IdeaProjects/CafeTest/src/Cafe.java,Cafe::findBeverage,32,18,Default task
2021-09-29T14:56:47.979+09:00,user,IdeState,Active,CafeTest.java,Editor,C:/Users/user/IdeaProjects/CafeTest/src/Cafe.java,Cafe::findBeverage,32,24,Default task
2021-09-29T14:56:48.991+09:00,user,IdeState,Active,CafeTest.java,Editor,C:/Users/user/IdeaProjects/CafeTest/src/Cafe.java,Cafe::findBeverage,32,28,Default task
2021-09-29T14:56:49.993+09:00,user,IdeState,Active,CafeTest.java,Editor,C:/Users/user/IdeaProjects/CafeTest/src/Cafe.java,Cafe::findBeverage,32,33,Default task
2021-09-29T14:56:50.997+09:00,user,IdeState,Active,CafeTest.java,Editor,C:/Users/user/IdeaProjects/CafeTest/src/Cafe.java,Cafe::findBeverage,32,36,Default task
2021-09-29T14:56:52.007+09:00,user,IdeState,Active,CafeTest.java,Editor,C:/Users/user/IdeaProjects/CafeTest/src/Cafe.java,Cafe::findBeverage,32,36,Default task
2021-09-29T14:56:53.020+09:00,user,IdeState,Active,CafeTest.java,Editor,C:/Users/user/IdeaProjects/CafeTest/src/Cafe.java,,35,5,Default task
2021-09-29T14:56:54.031+09:00,user,IdeState,Active,CafeTest.java,Editor,C:/Users/user/IdeaProjects/CafeTest/src/Cafe.java,Cafe::findBeverage,34,9,Default task
2021-09-29T14:56:55.033+09:00,user,IdeState,Active,CafeTest.java,Editor,C:/Users/user/IdeaProjects/CafeTest/src/Cafe.java,Cafe::findBeverage,35,15,Default task
2021-09-29T14:56:56.048+09:00,user,IdeState,Active,CafeTest.java,Editor,C:/Users/user/IdeaProjects/CafeTest/src/Cafe.java,Cafe::findBeverage,35,19,Default task
2021-09-29T14:56:57.052+09:00,user,IdeState,Active,CafeTest.java,Editor,C:/Users/user/IdeaProjects/CafeTest/src/Cafe.java,,36,5,Default task
2021-09-29T14:56:58.069+09:00,user,IdeState,Active,CafeTest.java,Editor,C:/Users/user/IdeaProjects/CafeTest/src/Cafe.java,,37,4,Default task
2021-09-29T14:56:59.078+09:00,user,IdeState,Active,CafeTest.java,Editor,C:/Users/user/IdeaProjects/CafeTest/src/Cafe.java,,37,4,Default task
2021-09-29T14:57:00.082+09:00,user,IdeState,Active,CafeTest.java,Editor,C:/Users/user/IdeaProjects/CafeTest/src/Cafe.java,,37,4,Default task
2021-09-29T14:57:01.088+09:00,user,IdeState,Active,CafeTest.java,Editor,C:/Users/user/IdeaProjects/CafeTest/src/Cafe.java,,37,11,Default task
2021-09-29T14:57:02.104+09:00,user,IdeState,Active,CafeTest.java,Editor,C:/Users/user/IdeaProjects/CafeTest/src/Cafe.java,,37,11,Default task
2021-09-29T14:57:03.112+09:00,user,IdeState,Active,CafeTest.java,Editor,C:/Users/user/IdeaProjects/CafeTest/src/Cafe.java,,37,18,Default task
2021-09-29T14:57:04.126+09:00,user,IdeState,Active,CafeTest.java,Editor,C:/Users/user/IdeaProjects/CafeTest/src/Cafe.java,,37,18,Default task
2021-09-29T14:57:05.139+09:00,user,IdeState,Active,CafeTest.java,Editor,C:/Users/user/IdeaProjects/CafeTest/src/Cafe.java,,37,21,Default task
2021-09-29T14:57:06.156+09:00,user,IdeState,Active,CafeTest.java,Editor,C:/Users/user/IdeaProjects/CafeTest/src/Cafe.java,,37,22,Default task
2021-09-29T14:57:07.159+09:00,user,IdeState,Active,CafeTest.java,Editor,C:/Users/user/IdeaProjects/CafeTest/src/Cafe.java,,37,25,Default task
2021-09-29T14:57:08.164+09:00,user,IdeState,Active,CafeTest.java,Editor,C:/Users/user/IdeaProjects/CafeTest/src/Cafe.java,,37,30,Default task
2021-09-29T14:57:09.177+09:00,user,IdeState,Active,CafeTest.java,Editor,C:/Users/user/IdeaProjects/CafeTest/src/Cafe.java,,37,30,Default task
2021-09-29T14:57:10.184+09:00,user,IdeState,Active,CafeTest.java,Editor,C:/Users/user/IdeaProjects/CafeTest/src/Cafe.java,Cafe::addBeverage,37,31,Default task
2021-09-29T14:57:11.189+09:00,user,IdeState,Active,CafeTest.java,Editor,C:/Users/user/IdeaProjects/CafeTest/src/Cafe.java,Cafe::addBeverage,37,32,Default task
2021-09-29T14:57:12.204+09:00,user,IdeState,Active,CafeTest.java,Editor,C:/Users/user/IdeaProjects/CafeTest/src/Cafe.java,Cafe::addBeverage,37,36,Default task
2021-09-29T14:57:13.212+09:00,user,IdeState,Active,CafeTest.java,Editor,C:/Users/user/IdeaProjects/CafeTest/src/Cafe.java,Cafe::addBeverage,37,39,Default task
2021-09-29T14:57:14.223+09:00,user,IdeState,Active,CafeTest.java,Editor,C:/Users/user/IdeaProjects/CafeTest/src/Cafe.java,,37,42,Default task
2021-09-29T14:57:15.226+09:00,user,IdeState,Active,CafeTest.java,Editor,C:/Users/user/IdeaProjects/CafeTest/src/Cafe.java,Cafe::addBeverage,38,8,Default task
2021-09-29T14:57:16.228+09:00,user,IdeState,Active,CafeTest.java,Editor,C:/Users/user/IdeaProjects/CafeTest/src/Cafe.java,Cafe::addBeverage,38,8,Default task
2021-09-29T14:57:17.233+09:00,user,IdeState,Active,CafeTest.java,Editor,C:/Users/user/IdeaProjects/CafeTest/src/Cafe.java,Cafe::addBeverage,38,10,Default task
2021-09-29T14:57:18.250+09:00,user,IdeState,Active,CafeTest.java,Editor,C:/Users/user/IdeaProjects/CafeTest/src/Cafe.java,Cafe::addBeverage,38,13,Default task
2021-09-29T14:57:19.261+09:00,user,IdeState,Active,CafeTest.java,Editor,C:/Users/user/IdeaProjects/CafeTest/src/Cafe.java,Cafe::addBeverage,38,17,Default task
2021-09-29T14:57:20.284+09:00,user,IdeState,Active,CafeTest.java,Editor,C:/Users/user/IdeaProjects/CafeTest/src/Cafe.java,Cafe::addBeverage,38,18,Default task
2021-09-29T14:57:21.298+09:00,user,IdeState,Active,CafeTest.java,Editor,C:/Users/user/IdeaProjects/CafeTest/src/Cafe.java,Cafe::addBeverage,38,20,Default task
2021-09-29T14:57:22.313+09:00,user,IdeState,Active,CafeTest.java,Editor,C:/Users/user/IdeaProjects/CafeTest/src/Cafe.java,Cafe::addBeverage,38,20,Default task
2021-09-29T14:57:23.335+09:00,user,IdeState,Active,CafeTest.java,Editor,C:/Users/user/IdeaProjects/CafeTest/src/Cafe.java,Cafe::addBeverage,38,23,Default task
2021-09-29T14:57:24.355+09:00,user,IdeState,Active,CafeTest.java,Editor,C:/Users/user/IdeaProjects/CafeTest/src/Cafe.java,Cafe::addBeverage,38,23,Default task
2021-09-29T14:57:25.359+09:00,user,IdeState,Active,CafeTest.java,Editor,C:/Users/user/IdeaProjects/CafeTest/src/Cafe.java,Cafe::addBeverage,38,24,Default task
2021-09-29T14:57:26.374+09:00,user,IdeState,Active,CafeTest.java,Editor,C:/Users/user/IdeaProjects/CafeTest/src/Cafe.java,Cafe::addBeverage,38,31,Default task
2021-09-29T14:57:27.388+09:00,user,IdeState,Active,CafeTest.java,Editor,C:/Users/user/IdeaProjects/CafeTest/src/Cafe.java,Cafe::addBeverage,38,31,Default task
2021-09-29T14:57:28.393+09:00,user,IdeState,Active,CafeTest.java,Editor,C:/Users/user/IdeaProjects/CafeTest/src/Cafe.java,Cafe::addBeverage,38,35,Default task
2021-09-29T14:57:29.395+09:00,user,IdeState,Active,CafeTest.java,Editor,C:/Users/user/IdeaProjects/CafeTest/src/Cafe.java,Cafe::addBeverage,38,35,Default task
2021-09-29T14:57:30.409+09:00,user,IdeState,Active,CafeTest.java,Editor,C:/Users/user/IdeaProjects/CafeTest/src/Cafe.java,Cafe::addBeverage,38,35,Default task
2021-09-29T14:57:31.414+09:00,user,IdeState,Active,CafeTest.java,Editor,C:/Users/user/IdeaProjects/CafeTest/src/Cafe.java,Cafe::addBeverage,38,37,Default task
2021-09-29T14:57:32.428+09:00,user,IdeState,Active,CafeTest.java,Editor,C:/Users/user/IdeaProjects/CafeTest/src/Cafe.java,Cafe::addBeverage,38,40,Default task
2021-09-29T14:57:33.443+09:00,user,IdeState,Active,CafeTest.java,Editor,C:/Users/user/IdeaProjects/CafeTest/src/Cafe.java,Cafe::addBeverage,38,41,Default task
2021-09-29T14:57:34.459+09:00,user,IdeState,Active,CafeTest.java,Editor,C:/Users/user/IdeaProjects/CafeTest/src/Cafe.java,,40,1,Default task
2021-09-29T14:57:35.473+09:00,user,IdeState,Active,CafeTest.java,Editor,C:/Users/user/IdeaProjects/CafeTest/src/Cafe.java,Cafe::addBeverage,38,41,Default task
2021-09-29T14:57:36.475+09:00,user,IdeState,Active,CafeTest.java,Editor,C:/Users/user/IdeaProjects/CafeTest/src/Cafe.java,Cafe::addBeverage,39,15,Default task
2021-09-29T14:57:37.484+09:00,user,IdeState,Active,CafeTest.java,Editor,C:/Users/user/IdeaProjects/CafeTest/src/Cafe.java,Cafe::addBeverage,39,17,Default task
2021-09-29T14:57:38.485+09:00,user,IdeState,Active,CafeTest.java,Editor,C:/Users/user/IdeaProjects/CafeTest/src/Cafe.java,Cafe::addBeverage,39,21,Default task
2021-09-29T14:57:39.500+09:00,user,IdeState,Active,CafeTest.java,Editor,C:/Users/user/IdeaProjects/CafeTest/src/Cafe.java,,40,5,Default task
2021-09-29T14:57:40.502+09:00,user,IdeState,Active,CafeTest.java,Editor,C:/Users/user/IdeaProjects/CafeTest/src/Cafe.java,,41,11,Default task
2021-09-29T14:57:41.514+09:00,user,IdeState,Active,CafeTest.java,Editor,C:/Users/user/IdeaProjects/CafeTest/src/Cafe.java,,41,11,Default task
2021-09-29T14:57:42.527+09:00,user,IdeState,Active,CafeTest.java,Editor,C:/Users/user/IdeaProjects/CafeTest/src/Cafe.java,,41,11,Default task
2021-09-29T14:57:43.542+09:00,user,IdeState,Active,CafeTest.java,Editor,C:/Users/user/IdeaProjects/CafeTest/src/Cafe.java,,41,18,Default task
2021-09-29T14:57:44.557+09:00,user,IdeState,Active,CafeTest.java,Editor,C:/Users/user/IdeaProjects/CafeTest/src/Cafe.java,,41,19,Default task
2021-09-29T14:57:45.561+09:00,user,IdeState,Active,CafeTest.java,Editor,C:/Users/user/IdeaProjects/CafeTest/src/Cafe.java,,41,21,Default task
2021-09-29T14:57:46.563+09:00,user,IdeState,Active,CafeTest.java,Editor,C:/Users/user/IdeaProjects/CafeTest/src/Cafe.java,,41,26,Default task
2021-09-29T14:57:47.577+09:00,user,IdeState,Active,CafeTest.java,Editor,C:/Users/user/IdeaProjects/CafeTest/src/Cafe.java,,41,29,Default task
2021-09-29T14:57:48.585+09:00,user,IdeState,Active,CafeTest.java,Editor,C:/Users/user/IdeaProjects/CafeTest/src/Cafe.java,,41,29,Default task
2021-09-29T14:57:49.590+09:00,user,IdeState,Active,CafeTest.java,Editor,C:/Users/user/IdeaProjects/CafeTest/src/Cafe.java,,41,36,Default task
2021-09-29T14:57:50.604+09:00,user,IdeState,Active,CafeTest.java,Editor,C:/Users/user/IdeaProjects/CafeTest/src/Cafe.java,Cafe::removeAllBeverage,41,37,Default task
2021-09-29T14:57:51.619+09:00,user,IdeState,Active,CafeTest.java,Editor,C:/Users/user/IdeaProjects/CafeTest/src/Cafe.java,,41,38,Default task
2021-09-29T14:57:52.625+09:00,user,IdeState,Active,CafeTest.java,Editor,C:/Users/user/IdeaProjects/CafeTest/src/Cafe.java,Cafe::removeAllBeverage,42,8,Default task
2021-09-29T14:57:53.640+09:00,user,IdeState,Active,CafeTest.java,Editor,C:/Users/user/IdeaProjects/CafeTest/src/Cafe.java,Cafe::removeAllBeverage,42,8,Default task
2021-09-29T14:57:54.656+09:00,user,IdeState,Active,CafeTest.java,Editor,C:/Users/user/IdeaProjects/CafeTest/src/Cafe.java,Cafe::removeAllBeverage,42,13,Default task
2021-09-29T14:57:55.660+09:00,user,IdeState,Active,CafeTest.java,Editor,C:/Users/user/IdeaProjects/CafeTest/src/Cafe.java,Cafe::removeAllBeverage,42,14,Default task
2021-09-29T14:57:56.664+09:00,user,IdeState,Active,CafeTest.java,Editor,C:/Users/user/IdeaProjects/CafeTest/src/Cafe.java,Cafe::removeAllBeverage,42,22,Default task
2021-09-29T14:57:57.680+09:00,user,IdeState,Active,CafeTest.java,Editor,C:/Users/user/IdeaProjects/CafeTest/src/Cafe.java,Cafe::removeAllBeverage,42,23,Default task
2021-09-29T14:57:58.695+09:00,user,IdeState,Active,CafeTest.java,Editor,C:/Users/user/IdeaProjects/CafeTest/src/Cafe.java,Cafe::removeAllBeverage,43,10,Default task
2021-09-29T14:57:59.697+09:00,user,IdeState,Active,CafeTest.java,Editor,C:/Users/user/IdeaProjects/CafeTest/src/Cafe.java,Cafe::removeAllBeverage,43,16,Default task
2021-09-29T14:58:00.711+09:00,user,IdeState,Active,CafeTest.java,Editor,C:/Users/user/IdeaProjects/CafeTest/src/Cafe.java,Cafe::removeAllBeverage,43,21,Default task
2021-09-29T14:58:01.715+09:00,user,IdeState,Active,CafeTest.java,Editor,C:/Users/user/IdeaProjects/CafeTest/src/Cafe.java,Cafe::removeAllBeverage,43,21,Default task
2021-09-29T14:58:02.716+09:00,user,IdeState,Active,CafeTest.java,Editor,C:/Users/user/IdeaProjects/CafeTest/src/Cafe.java,Cafe::removeAllBeverage,43,21,Default task
2021-09-29T14:58:03.729+09:00,user,IdeState,Active,CafeTest.java,Editor,C:/Users/user/IdeaProjects/CafeTest/src/Cafe.java,Cafe::removeAllBeverage,43,21,Default task
2021-09-29T14:58:04.739+09:00,user,IdeState,Active,CafeTest.java,Editor,C:/Users/user/IdeaProjects/CafeTest/src/Cafe.java,,1,26,Default task
2021-09-29T14:58:05.751+09:00,user,IdeState,Active,CafeTest.java,Editor,C:/Users/user/IdeaProjects/CafeTest/src/Cafe.java,,1,26,Default task
2021-09-29T14:58:06.764+09:00,user,IdeState,Active,CafeTest.java,Editor,C:/Users/user/IdeaProjects/CafeTest/src/Cafe.java,,1,26,Default task
2021-09-29T14:58:07.779+09:00,user,IdeState,Active,CafeTest.java,Editor,C:/Users/user/IdeaProjects/CafeTest/src/Beverage.java,,0,0,Default task
2021-09-29T14:58:08.782+09:00,user,IdeState,Active,CafeTest.java,Editor,C:/Users/user/IdeaProjects/CafeTest/src/Beverage.java,,0,0,Default task
2021-09-29T14:58:09.795+09:00,user,IdeState,Active,CafeTest.java,Editor,C:/Users/user/IdeaProjects/CafeTest/src/Beverage.java,,0,0,Default task
2021-09-29T14:58:10.808+09:00,user,IdeState,Inactive,,,,,-1,-1,
2021-09-29T14:58:11.824+09:00,user,IdeState,Inactive,,,,,-1,-1,
2021-09-29T14:58:12.839+09:00,user,IdeState,Active,CafeTest.java,Editor,C:/Users/user/IdeaProjects/CafeTest/src/Beverage.java,,0,0,Default task
2021-09-29T14:58:13.853+09:00,user,IdeState,Active,CafeTest.java,Editor,C:/Users/user/IdeaProjects/CafeTest/src/Beverage.java,,0,7,Default task
2021-09-29T14:58:14.867+09:00,user,IdeState,Active,CafeTest.java,Editor,C:/Users/user/IdeaProjects/CafeTest/src/Beverage.java,,0,12,Default task
2021-09-29T14:58:15.868+09:00,user,IdeState,Active,CafeTest.java,Editor,C:/Users/user/IdeaProjects/CafeTest/src/Beverage.java,,0,23,Default task
2021-09-29T14:58:16.869+09:00,user,IdeState,Active,CafeTest.java,Editor,C:/Users/user/IdeaProjects/CafeTest/src/Beverage.java,,0,23,Default task
2021-09-29T14:58:17.880+09:00,user,IdeState,Active,CafeTest.java,Editor,C:/Users/user/IdeaProjects/CafeTest/src/Beverage.java,,1,7,Default task
2021-09-29T14:58:18.885+09:00,user,IdeState,Active,CafeTest.java,Editor,C:/Users/user/IdeaProjects/CafeTest/src/Beverage.java,,1,12,Default task
2021-09-29T14:58:19.901+09:00,user,IdeState,Active,CafeTest.java,Editor,C:/Users/user/IdeaProjects/CafeTest/src/Beverage.java,,1,19,Default task
2021-09-29T14:58:20.903+09:00,user,IdeState,Active,CafeTest.java,Editor,C:/Users/user/IdeaProjects/CafeTest/src/Beverage.java,,1,23,Default task
2021-09-29T14:58:21.905+09:00,user,IdeState,Active,CafeTest.java,Editor,C:/Users/user/IdeaProjects/CafeTest/src/Beverage.java,,2,4,Default task
2021-09-29T14:58:22.920+09:00,user,IdeState,Active,CafeTest.java,Editor,C:/Users/user/IdeaProjects/CafeTest/src/Beverage.java,,2,5,Default task
2021-09-29T14:58:23.934+09:00,user,IdeState,Active,CafeTest.java,Editor,C:/Users/user/IdeaProjects/CafeTest/src/Beverage.java,,2,5,Default task
2021-09-29T14:58:24.948+09:00,user,IdeState,Active,CafeTest.java,Editor,C:/Users/user/IdeaProjects/CafeTest/src/Beverage.java,,2,12,Default task
2021-09-29T14:58:25.958+09:00,user,IdeState,Active,CafeTest.java,Editor,C:/Users/user/IdeaProjects/CafeTest/src/Beverage.java,,2,18,Default task
2021-09-29T14:58:26.963+09:00,user,IdeState,Active,CafeTest.java,Editor,C:/Users/user/IdeaProjects/CafeTest/src/Beverage.java,,2,23,Default task
2021-09-29T14:58:27.968+09:00,user,IdeState,Active,CafeTest.java,Editor,C:/Users/user/IdeaProjects/CafeTest/src/Beverage.java,,2,24,Default task
2021-09-29T14:58:28.982+09:00,user,IdeState,Active,CafeTest.java,Editor,C:/Users/user/IdeaProjects/CafeTest/src/Beverage.java,,4,4,Default task
2021-09-29T14:58:29.997+09:00,user,IdeState,Active,CafeTest.java,Editor,C:/Users/user/IdeaProjects/CafeTest/src/Beverage.java,,4,11,Default task
2021-09-29T14:58:31.011+09:00,user,IdeState,Active,CafeTest.java,Editor,C:/Users/user/IdeaProjects/CafeTest/src/Beverage.java,,4,12,Default task
2021-09-29T14:58:32.013+09:00,user,IdeState,Active,CafeTest.java,Editor,C:/Users/user/IdeaProjects/CafeTest/src/Beverage.java,,4,18,Default task
2021-09-29T14:58:33.024+09:00,user,IdeState,Active,CafeTest.java,Editor,C:/Users/user/IdeaProjects/CafeTest/src/Beverage.java,,4,21,Default task
2021-09-29T14:58:34.038+09:00,user,IdeState,Active,CafeTest.java,Editor,C:/Users/user/IdeaProjects/CafeTest/src/Beverage.java,,4,21,Default task
2021-09-29T14:58:35.041+09:00,user,IdeState,Active,CafeTest.java,Editor,C:/Users/user/IdeaProjects/CafeTest/src/Beverage.java,,4,23,Default task
2021-09-29T14:58:36.055+09:00,user,IdeState,Active,CafeTest.java,Editor,C:/Users/user/IdeaProjects/CafeTest/src/Beverage.java,,4,28,Default task
2021-09-29T14:58:37.060+09:00,user,IdeState,Active,CafeTest.java,Editor,C:/Users/user/IdeaProjects/CafeTest/src/Beverage.java,,4,29,Default task
2021-09-29T14:58:38.062+09:00,user,IdeState,Active,CafeTest.java,Editor,C:/Users/user/IdeaProjects/CafeTest/src/Beverage.java,,4,32,Default task
2021-09-29T14:58:39.068+09:00,user,IdeState,Active,CafeTest.java,Editor,C:/Users/user/IdeaProjects/CafeTest/src/Beverage.java,,4,33,Default task
2021-09-29T14:58:40.074+09:00,user,IdeState,Active,CafeTest.java,Editor,C:/Users/user/IdeaProjects/CafeTest/src/Beverage.java,,4,35,Default task
2021-09-29T14:58:41.089+09:00,user,IdeState,Active,CafeTest.java,Editor,C:/Users/user/IdeaProjects/CafeTest/src/Beverage.java,Beverage::getBeverageName,5,8,Default task
2021-09-29T14:58:42.105+09:00,user,IdeState,Active,CafeTest.java,Editor,C:/Users/user/IdeaProjects/CafeTest/src/Beverage.java,Beverage::getBeverageName,5,10,Default task
2021-09-29T14:58:43.120+09:00,user,IdeState,Active,CafeTest.java,Editor,C:/Users/user/IdeaProjects/CafeTest/src/Beverage.java,Beverage::getBeverageName,5,17,Default task
2021-09-29T14:58:44.125+09:00,user,IdeState,Active,CafeTest.java,Editor,C:/Users/user/IdeaProjects/CafeTest/src/Beverage.java,Beverage::getBeverageName,5,20,Default task
2021-09-29T14:58:45.138+09:00,user,IdeState,Active,CafeTest.java,Editor,C:/Users/user/IdeaProjects/CafeTest/src/Beverage.java,,6,5,Default task
2021-09-29T14:58:46.139+09:00,user,IdeState,Active,CafeTest.java,Editor,C:/Users/user/IdeaProjects/CafeTest/src/Beverage.java,,7,6,Default task
2021-09-29T14:58:47.143+09:00,user,IdeState,Active,CafeTest.java,Editor,C:/Users/user/IdeaProjects/CafeTest/src/Beverage.java,,7,12,Default task
2021-09-29T14:58:48.144+09:00,user,IdeState,Active,CafeTest.java,Editor,C:/Users/user/IdeaProjects/CafeTest/src/Beverage.java,,7,17,Default task
2021-09-29T14:58:49.170+09:00,user,IdeState,Active,CafeTest.java,Editor,C:/Users/user/IdeaProjects/CafeTest/src/Beverage.java,,7,22,Default task
2021-09-29T14:58:50.185+09:00,user,IdeState,Active,CafeTest.java,Editor,C:/Users/user/IdeaProjects/CafeTest/src/Beverage.java,,7,28,Default task
2021-09-29T14:58:51.198+09:00,user,IdeState,Active,CafeTest.java,Editor,C:/Users/user/IdeaProjects/CafeTest/src/Beverage.java,,7,29,Default task
2021-09-29T14:58:52.199+09:00,user,IdeState,Active,CafeTest.java,Editor,C:/Users/user/IdeaProjects/CafeTest/src/Beverage.java,,7,33,Default task
2021-09-29T14:58:53.208+09:00,user,IdeState,Active,CafeTest.java,Editor,C:/Users/user/IdeaProjects/CafeTest/src/Beverage.java,Beverage::getBeverageType,7,34,Default task
2021-09-29T14:58:54.223+09:00,user,IdeState,Active,CafeTest.java,Editor,C:/Users/user/IdeaProjects/CafeTest/src/Beverage.java,Beverage::getBeverageType,8,8,Default task
2021-09-29T14:58:55.228+09:00,user,IdeState,Active,CafeTest.java,Editor,C:/Users/user/IdeaProjects/CafeTest/src/Beverage.java,Beverage::getBeverageType,8,10,Default task
2021-09-29T14:58:56.230+09:00,user,IdeState,Active,CafeTest.java,Editor,C:/Users/user/IdeaProjects/CafeTest/src/Beverage.java,Beverage::getBeverageType,8,17,Default task
2021-09-29T14:58:57.231+09:00,user,IdeState,Active,CafeTest.java,Editor,C:/Users/user/IdeaProjects/CafeTest/src/Beverage.java,Beverage::getBeverageType,8,20,Default task
2021-09-29T14:58:58.244+09:00,user,IdeState,Active,CafeTest.java,Editor,C:/Users/user/IdeaProjects/CafeTest/src/Beverage.java,,10,4,Default task
2021-09-29T14:58:59.252+09:00,user,IdeState,Active,CafeTest.java,Editor,C:/Users/user/IdeaProjects/CafeTest/src/Beverage.java,,10,11,Default task
2021-09-29T14:59:00.262+09:00,user,IdeState,Active,CafeTest.java,Editor,C:/Users/user/IdeaProjects/CafeTest/src/Beverage.java,,10,12,Default task
2021-09-29T14:59:01.264+09:00,user,IdeState,Active,CafeTest.java,Editor,C:/Users/user/IdeaProjects/CafeTest/src/Beverage.java,,10,20,Default task
2021-09-29T14:59:02.277+09:00,user,IdeState,Active,CafeTest.java,Editor,C:/Users/user/IdeaProjects/CafeTest/src/Beverage.java,,10,22,Default task
2021-09-29T14:59:03.291+09:00,user,IdeState,Active,CafeTest.java,Editor,C:/Users/user/IdeaProjects/CafeTest/src/Beverage.java,,10,26,Default task
2021-09-29T14:59:04.294+09:00,user,IdeState,Active,CafeTest.java,Editor,C:/Users/user/IdeaProjects/CafeTest/src/Beverage.java,,10,28,Default task
2021-09-29T14:59:05.308+09:00,user,IdeState,Active,CafeTest.java,Editor,C:/Users/user/IdeaProjects/CafeTest/src/Beverage.java,Beverage::toString,11,8,Default task
2021-09-29T14:59:06.309+09:00,user,IdeState,Active,CafeTest.java,Editor,C:/Users/user/IdeaProjects/CafeTest/src/Beverage.java,Beverage::toString,11,8,Default task
2021-09-29T14:59:07.322+09:00,user,IdeState,Active,CafeTest.java,Editor,C:/Users/user/IdeaProjects/CafeTest/src/Beverage.java,Beverage::toString,11,15,Default task
2021-09-29T14:59:08.334+09:00,user,IdeState,Active,CafeTest.java,Editor,C:/Users/user/IdeaProjects/CafeTest/src/Beverage.java,Beverage::toString,11,16,Default task
2021-09-29T14:59:09.349+09:00,user,IdeState,Active,CafeTest.java,Editor,C:/Users/user/IdeaProjects/CafeTest/src/Beverage.java,Beverage::toString,11,17,Default task
2021-09-29T14:59:10.351+09:00,user,IdeState,Active,CafeTest.java,Editor,C:/Users/user/IdeaProjects/CafeTest/src/Beverage.java,Beverage::toString,11,18,Default task
2021-09-29T14:59:11.353+09:00,user,IdeState,Active,CafeTest.java,Editor,C:/Users/user/IdeaProjects/CafeTest/src/Beverage.java,Beverage::toString,11,19,Default task
2021-09-29T14:59:12.355+09:00,user,IdeState,Active,CafeTest.java,Editor,C:/Users/user/IdeaProjects/CafeTest/src/Beverage.java,Beverage::toString,11,23,Default task
2021-09-29T14:59:13.370+09:00,user,IdeState,Active,CafeTest.java,Editor,C:/Users/user/IdeaProjects/CafeTest/src/Beverage.java,Beverage::toString,11,24,Default task
2021-09-29T14:59:14.373+09:00,user,IdeState,Active,CafeTest.java,Editor,C:/Users/user/IdeaProjects/CafeTest/src/Beverage.java,Beverage::toString,11,28,Default task
2021-09-29T14:59:15.378+09:00,user,IdeState,Active,CafeTest.java,Editor,C:/Users/user/IdeaProjects/CafeTest/src/Beverage.java,Beverage::toString,11,28,Default task
2021-09-29T14:59:16.384+09:00,user,IdeState,Active,CafeTest.java,Editor,C:/Users/user/IdeaProjects/CafeTest/src/Beverage.java,Beverage::toString,11,29,Default task
2021-09-29T14:59:17.386+09:00,user,IdeState,Active,CafeTest.java,Editor,C:/Users/user/IdeaProjects/CafeTest/src/Beverage.java,Beverage::toString,11,30,Default task
2021-09-29T14:59:18.403+09:00,user,IdeState,Active,CafeTest.java,Editor,C:/Users/user/IdeaProjects/CafeTest/src/Beverage.java,Beverage::toString,11,30,Default task
2021-09-29T14:59:19.415+09:00,user,IdeState,Active,CafeTest.java,Editor,C:/Users/user/IdeaProjects/CafeTest/src/Beverage.java,Beverage::toString,11,32,Default task
2021-09-29T14:59:20.417+09:00,user,IdeState,Active,CafeTest.java,Editor,C:/Users/user/IdeaProjects/CafeTest/src/Beverage.java,Beverage::toString,11,33,Default task
2021-09-29T14:59:21.421+09:00,user,IdeState,Active,CafeTest.java,Editor,C:/Users/user/IdeaProjects/CafeTest/src/Beverage.java,Beverage::toString,11,35,Default task
2021-09-29T14:59:22.430+09:00,user,IdeState,Active,CafeTest.java,Editor,C:/Users/user/IdeaProjects/CafeTest/src/Beverage.java,Beverage::toString,11,38,Default task
2021-09-29T14:59:23.432+09:00,user,IdeState,Active,CafeTest.java,Editor,C:/Users/user/IdeaProjects/CafeTest/src/Beverage.java,Beverage::toString,11,39,Default task
2021-09-29T14:59:24.444+09:00,user,IdeState,Active,CafeTest.java,Editor,C:/Users/user/IdeaProjects/CafeTest/src/Beverage.java,Beverage::toString,11,39,Default task
2021-09-29T14:59:25.460+09:00,user,IdeState,Active,CafeTest.java,Editor,C:/Users/user/IdeaProjects/CafeTest/src/Beverage.java,Beverage::toString,11,43,Default task
2021-09-29T14:59:26.476+09:00,user,IdeState,Active,CafeTest.java,Editor,C:/Users/user/IdeaProjects/CafeTest/src/Beverage.java,Beverage::toString,11,44,Default task
2021-09-29T14:59:27.481+09:00,user,IdeState,Active,CafeTest.java,Editor,C:/Users/user/IdeaProjects/CafeTest/src/Beverage.java,Beverage::toString,11,45,Default task
2021-09-29T14:59:28.497+09:00,user,IdeState,Active,CafeTest.java,Editor,C:/Users/user/IdeaProjects/CafeTest/src/Beverage.java,Beverage::toString,11,45,Default task
2021-09-29T14:59:29.511+09:00,user,IdeState,Active,CafeTest.java,Editor,C:/Users/user/IdeaProjects/CafeTest/src/Beverage.java,Beverage::toString,11,46,Default task
2021-09-29T14:59:30.513+09:00,user,IdeState,Active,CafeTest.java,Editor,C:/Users/user/IdeaProjects/CafeTest/src/Beverage.java,Beverage::toString,11,46,Default task
2021-09-29T14:59:31.520+09:00,user,IdeState,Active,CafeTest.java,Editor,C:/Users/user/IdeaProjects/CafeTest/src/Beverage.java,Beverage::toString,11,46,Default task
2021-09-29T14:59:32.536+09:00,user,IdeState,Active,CafeTest.java,Editor,C:/Users/user/IdeaProjects/CafeTest/src/Beverage.java,Beverage::toString,11,46,Default task
2021-09-29T14:59:33.541+09:00,user,IdeState,Active,CafeTest.java,Editor,C:/Users/user/IdeaProjects/CafeTest/src/Beverage.java,Beverage::toString,11,48,Default task
2021-09-29T14:59:34.546+09:00,user,IdeState,Active,CafeTest.java,Editor,C:/Users/user/IdeaProjects/CafeTest/src/Beverage.java,Beverage::toString,11,48,Default task
2021-09-29T14:59:35.549+09:00,user,IdeState,Active,CafeTest.java,Editor,C:/Users/user/IdeaProjects/CafeTest/src/Beverage.java,,13,6,Default task
2021-09-29T14:59:36.562+09:00,user,IdeState,Active,CafeTest.java,Editor,C:/Users/user/IdeaProjects/CafeTest/src/Beverage.java,,13,11,Default task
2021-09-29T14:59:37.576+09:00,user,IdeState,Active,CafeTest.java,Editor,C:/Users/user/IdeaProjects/CafeTest/src/Beverage.java,,13,14,Default task
2021-09-29T14:59:38.577+09:00,user,IdeState,Active,CafeTest.java,Editor,C:/Users/user/IdeaProjects/CafeTest/src/Beverage.java,,13,15,Default task
2021-09-29T14:59:39.584+09:00,user,IdeState,Active,CafeTest.java,Editor,C:/Users/user/IdeaProjects/CafeTest/src/Beverage.java,,13,17,Default task
2021-09-29T14:59:40.584+09:00,user,IdeState,Active,CafeTest.java,Editor,C:/Users/user/IdeaProjects/CafeTest/src/Beverage.java,,13,19,Default task
2021-09-29T14:59:41.599+09:00,user,IdeState,Active,CafeTest.java,Editor,C:/Users/user/IdeaProjects/CafeTest/src/Beverage.java,,13,21,Default task
2021-09-29T14:59:42.611+09:00,user,IdeState,Active,CafeTest.java,Editor,C:/Users/user/IdeaProjects/CafeTest/src/Beverage.java,,13,22,Default task
2021-09-29T14:59:43.615+09:00,user,IdeState,Active,CafeTest.java,Editor,C:/Users/user/IdeaProjects/CafeTest/src/Beverage.java,,13,23,Default task
2021-09-29T14:59:44.616+09:00,user,IdeState,Active,CafeTest.java,Editor,C:/Users/user/IdeaProjects/CafeTest/src/Beverage.java,Beverage::hashCode,13,24,Default task
2021-09-29T14:59:45.618+09:00,user,IdeState,Active,CafeTest.java,Editor,C:/Users/user/IdeaProjects/CafeTest/src/Beverage.java,Beverage::hashCode,14,8,Default task
2021-09-29T14:59:46.628+09:00,user,IdeState,Active,CafeTest.java,Editor,C:/Users/user/IdeaProjects/CafeTest/src/Beverage.java,Beverage::hashCode,14,10,Default task
2021-09-29T14:59:47.642+09:00,user,IdeState,Active,CafeTest.java,Editor,C:/Users/user/IdeaProjects/CafeTest/src/Beverage.java,Beverage::hashCode,14,15,Default task
2021-09-29T14:59:48.648+09:00,user,IdeState,Active,CafeTest.java,Editor,C:/Users/user/IdeaProjects/CafeTest/src/Beverage.java,Beverage::hashCode,14,21,Default task
2021-09-29T14:59:49.650+09:00,user,IdeState,Active,CafeTest.java,Editor,C:/Users/user/IdeaProjects/CafeTest/src/Beverage.java,Beverage::hashCode,14,23,Default task
2021-09-29T14:59:50.653+09:00,user,IdeState,Active,CafeTest.java,Editor,C:/Users/user/IdeaProjects/CafeTest/src/Beverage.java,Beverage::hashCode,16,28,Default task
2021-09-29T14:59:51.669+09:00,user,IdeState,Active,CafeTest.java,Editor,C:/Users/user/IdeaProjects/CafeTest/src/Beverage.java,Beverage::hashCode,16,30,Default task
2021-09-29T14:59:52.683+09:00,user,IdeState,Active,CafeTest.java,Editor,C:/Users/user/IdeaProjects/CafeTest/src/Beverage.java,,18,4,Default task
2021-09-29T14:59:53.698+09:00,user,IdeState,Active,CafeTest.java,Editor,C:/Users/user/IdeaProjects/CafeTest/src/Beverage.java,,18,11,Default task
2021-09-29T14:59:54.729+09:00,user,IdeState,Active,CafeTest.java,Editor,C:/Users/user/IdeaProjects/CafeTest/src/Beverage.java,,18,12,Default task
2021-09-29T14:59:55.741+09:00,user,IdeState,Active,CafeTest.java,Editor,C:/Users/user/IdeaProjects/CafeTest/src/Beverage.java,,18,19,Default task
2021-09-29T14:59:56.743+09:00,user,IdeState,Active,CafeTest.java,Editor,C:/Users/user/IdeaProjects/CafeTest/src/Beverage.java,,18,19,Default task
2021-09-29T14:59:57.745+09:00,user,IdeState,Active,CafeTest.java,Editor,C:/Users/user/IdeaProjects/CafeTest/src/Beverage.java,Beverage::Beverage,18,21,Default task
2021-09-29T14:59:58.749+09:00,user,IdeState,Active,CafeTest.java,Editor,C:/Users/user/IdeaProjects/CafeTest/src/Beverage.java,Beverage::Beverage,18,26,Default task
2021-09-29T14:59:59.753+09:00,user,IdeState,Active,CafeTest.java,Editor,C:/Users/user/IdeaProjects/CafeTest/src/Beverage.java,Beverage::Beverage,18,26,Default task
2021-09-29T15:00:00.765+09:00,user,IdeState,Active,CafeTest.java,Editor,C:/Users/user/IdeaProjects/CafeTest/src/Beverage.java,Beverage::Beverage,18,27,Default task
2021-09-29T15:00:01.766+09:00,user,IdeState,Active,CafeTest.java,Editor,C:/Users/user/IdeaProjects/CafeTest/src/Beverage.java,Beverage::Beverage,18,30,Default task
2021-09-29T15:00:02.769+09:00,user,IdeState,Active,CafeTest.java,Editor,C:/Users/user/IdeaProjects/CafeTest/src/Beverage.java,Beverage::Beverage,18,36,Default task
2021-09-29T15:00:03.784+09:00,user,IdeState,Active,CafeTest.java,Editor,C:/Users/user/IdeaProjects/CafeTest/src/Beverage.java,Beverage::Beverage,18,38,Default task
2021-09-29T15:00:04.798+09:00,user,IdeState,Active,CafeTest.java,Editor,C:/Users/user/IdeaProjects/CafeTest/src/Beverage.java,Beverage::Beverage,19,8,Default task
2021-09-29T15:00:05.811+09:00,user,IdeState,Active,CafeTest.java,Editor,C:/Users/user/IdeaProjects/CafeTest/src/Beverage.java,Beverage::Beverage,19,8,Default task
2021-09-29T15:00:06.827+09:00,user,IdeState,Active,CafeTest.java,Editor,C:/Users/user/IdeaProjects/CafeTest/src/Beverage.java,Beverage::Beverage,19,12,Default task
2021-09-29T15:00:07.841+09:00,user,IdeState,Active,CafeTest.java,Editor,C:/Users/user/IdeaProjects/CafeTest/src/Beverage.java,Beverage::Beverage,19,17,Default task
2021-09-29T15:00:08.844+09:00,user,IdeState,Active,CafeTest.java,Editor,C:/Users/user/IdeaProjects/CafeTest/src/Beverage.java,Beverage::Beverage,20,10,Default task
2021-09-29T15:00:09.846+09:00,user,IdeState,Active,CafeTest.java,Editor,C:/Users/user/IdeaProjects/CafeTest/src/Beverage.java,Beverage::Beverage,20,13,Default task
2021-09-29T15:00:10.849+09:00,user,IdeState,Active,CafeTest.java,Editor,C:/Users/user/IdeaProjects/CafeTest/src/Beverage.java,Beverage::Beverage,20,15,Default task
2021-09-29T15:00:11.863+09:00,user,IdeState,Active,CafeTest.java,Editor,C:/Users/user/IdeaProjects/CafeTest/src/Beverage.java,Beverage::Beverage,20,17,Default task
2021-09-29T15:00:12.865+09:00,user,IdeState,Active,CafeTest.java,Editor,C:/Users/user/IdeaProjects/CafeTest/src/Beverage.java,Beverage::Beverage,20,20,Default task
2021-09-29T15:00:13.878+09:00,user,IdeState,Active,CafeTest.java,Editor,C:/Users/user/IdeaProjects/CafeTest/src/Beverage.java,Beverage::Beverage,20,21,Default task
2021-09-29T15:00:14.882+09:00,user,IdeState,Active,CafeTest.java,Editor,C:/Users/user/IdeaProjects/CafeTest/src/Beverage.java,Beverage::Beverage,19,17,Default task
2021-09-29T15:00:15.888+09:00,user,IdeState,Active,CafeTest.java,Editor,C:/Users/user/IdeaProjects/CafeTest/src/Beverage.java,Beverage::Beverage,19,19,Default task
2021-09-29T15:00:16.901+09:00,user,IdeState,Active,CafeTest.java,Editor,C:/Users/user/IdeaProjects/CafeTest/src/Beverage.java,Beverage::Beverage,19,21,Default task
2021-09-29T15:00:17.916+09:00,user,IdeState,Active,CafeTest.java,Editor,C:/Users/user/IdeaProjects/CafeTest/src/Beverage.java,Beverage::toString,12,29,Default task
2021-09-29T15:00:18.930+09:00,user,IdeState,Active,CafeTest.java,Editor,C:/Users/user/IdeaProjects/CafeTest/src/Beverage.java,,21,5,Default task
2021-09-29T15:00:19.944+09:00,user,IdeState,Active,CafeTest.java,Editor,C:/Users/user/IdeaProjects/CafeTest/src/Beverage.java,Beverage::getBeverageName,6,36,Default task
2021-09-29T15:00:20.957+09:00,user,IdeState,Active,CafeTest.java,Popup,C:/Users/user/IdeaProjects/CafeTest/src/Cafe.java,,1,26,Default task
2021-09-29T15:00:21.961+09:00,user,IdeState,Active,CafeTest.java,Editor,C:/Users/user/IdeaProjects/CafeTest/src/Cafe.java,,1,26,Default task
2021-09-29T15:00:22.965+09:00,user,IdeState,Active,CafeTest.java,Editor,C:/Users/user/IdeaProjects/CafeTest/src/Cafe.java,,1,26,Default task
2021-09-29T15:00:23.980+09:00,user,IdeState,Active,CafeTest.java,Editor,C:/Users/user/IdeaProjects/CafeTest/src/Cafe.java,,1,26,Default task
2021-09-29T15:00:24.991+09:00,user,IdeState,Active,CafeTest.java,Editor,C:/Users/user/IdeaProjects/CafeTest/src/Cafe.java,,3,0,Default task
2021-09-29T15:00:25.993+09:00,user,IdeState,Active,CafeTest.java,Editor,C:/Users/user/IdeaProjects/CafeTest/src/Cafe.java,,3,0,Default task
2021-09-29T15:00:27.008+09:00,user,IdeState,Active,CafeTest.java,Editor,C:/Users/user/IdeaProjects/CafeTest/src/Cafe.java,,3,0,Default task
2021-09-29T15:00:28.018+09:00,user,IdeState,Active,CafeTest.java,Editor,C:/Users/user/IdeaProjects/CafeTest/src/Cafe.java,,3,0,Default task
2021-09-29T15:00:29.028+09:00,user,IdeState,Active,CafeTest.java,Editor,C:/Users/user/IdeaProjects/CafeTest/src/Cafe.java,,3,0,Default task
2021-09-29T15:00:30.041+09:00,user,IdeState,Active,CafeTest.java,Editor,C:/Users/user/IdeaProjects/CafeTest/src/Cafe.java,,3,0,Default task
2021-09-29T15:00:31.046+09:00,user,IdeState,Active,CafeTest.java,Editor,C:/Users/user/IdeaProjects/CafeTest/src/Cafe.java,,3,0,Default task
2021-09-29T15:00:32.047+09:00,user,IdeState,Active,CafeTest.java,Editor,C:/Users/user/IdeaProjects/CafeTest/src/Cafe.java,,3,0,Default task
2021-09-29T15:00:33.062+09:00,user,IdeState,Active,CafeTest.java,Editor,C:/Users/user/IdeaProjects/CafeTest/src/Cafe.java,,3,0,Default task
2021-09-29T15:00:34.065+09:00,user,IdeState,Active,CafeTest.java,Editor,C:/Users/user/IdeaProjects/CafeTest/src/Cafe.java,,3,0,Default task
2021-09-29T15:00:35.069+09:00,user,IdeState,Active,CafeTest.java,Editor,C:/Users/user/IdeaProjects/CafeTest/src/Cafe.java,,3,0,Default task
2021-09-29T15:00:36.074+09:00,user,IdeState,Active,CafeTest.java,Editor,C:/Users/user/IdeaProjects/CafeTest/src/Cafe.java,,3,0,Default task
2021-09-29T15:00:37.076+09:00,user,IdeState,Active,CafeTest.java,Editor,C:/Users/user/IdeaProjects/CafeTest/src/Cafe.java,,3,0,Default task
2021-09-29T15:00:38.091+09:00,user,IdeState,Active,CafeTest.java,Editor,C:/Users/user/IdeaProjects/CafeTest/src/Cafe.java,,3,0,Default task
2021-09-29T15:00:39.105+09:00,user,IdeState,Active,CafeTest.java,Editor,C:/Users/user/IdeaProjects/CafeTest/src/Cafe.java,,3,0,Default task
2021-09-29T15:00:40.109+09:00,user,IdeState,Active,CafeTest.java,Editor,C:/Users/user/IdeaProjects/CafeTest/src/Cafe.java,,3,0,Default task
2021-09-29T15:00:41.112+09:00,user,IdeState,Active,CafeTest.java,Editor,C:/Users/user/IdeaProjects/CafeTest/src/Cafe.java,,3,0,Default task
2021-09-29T15:00:42.126+09:00,user,IdeState,Active,CafeTest.java,Editor,C:/Users/user/IdeaProjects/CafeTest/src/Cafe.java,,3,0,Default task
2021-09-29T15:00:43.138+09:00,user,IdeState,Active,CafeTest.java,Editor,C:/Users/user/IdeaProjects/CafeTest/src/Cafe.java,,3,0,Default task
2021-09-29T15:00:44.153+09:00,user,IdeState,Active,CafeTest.java,Editor,C:/Users/user/IdeaProjects/CafeTest/src/Cafe.java,,3,0,Default task
2021-09-29T15:00:45.169+09:00,user,IdeState,Active,CafeTest.java,Editor,C:/Users/user/IdeaProjects/CafeTest/src/Cafe.java,,3,0,Default task
2021-09-29T15:00:46.172+09:00,user,IdeState,Active,CafeTest.java,Editor,C:/Users/user/IdeaProjects/CafeTest/src/Cafe.java,,3,0,Default task
2021-09-29T15:00:47.188+09:00,user,IdeState,Active,CafeTest.java,Editor,C:/Users/user/IdeaProjects/CafeTest/src/Cafe.java,,3,0,Default task
2021-09-29T15:00:48.189+09:00,user,IdeState,Active,CafeTest.java,Editor,C:/Users/user/IdeaProjects/CafeTest/src/Cafe.java,,3,0,Default task
2021-09-29T15:00:49.202+09:00,user,IdeState,Active,CafeTest.java,Editor,C:/Users/user/IdeaProjects/CafeTest/src/Cafe.java,,3,0,Default task
2021-09-29T15:00:50.213+09:00,user,IdeState,Active,CafeTest.java,Editor,C:/Users/user/IdeaProjects/CafeTest/src/Cafe.java,,3,0,Default task
2021-09-29T15:00:51.216+09:00,user,IdeState,Active,CafeTest.java,Editor,C:/Users/user/IdeaProjects/CafeTest/src/Cafe.java,,3,0,Default task
2021-09-29T15:00:52.220+09:00,user,IdeState,Active,CafeTest.java,Editor,C:/Users/user/IdeaProjects/CafeTest/src/Cafe.java,,3,0,Default task
2021-09-29T15:00:53.231+09:00,user,IdeState,Active,CafeTest.java,Editor,C:/Users/user/IdeaProjects/CafeTest/src/Cafe.java,,3,0,Default task
2021-09-29T15:00:54.235+09:00,user,IdeState,Active,CafeTest.java,Editor,C:/Users/user/IdeaProjects/CafeTest/src/Cafe.java,,3,0,Default task
2021-09-29T15:00:55.249+09:00,user,IdeState,Active,CafeTest.java,Editor,C:/Users/user/IdeaProjects/CafeTest/src/Cafe.java,,3,0,Default task
2021-09-29T15:00:56.264+09:00,user,IdeState,Active,CafeTest.java,Editor,C:/Users/user/IdeaProjects/CafeTest/src/Cafe.java,,3,0,Default task
2021-09-29T15:00:57.269+09:00,user,IdeState,Active,CafeTest.java,Editor,C:/Users/user/IdeaProjects/CafeTest/src/Cafe.java,,3,0,Default task
2021-09-29T15:00:58.283+09:00,user,IdeState,Active,CafeTest.java,Editor,C:/Users/user/IdeaProjects/CafeTest/src/Cafe.java,,3,0,Default task
2021-09-29T15:00:59.284+09:00,user,IdeState,Active,CafeTest.java,Editor,C:/Users/user/IdeaProjects/CafeTest/src/Cafe.java,,3,0,Default task
2021-09-29T15:01:00.288+09:00,user,IdeState,Active,CafeTest.java,Editor,C:/Users/user/IdeaProjects/CafeTest/src/Cafe.java,,3,0,Default task
2021-09-29T15:01:01.292+09:00,user,IdeState,Active,CafeTest.java,Editor,C:/Users/user/IdeaProjects/CafeTest/src/Cafe.java,,3,0,Default task
2021-09-29T15:01:02.306+09:00,user,IdeState,Active,CafeTest.java,Editor,C:/Users/user/IdeaProjects/CafeTest/src/Cafe.java,,3,0,Default task
2021-09-29T15:01:03.310+09:00,user,IdeState,Active,CafeTest.java,Editor,C:/Users/user/IdeaProjects/CafeTest/src/Cafe.java,,3,0,Default task
2021-09-29T15:01:04.311+09:00,user,IdeState,Active,CafeTest.java,Editor,C:/Users/user/IdeaProjects/CafeTest/src/Cafe.java,,3,0,Default task
2021-09-29T15:01:05.328+09:00,user,IdeState,Active,CafeTest.java,Editor,C:/Users/user/IdeaProjects/CafeTest/src/Cafe.java,,3,0,Default task
2021-09-29T15:01:06.343+09:00,user,IdeState,Active,CafeTest.java,Editor,C:/Users/user/IdeaProjects/CafeTest/src/Cafe.java,,3,0,Default task
2021-09-29T15:01:07.356+09:00,user,IdeState,Active,CafeTest.java,Editor,C:/Users/user/IdeaProjects/CafeTest/src/Cafe.java,,3,0,Default task
2021-09-29T15:01:08.358+09:00,user,IdeState,Active,CafeTest.java,Editor,C:/Users/user/IdeaProjects/CafeTest/src/Cafe.java,,3,0,Default task
2021-09-29T15:01:09.362+09:00,user,IdeState,Active,CafeTest.java,Popup,C:/Users/user/IdeaProjects/CafeTest/src/Cafe.java,,3,0,Default task
2021-09-29T15:01:10.375+09:00,user,IdeState,Active,CafeTest.java,Editor,C:/Users/user/IdeaProjects/CafeTest/src/Cafe.java,,3,0,Default task
2021-09-29T15:01:11.387+09:00,user,IdeState,Active,CafeTest.java,Editor,C:/Users/user/IdeaProjects/CafeTest/src/Beverage.java,Beverage::getBeverageName,6,36,Default task
2021-09-29T15:01:12.399+09:00,user,IdeState,Active,CafeTest.java,Popup,C:/Users/user/IdeaProjects/CafeTest/src/Beverage.java,Beverage::getBeverageName,6,36,Default task
2021-09-29T15:01:13.414+09:00,user,IdeState,Active,CafeTest.java,Popup,C:/Users/user/IdeaProjects/CafeTest/src/Beverage.java,Beverage::getBeverageName,6,36,Default task
2021-09-29T15:01:14.417+09:00,user,IdeState,Active,CafeTest.java,Editor,C:/Users/user/IdeaProjects/CafeTest/src/Beverage.java,Beverage::getBeverageName,6,36,Default task
2021-09-29T15:01:15.419+09:00,user,IdeState,Active,CafeTest.java,Editor,C:/Users/user/IdeaProjects/CafeTest/src/Cafe.java,,3,0,Default task
2021-09-29T15:01:16.429+09:00,user,IdeState,Active,CafeTest.java,Editor,C:/Users/user/IdeaProjects/CafeTest/src/Beverage.java,Beverage::getBeverageName,6,36,Default task
2021-09-29T15:01:17.444+09:00,user,IdeState,Active,CafeTest.java,Popup,C:/Users/user/IdeaProjects/CafeTest/src/Beverage.java,Beverage::getBeverageName,6,36,Default task
2021-09-29T15:01:18.457+09:00,user,IdeState,Active,CafeTest.java,Editor,C:/Users/user/IdeaProjects/CafeTest/src/Beverage.java,Beverage::getBeverageName,6,36,Default task
2021-09-29T15:01:19.472+09:00,user,IdeState,Active,CafeTest.java,Editor,C:/Users/user/IdeaProjects/CafeTest/src/Beverage.java,Beverage::getBeverageName,6,36,Default task
2021-09-29T15:01:20.474+09:00,user,IdeState,Active,CafeTest.java,Editor,C:/Users/user/IdeaProjects/CafeTest/src/Beverage.java,Beverage::getBeverageName,6,36,Default task
