2021-09-25T01:16:08.005+09:00,user,IdeState,Active,Rectangle,Editor,C:/Users/user/IdeaProjects/Rectangle/src/Rectangle.java,,1,0,Default task
2021-09-25T01:16:09.017+09:00,user,IdeState,Active,Rectangle,Editor,C:/Users/user/IdeaProjects/Rectangle/src/Rectangle.java,,1,0,Default task
2021-09-25T01:16:10.029+09:00,user,IdeState,Active,Rectangle,Editor,C:/Users/user/IdeaProjects/Rectangle/src/Rectangle.java,,0,0,Default task
2021-09-25T01:16:11.044+09:00,user,IdeState,Active,Rectangle,Editor,C:/Users/user/IdeaProjects/Rectangle/src/Rectangle.java,,0,2,Default task
2021-09-25T01:16:12.056+09:00,user,IdeState,Active,Rectangle,Editor,C:/Users/user/IdeaProjects/Rectangle/src/Rectangle.java,,0,7,Default task
2021-09-25T01:16:13.058+09:00,user,IdeState,Active,Rectangle,Editor,C:/Users/user/IdeaProjects/Rectangle/src/Rectangle.java,,0,23,Default task
2021-09-25T01:16:14.069+09:00,user,IdeState,Active,Rectangle,Editor,C:/Users/user/IdeaProjects/Rectangle/src/Rectangle.java,,0,24,Default task
2021-09-25T01:16:15.084+09:00,user,IdeState,Active,Rectangle,Editor,C:/Users/user/IdeaProjects/Rectangle/src/Rectangle.java,,1,4,Default task
2021-09-25T01:16:16.088+09:00,user,IdeState,Active,Rectangle,Editor,C:/Users/user/IdeaProjects/Rectangle/src/Rectangle.java,,2,7,Default task
2021-09-25T01:16:17.102+09:00,user,IdeState,Active,Rectangle,Editor,C:/Users/user/IdeaProjects/Rectangle/src/Rectangle.java,,2,12,Default task
2021-09-25T01:16:18.111+09:00,user,IdeState,Active,Rectangle,Editor,C:/Users/user/IdeaProjects/Rectangle/src/Rectangle.java,,2,18,Default task
2021-09-25T01:16:19.126+09:00,user,IdeState,Active,Rectangle,Editor,C:/Users/user/IdeaProjects/Rectangle/src/Rectangle.java,,2,18,Default task
2021-09-25T01:16:20.141+09:00,user,IdeState,Active,Rectangle,Editor,C:/Users/user/IdeaProjects/Rectangle/src/Rectangle.java,,2,23,Default task
2021-09-25T01:16:21.157+09:00,user,IdeState,Active,Rectangle,Editor,C:/Users/user/IdeaProjects/Rectangle/src/Rectangle.java,,2,25,Default task
2021-09-25T01:16:22.170+09:00,user,IdeState,Active,Rectangle,Editor,C:/Users/user/IdeaProjects/Rectangle/src/Rectangle.java,,2,25,Default task
2021-09-25T01:16:23.181+09:00,user,IdeState,Active,Rectangle,Editor,C:/Users/user/IdeaProjects/Rectangle/src/Rectangle.java,,2,24,Default task
2021-09-25T01:16:24.199+09:00,user,IdeState,Active,Rectangle,Editor,C:/Users/user/IdeaProjects/Rectangle/src/Rectangle.java,,2,26,Default task
2021-09-25T01:16:25.211+09:00,user,IdeState,Active,Rectangle,Editor,C:/Users/user/IdeaProjects/Rectangle/src/Rectangle.java,,2,28,Default task
2021-09-25T01:16:26.225+09:00,user,IdeState,Active,Rectangle,Editor,C:/Users/user/IdeaProjects/Rectangle/src/Rectangle.java,,2,28,Default task
2021-09-25T01:16:27.227+09:00,user,IdeState,Active,Rectangle,Editor,C:/Users/user/IdeaProjects/Rectangle/src/Rectangle.java,,2,29,Default task
2021-09-25T01:16:28.238+09:00,user,IdeState,Active,Rectangle,Editor,C:/Users/user/IdeaProjects/Rectangle/src/Rectangle.java,,2,31,Default task
2021-09-25T01:16:29.241+09:00,user,IdeState,Active,Rectangle,Editor,C:/Users/user/IdeaProjects/Rectangle/src/Rectangle.java,,2,31,Default task
2021-09-25T01:16:30.255+09:00,user,IdeState,Active,Rectangle,Editor,C:/Users/user/IdeaProjects/Rectangle/src/Rectangle.java,,2,32,Default task
2021-09-25T01:16:31.269+09:00,user,IdeState,Active,Rectangle,Editor,C:/Users/user/IdeaProjects/Rectangle/src/Rectangle.java,,3,5,Default task
2021-09-25T01:16:32.271+09:00,user,IdeState,Active,Rectangle,Editor,C:/Users/user/IdeaProjects/Rectangle/src/Rectangle.java,,3,5,Default task
2021-09-25T01:16:33.286+09:00,user,IdeState,Active,Rectangle,Editor,C:/Users/user/IdeaProjects/Rectangle/src/Rectangle.java,,3,12,Default task
2021-09-25T01:16:34.300+09:00,user,IdeState,Active,Rectangle,Editor,C:/Users/user/IdeaProjects/Rectangle/src/Rectangle.java,,3,13,Default task
2021-09-25T01:16:35.301+09:00,user,IdeState,Active,Rectangle,Editor,C:/Users/user/IdeaProjects/Rectangle/src/Rectangle.java,,3,18,Default task
2021-09-25T01:16:36.315+09:00,user,IdeState,Active,Rectangle,Editor,C:/Users/user/IdeaProjects/Rectangle/src/Rectangle.java,,3,20,Default task
2021-09-25T01:16:37.329+09:00,user,IdeState,Active,Rectangle,Editor,C:/Users/user/IdeaProjects/Rectangle/src/Rectangle.java,,3,24,Default task
2021-09-25T01:16:38.345+09:00,user,IdeState,Active,Rectangle,Editor,C:/Users/user/IdeaProjects/Rectangle/src/Rectangle.java,,3,27,Default task
2021-09-25T01:16:39.355+09:00,user,IdeState,Active,Rectangle,Editor,C:/Users/user/IdeaProjects/Rectangle/src/Rectangle.java,,3,30,Default task
2021-09-25T01:16:40.364+09:00,user,IdeState,Active,Rectangle,Editor,C:/Users/user/IdeaProjects/Rectangle/src/Rectangle.java,,3,31,Default task
2021-09-25T01:16:41.381+09:00,user,IdeState,Active,Rectangle,Editor,C:/Users/user/IdeaProjects/Rectangle/src/Rectangle.java,,3,35,Default task
2021-09-25T01:16:42.396+09:00,user,IdeState,Active,Rectangle,Editor,C:/Users/user/IdeaProjects/Rectangle/src/Rectangle.java,,3,36,Default task
2021-09-25T01:16:43.413+09:00,user,IdeState,Active,Rectangle,Editor,C:/Users/user/IdeaProjects/Rectangle/src/Rectangle.java,,5,4,Default task
2021-09-25T01:16:44.417+09:00,user,IdeState,Active,Rectangle,Editor,C:/Users/user/IdeaProjects/Rectangle/src/Rectangle.java,,5,11,Default task
2021-09-25T01:16:45.432+09:00,user,IdeState,Active,Rectangle,Editor,C:/Users/user/IdeaProjects/Rectangle/src/Rectangle.java,,5,11,Default task
2021-09-25T01:16:46.434+09:00,user,IdeState,Active,Rectangle,Editor,C:/Users/user/IdeaProjects/Rectangle/src/Rectangle.java,,5,13,Default task
2021-09-25T01:16:47.436+09:00,user,IdeState,Active,Rectangle,Editor,C:/Users/user/IdeaProjects/Rectangle/src/Rectangle.java,,5,20,Default task
2021-09-25T01:16:48.438+09:00,user,IdeState,Active,Rectangle,Editor,C:/Users/user/IdeaProjects/Rectangle/src/Rectangle.java,,5,20,Default task
2021-09-25T01:16:49.443+09:00,user,IdeState,Active,Rectangle,Editor,C:/Users/user/IdeaProjects/Rectangle/src/Rectangle.java,Rectangle::Rectangle,5,21,Default task
2021-09-25T01:16:50.455+09:00,user,IdeState,Active,Rectangle,Editor,C:/Users/user/IdeaProjects/Rectangle/src/Rectangle.java,Rectangle::Rectangle,5,22,Default task
2021-09-25T01:16:51.457+09:00,user,IdeState,Active,Rectangle,Editor,C:/Users/user/IdeaProjects/Rectangle/src/Rectangle.java,,5,27,Default task
2021-09-25T01:16:52.459+09:00,user,IdeState,Active,Rectangle,Editor,C:/Users/user/IdeaProjects/Rectangle/src/Rectangle.java,Rectangle::Rectangle,5,27,Default task
2021-09-25T01:16:53.474+09:00,user,IdeState,Active,Rectangle,Editor,C:/Users/user/IdeaProjects/Rectangle/src/Rectangle.java,Rectangle::Rectangle,5,30,Default task
2021-09-25T01:16:54.487+09:00,user,IdeState,Active,Rectangle,Editor,C:/Users/user/IdeaProjects/Rectangle/src/Rectangle.java,Rectangle::Rectangle,5,30,Default task
2021-09-25T01:16:55.499+09:00,user,IdeState,Active,Rectangle,Editor,C:/Users/user/IdeaProjects/Rectangle/src/Rectangle.java,Rectangle::Rectangle,5,36,Default task
2021-09-25T01:16:56.508+09:00,user,IdeState,Active,Rectangle,Editor,C:/Users/user/IdeaProjects/Rectangle/src/Rectangle.java,Rectangle::Rectangle,5,38,Default task
2021-09-25T01:16:57.522+09:00,user,IdeState,Active,Rectangle,Editor,C:/Users/user/IdeaProjects/Rectangle/src/Rectangle.java,Rectangle::Rectangle,5,40,Default task
2021-09-25T01:16:58.535+09:00,user,IdeState,Active,Rectangle,Editor,C:/Users/user/IdeaProjects/Rectangle/src/Rectangle.java,Rectangle::Rectangle,6,8,Default task
2021-09-25T01:16:59.550+09:00,user,IdeState,Active,Rectangle,Editor,C:/Users/user/IdeaProjects/Rectangle/src/Rectangle.java,Rectangle::Rectangle,6,9,Default task
2021-09-25T01:17:00.566+09:00,user,IdeState,Active,Rectangle,Editor,C:/Users/user/IdeaProjects/Rectangle/src/Rectangle.java,Rectangle::Rectangle,6,16,Default task
2021-09-25T01:17:01.580+09:00,user,IdeState,Active,Rectangle,Editor,C:/Users/user/IdeaProjects/Rectangle/src/Rectangle.java,Rectangle::Rectangle,6,19,Default task
2021-09-25T01:17:02.596+09:00,user,IdeState,Active,Rectangle,Editor,C:/Users/user/IdeaProjects/Rectangle/src/Rectangle.java,Rectangle::Rectangle,6,20,Default task
2021-09-25T01:17:03.598+09:00,user,IdeState,Active,Rectangle,Editor,C:/Users/user/IdeaProjects/Rectangle/src/Rectangle.java,Rectangle::Rectangle,7,8,Default task
2021-09-25T01:17:04.613+09:00,user,IdeState,Active,Rectangle,Editor,C:/Users/user/IdeaProjects/Rectangle/src/Rectangle.java,Rectangle::Rectangle,7,8,Default task
2021-09-25T01:17:05.623+09:00,user,IdeState,Active,Rectangle,Editor,C:/Users/user/IdeaProjects/Rectangle/src/Rectangle.java,Rectangle::Rectangle,7,19,Default task
2021-09-25T01:17:06.637+09:00,user,IdeState,Active,Rectangle,Editor,C:/Users/user/IdeaProjects/Rectangle/src/Rectangle.java,Rectangle::Rectangle,7,22,Default task
2021-09-25T01:17:07.638+09:00,user,IdeState,Active,Rectangle,Editor,C:/Users/user/IdeaProjects/Rectangle/src/Rectangle.java,Rectangle::Rectangle,7,24,Default task
2021-09-25T01:17:08.639+09:00,user,IdeState,Active,Rectangle,Editor,C:/Users/user/IdeaProjects/Rectangle/src/Rectangle.java,Rectangle::Rectangle,7,25,Default task
2021-09-25T01:17:09.652+09:00,user,IdeState,Active,Rectangle,Editor,C:/Users/user/IdeaProjects/Rectangle/src/Rectangle.java,,9,4,Default task
2021-09-25T01:17:10.665+09:00,user,IdeState,Active,Rectangle,Editor,C:/Users/user/IdeaProjects/Rectangle/src/Rectangle.java,,9,4,Default task
2021-09-25T01:17:11.676+09:00,user,IdeState,Active,Rectangle,Editor,C:/Users/user/IdeaProjects/Rectangle/src/Rectangle.java,,10,5,Default task
2021-09-25T01:17:12.678+09:00,user,IdeState,Active,Rectangle,Editor,C:/Users/user/IdeaProjects/Rectangle/src/Rectangle.java,,10,12,Default task
2021-09-25T01:17:13.689+09:00,user,IdeState,Active,Rectangle,Editor,C:/Users/user/IdeaProjects/Rectangle/src/Rectangle.java,,10,16,Default task
2021-09-25T01:17:14.703+09:00,user,IdeState,Active,Rectangle,Editor,C:/Users/user/IdeaProjects/Rectangle/src/Rectangle.java,,10,16,Default task
2021-09-25T01:17:15.704+09:00,user,IdeState,Active,Rectangle,Editor,C:/Users/user/IdeaProjects/Rectangle/src/Rectangle.java,,10,18,Default task
2021-09-25T01:17:16.708+09:00,user,IdeState,Active,Rectangle,Editor,C:/Users/user/IdeaProjects/Rectangle/src/Rectangle.java,,10,20,Default task
2021-09-25T01:17:17.721+09:00,user,IdeState,Active,Rectangle,Editor,C:/Users/user/IdeaProjects/Rectangle/src/Rectangle.java,,10,22,Default task
2021-09-25T01:17:18.737+09:00,user,IdeState,Active,Rectangle,Editor,C:/Users/user/IdeaProjects/Rectangle/src/Rectangle.java,,10,22,Default task
2021-09-25T01:17:19.749+09:00,user,IdeState,Active,Rectangle,Editor,C:/Users/user/IdeaProjects/Rectangle/src/Rectangle.java,Rectangle::moveBy,10,23,Default task
2021-09-25T01:17:20.753+09:00,user,IdeState,Active,Rectangle,Editor,C:/Users/user/IdeaProjects/Rectangle/src/Rectangle.java,Rectangle::moveBy,10,30,Default task
2021-09-25T01:17:21.763+09:00,user,IdeState,Active,Rectangle,Editor,C:/Users/user/IdeaProjects/Rectangle/src/Rectangle.java,Rectangle::moveBy,10,34,Default task
2021-09-25T01:17:22.764+09:00,user,IdeState,Active,Rectangle,Editor,C:/Users/user/IdeaProjects/Rectangle/src/Rectangle.java,,10,36,Default task
2021-09-25T01:17:23.779+09:00,user,IdeState,Active,Rectangle,Editor,C:/Users/user/IdeaProjects/Rectangle/src/Rectangle.java,Rectangle::moveBy,11,8,Default task
2021-09-25T01:17:24.790+09:00,user,IdeState,Active,Rectangle,Editor,C:/Users/user/IdeaProjects/Rectangle/src/Rectangle.java,Rectangle::moveBy,11,8,Default task
2021-09-25T01:17:25.805+09:00,user,IdeState,Active,Rectangle,Editor,C:/Users/user/IdeaProjects/Rectangle/src/Rectangle.java,Rectangle::moveBy,11,9,Default task
2021-09-25T01:17:26.819+09:00,user,IdeState,Active,Rectangle,Editor,C:/Users/user/IdeaProjects/Rectangle/src/Rectangle.java,Rectangle::moveBy,11,15,Default task
2021-09-25T01:17:27.832+09:00,user,IdeState,Active,Rectangle,Editor,C:/Users/user/IdeaProjects/Rectangle/src/Rectangle.java,Rectangle::moveBy,11,16,Default task
2021-09-25T01:17:28.847+09:00,user,IdeState,Active,Rectangle,Editor,C:/Users/user/IdeaProjects/Rectangle/src/Rectangle.java,Rectangle::moveBy,11,17,Default task
2021-09-25T01:17:29.861+09:00,user,IdeState,Active,Rectangle,Editor,C:/Users/user/IdeaProjects/Rectangle/src/Rectangle.java,Rectangle::moveBy,11,17,Default task
2021-09-25T01:17:30.874+09:00,user,IdeState,Active,Rectangle,Editor,C:/Users/user/IdeaProjects/Rectangle/src/Rectangle.java,Rectangle::moveBy,11,17,Default task
2021-09-25T01:17:31.889+09:00,user,IdeState,Active,Rectangle,Editor,C:/Users/user/IdeaProjects/Rectangle/src/Rectangle.java,Rectangle::moveBy,11,16,Default task
2021-09-25T01:17:32.906+09:00,user,IdeState,Active,Rectangle,Editor,C:/Users/user/IdeaProjects/Rectangle/src/Rectangle.java,Rectangle::Rectangle,6,21,Default task
2021-09-25T01:17:33.906+09:00,user,IdeState,Active,Rectangle,Editor,C:/Users/user/IdeaProjects/Rectangle/src/OverloadingTest.java,,0,0,Default task
2021-09-25T01:17:34.919+09:00,user,IdeState,Inactive,,,,,-1,-1,
2021-09-25T01:17:35.930+09:00,user,IdeState,Inactive,,,,,-1,-1,
2021-09-25T01:17:36.942+09:00,user,IdeState,Active,Rectangle,Editor,C:/Users/user/IdeaProjects/Rectangle/src/Point.java,,0,0,Default task
2021-09-25T01:17:37.953+09:00,user,IdeState,Inactive,,,,,-1,-1,
2021-09-25T01:17:38.963+09:00,user,IdeState,Inactive,,,,,-1,-1,
2021-09-25T01:17:39.978+09:00,user,IdeState,Active,Rectangle,Editor,C:/Users/user/IdeaProjects/Rectangle/src/Point.java,,0,0,Default task
2021-09-25T01:17:40.992+09:00,user,IdeState,Active,Rectangle,Editor,C:/Users/user/IdeaProjects/Rectangle/src/Point.java,,0,1,Default task
2021-09-25T01:17:41.992+09:00,user,IdeState,Active,Rectangle,Editor,C:/Users/user/IdeaProjects/Rectangle/src/Point.java,,0,7,Default task
2021-09-25T01:17:43.007+09:00,user,IdeState,Active,Rectangle,Editor,C:/Users/user/IdeaProjects/Rectangle/src/Point.java,,0,8,Default task
2021-09-25T01:17:44.019+09:00,user,IdeState,Active,Rectangle,Editor,C:/Users/user/IdeaProjects/Rectangle/src/Point.java,,0,19,Default task
2021-09-25T01:17:45.032+09:00,user,IdeState,Active,Rectangle,Editor,C:/Users/user/IdeaProjects/Rectangle/src/Point.java,,0,20,Default task
2021-09-25T01:17:46.042+09:00,user,IdeState,Active,Rectangle,Editor,C:/Users/user/IdeaProjects/Rectangle/src/Point.java,,1,5,Default task
2021-09-25T01:17:47.046+09:00,user,IdeState,Active,Rectangle,Editor,C:/Users/user/IdeaProjects/Rectangle/src/Point.java,,1,12,Default task
2021-09-25T01:17:48.052+09:00,user,IdeState,Active,Rectangle,Editor,C:/Users/user/IdeaProjects/Rectangle/src/Point.java,,1,16,Default task
2021-09-25T01:17:49.067+09:00,user,IdeState,Active,Rectangle,Editor,C:/Users/user/IdeaProjects/Rectangle/src/Point.java,,1,18,Default task
2021-09-25T01:17:50.068+09:00,user,IdeState,Active,Rectangle,Editor,C:/Users/user/IdeaProjects/Rectangle/src/Point.java,,2,5,Default task
2021-09-25T01:17:51.079+09:00,user,IdeState,Active,Rectangle,Editor,C:/Users/user/IdeaProjects/Rectangle/src/Point.java,,2,7,Default task
2021-09-25T01:17:52.118+09:00,user,IdeState,Active,Rectangle,Editor,C:/Users/user/IdeaProjects/Rectangle/src/Point.java,,2,15,Default task
2021-09-25T01:17:53.124+09:00,user,IdeState,Active,Rectangle,Editor,C:/Users/user/IdeaProjects/Rectangle/src/Point.java,,2,18,Default task
2021-09-25T01:17:54.140+09:00,user,IdeState,Active,Rectangle,Editor,C:/Users/user/IdeaProjects/Rectangle/src/Point.java,,4,5,Default task
2021-09-25T01:17:55.148+09:00,user,IdeState,Active,Rectangle,Editor,C:/Users/user/IdeaProjects/Rectangle/src/Point.java,,4,6,Default task
2021-09-25T01:17:56.150+09:00,user,IdeState,Active,Rectangle,Editor,C:/Users/user/IdeaProjects/Rectangle/src/Point.java,,4,11,Default task
2021-09-25T01:17:57.154+09:00,user,IdeState,Active,Rectangle,Editor,C:/Users/user/IdeaProjects/Rectangle/src/Point.java,,4,12,Default task
2021-09-25T01:17:58.157+09:00,user,IdeState,Active,Rectangle,Editor,C:/Users/user/IdeaProjects/Rectangle/src/Point.java,,4,16,Default task
2021-09-25T01:17:59.158+09:00,user,IdeState,Active,Rectangle,Editor,C:/Users/user/IdeaProjects/Rectangle/src/Point.java,,4,16,Default task
2021-09-25T01:18:00.174+09:00,user,IdeState,Active,Rectangle,Editor,C:/Users/user/IdeaProjects/Rectangle/src/Point.java,Point::Point,4,18,Default task
2021-09-25T01:18:01.177+09:00,user,IdeState,Active,Rectangle,Editor,C:/Users/user/IdeaProjects/Rectangle/src/Point.java,Point::Point,4,23,Default task
2021-09-25T01:18:02.192+09:00,user,IdeState,Active,Rectangle,Editor,C:/Users/user/IdeaProjects/Rectangle/src/Point.java,Point::Point,4,29,Default task
2021-09-25T01:18:03.211+09:00,user,IdeState,Active,Rectangle,Editor,C:/Users/user/IdeaProjects/Rectangle/src/Point.java,Point::Point,4,31,Default task
2021-09-25T01:18:04.222+09:00,user,IdeState,Active,Rectangle,Editor,C:/Users/user/IdeaProjects/Rectangle/src/Point.java,Point::Point,5,8,Default task
2021-09-25T01:18:05.241+09:00,user,IdeState,Active,Rectangle,Editor,C:/Users/user/IdeaProjects/Rectangle/src/Point.java,Point::Point,5,11,Default task
2021-09-25T01:18:06.249+09:00,user,IdeState,Active,Rectangle,Editor,C:/Users/user/IdeaProjects/Rectangle/src/Point.java,Point::Point,5,13,Default task
2021-09-25T01:18:07.251+09:00,user,IdeState,Active,Rectangle,Editor,C:/Users/user/IdeaProjects/Rectangle/src/Point.java,Point::Point,5,15,Default task
2021-09-25T01:18:08.266+09:00,user,IdeState,Active,Rectangle,Editor,C:/Users/user/IdeaProjects/Rectangle/src/Point.java,Point::Point,5,17,Default task
2021-09-25T01:18:09.266+09:00,user,IdeState,Active,Rectangle,Editor,C:/Users/user/IdeaProjects/Rectangle/src/Point.java,Point::Point,5,17,Default task
2021-09-25T01:18:10.280+09:00,user,IdeState,Active,Rectangle,Editor,C:/Users/user/IdeaProjects/Rectangle/src/Point.java,Point::Point,5,18,Default task
2021-09-25T01:18:11.295+09:00,user,IdeState,Active,Rectangle,Editor,C:/Users/user/IdeaProjects/Rectangle/src/Point.java,Point::Point,5,19,Default task
2021-09-25T01:18:12.307+09:00,user,IdeState,Active,Rectangle,Editor,C:/Users/user/IdeaProjects/Rectangle/src/Point.java,Point::Point,5,19,Default task
2021-09-25T01:18:13.324+09:00,user,IdeState,Active,Rectangle,Editor,C:/Users/user/IdeaProjects/Rectangle/src/Point.java,Point::Point,5,20,Default task
2021-09-25T01:18:14.334+09:00,user,IdeState,Active,Rectangle,Editor,C:/Users/user/IdeaProjects/Rectangle/src/Point.java,Point::Point,6,8,Default task
2021-09-25T01:18:15.338+09:00,user,IdeState,Active,Rectangle,Editor,C:/Users/user/IdeaProjects/Rectangle/src/Point.java,Point::Point,6,12,Default task
2021-09-25T01:18:16.352+09:00,user,IdeState,Active,Rectangle,Editor,C:/Users/user/IdeaProjects/Rectangle/src/Point.java,Point::Point,6,14,Default task
2021-09-25T01:18:17.367+09:00,user,IdeState,Active,Rectangle,Editor,C:/Users/user/IdeaProjects/Rectangle/src/Point.java,Point::Point,6,16,Default task
2021-09-25T01:18:18.368+09:00,user,IdeState,Active,Rectangle,Editor,C:/Users/user/IdeaProjects/Rectangle/src/Point.java,Point::Point,6,17,Default task
2021-09-25T01:18:19.369+09:00,user,IdeState,Active,Rectangle,Editor,C:/Users/user/IdeaProjects/Rectangle/src/Point.java,Point::Point,6,20,Default task
2021-09-25T01:18:20.381+09:00,user,IdeState,Active,Rectangle,Editor,C:/Users/user/IdeaProjects/Rectangle/src/Point.java,Point::Point,6,21,Default task
2021-09-25T01:18:21.394+09:00,user,IdeState,Active,Rectangle,Editor,C:/Users/user/IdeaProjects/Rectangle/src/Point.java,,8,4,Default task
2021-09-25T01:18:22.405+09:00,user,IdeState,Active,Rectangle,Editor,C:/Users/user/IdeaProjects/Rectangle/src/Point.java,,8,6,Default task
2021-09-25T01:18:23.406+09:00,user,IdeState,Active,Rectangle,Editor,C:/Users/user/IdeaProjects/Rectangle/src/Point.java,,8,6,Default task
2021-09-25T01:18:24.423+09:00,user,IdeState,Active,Rectangle,Editor,C:/Users/user/IdeaProjects/Rectangle/src/Point.java,,8,11,Default task
2021-09-25T01:18:25.429+09:00,user,IdeState,Active,Rectangle,Editor,C:/Users/user/IdeaProjects/Rectangle/src/Point.java,,8,12,Default task
2021-09-25T01:18:26.442+09:00,user,IdeState,Active,Rectangle,Editor,C:/Users/user/IdeaProjects/Rectangle/src/Point.java,,8,15,Default task
2021-09-25T01:18:27.444+09:00,user,IdeState,Active,Rectangle,Editor,C:/Users/user/IdeaProjects/Rectangle/src/Point.java,,8,18,Default task
2021-09-25T01:18:28.453+09:00,user,IdeState,Active,Rectangle,Editor,C:/Users/user/IdeaProjects/Rectangle/src/Point.java,Point::getX,8,20,Default task
2021-09-25T01:18:29.469+09:00,user,IdeState,Active,Rectangle,Editor,C:/Users/user/IdeaProjects/Rectangle/src/Point.java,,8,21,Default task
2021-09-25T01:18:30.482+09:00,user,IdeState,Active,Rectangle,Editor,C:/Users/user/IdeaProjects/Rectangle/src/Point.java,Point::getX,8,22,Default task
2021-09-25T01:18:31.495+09:00,user,IdeState,Active,Rectangle,Editor,C:/Users/user/IdeaProjects/Rectangle/src/Point.java,Point::getX,9,8,Default task
2021-09-25T01:18:32.505+09:00,user,IdeState,Active,Rectangle,Editor,C:/Users/user/IdeaProjects/Rectangle/src/Point.java,Point::getX,9,8,Default task
2021-09-25T01:18:33.520+09:00,user,IdeState,Active,Rectangle,Editor,C:/Users/user/IdeaProjects/Rectangle/src/Point.java,Point::getX,9,10,Default task
2021-09-25T01:18:34.522+09:00,user,IdeState,Active,Rectangle,Editor,C:/Users/user/IdeaProjects/Rectangle/src/Point.java,Point::getX,9,16,Default task
2021-09-25T01:18:35.538+09:00,user,IdeState,Active,Rectangle,Editor,C:/Users/user/IdeaProjects/Rectangle/src/Point.java,Point::getX,9,17,Default task
2021-09-25T01:18:36.552+09:00,user,IdeState,Active,Rectangle,Editor,C:/Users/user/IdeaProjects/Rectangle/src/Point.java,,11,4,Default task
2021-09-25T01:18:37.561+09:00,user,IdeState,Active,Rectangle,Editor,C:/Users/user/IdeaProjects/Rectangle/src/Point.java,,11,6,Default task
2021-09-25T01:18:38.574+09:00,user,IdeState,Active,Rectangle,Editor,C:/Users/user/IdeaProjects/Rectangle/src/Point.java,,11,12,Default task
2021-09-25T01:18:39.591+09:00,user,IdeState,Active,Rectangle,Editor,C:/Users/user/IdeaProjects/Rectangle/src/Point.java,,11,16,Default task
2021-09-25T01:18:40.607+09:00,user,IdeState,Active,Rectangle,Editor,C:/Users/user/IdeaProjects/Rectangle/src/Point.java,,11,18,Default task
2021-09-25T01:18:41.617+09:00,user,IdeState,Active,Rectangle,Editor,C:/Users/user/IdeaProjects/Rectangle/src/Point.java,,11,20,Default task
2021-09-25T01:18:42.630+09:00,user,IdeState,Active,Rectangle,Editor,C:/Users/user/IdeaProjects/Rectangle/src/Point.java,Point::setX,11,21,Default task
2021-09-25T01:18:43.642+09:00,user,IdeState,Active,Rectangle,Editor,C:/Users/user/IdeaProjects/Rectangle/src/Point.java,Point::setX,11,26,Default task
2021-09-25T01:18:44.654+09:00,user,IdeState,Active,Rectangle,Editor,C:/Users/user/IdeaProjects/Rectangle/src/Point.java,,11,27,Default task
2021-09-25T01:18:45.667+09:00,user,IdeState,Active,Rectangle,Editor,C:/Users/user/IdeaProjects/Rectangle/src/Point.java,Point::setX,12,8,Default task
2021-09-25T01:18:46.672+09:00,user,IdeState,Active,Rectangle,Editor,C:/Users/user/IdeaProjects/Rectangle/src/Point.java,Point::setX,12,8,Default task
2021-09-25T01:18:47.686+09:00,user,IdeState,Active,Rectangle,Editor,C:/Users/user/IdeaProjects/Rectangle/src/Point.java,Point::setX,12,11,Default task
2021-09-25T01:18:48.702+09:00,user,IdeState,Active,Rectangle,Editor,C:/Users/user/IdeaProjects/Rectangle/src/Point.java,Point::setX,12,14,Default task
2021-09-25T01:18:49.714+09:00,user,IdeState,Active,Rectangle,Editor,C:/Users/user/IdeaProjects/Rectangle/src/Point.java,Point::setX,12,14,Default task
2021-09-25T01:18:50.715+09:00,user,IdeState,Active,Rectangle,Editor,C:/Users/user/IdeaProjects/Rectangle/src/Point.java,Point::setX,12,16,Default task
2021-09-25T01:18:51.729+09:00,user,IdeState,Active,Rectangle,Editor,C:/Users/user/IdeaProjects/Rectangle/src/Point.java,Point::setX,12,18,Default task
2021-09-25T01:18:52.740+09:00,user,IdeState,Active,Rectangle,Editor,C:/Users/user/IdeaProjects/Rectangle/src/Point.java,Point::setX,12,18,Default task
2021-09-25T01:18:53.753+09:00,user,IdeState,Active,Rectangle,Editor,C:/Users/user/IdeaProjects/Rectangle/src/Point.java,,13,5,Default task
2021-09-25T01:18:54.766+09:00,user,IdeState,Active,Rectangle,Editor,C:/Users/user/IdeaProjects/Rectangle/src/Point.java,,14,4,Default task
2021-09-25T01:18:55.780+09:00,user,IdeState,Active,Rectangle,Editor,C:/Users/user/IdeaProjects/Rectangle/src/Point.java,,14,11,Default task
2021-09-25T01:18:56.795+09:00,user,IdeState,Active,Rectangle,Editor,C:/Users/user/IdeaProjects/Rectangle/src/Point.java,,14,15,Default task
2021-09-25T01:18:57.809+09:00,user,IdeState,Active,Rectangle,Editor,C:/Users/user/IdeaProjects/Rectangle/src/Point.java,,14,18,Default task
2021-09-25T01:18:58.821+09:00,user,IdeState,Active,Rectangle,Editor,C:/Users/user/IdeaProjects/Rectangle/src/Point.java,,14,19,Default task
2021-09-25T01:18:59.837+09:00,user,IdeState,Active,Rectangle,Editor,C:/Users/user/IdeaProjects/Rectangle/src/Point.java,,14,21,Default task
2021-09-25T01:19:00.838+09:00,user,IdeState,Active,Rectangle,Editor,C:/Users/user/IdeaProjects/Rectangle/src/Point.java,Point::getY,15,8,Default task
2021-09-25T01:19:01.839+09:00,user,IdeState,Active,Rectangle,Editor,C:/Users/user/IdeaProjects/Rectangle/src/Point.java,Point::getY,15,10,Default task
2021-09-25T01:19:02.841+09:00,user,IdeState,Active,Rectangle,Editor,C:/Users/user/IdeaProjects/Rectangle/src/Point.java,Point::getY,15,16,Default task
2021-09-25T01:19:03.852+09:00,user,IdeState,Active,Rectangle,Editor,C:/Users/user/IdeaProjects/Rectangle/src/Point.java,Point::getY,15,17,Default task
2021-09-25T01:19:04.853+09:00,user,IdeState,Active,Rectangle,Editor,C:/Users/user/IdeaProjects/Rectangle/src/Point.java,,16,5,Default task
2021-09-25T01:19:05.858+09:00,user,IdeState,Active,Rectangle,Editor,C:/Users/user/IdeaProjects/Rectangle/src/Point.java,,17,4,Default task
2021-09-25T01:19:06.860+09:00,user,IdeState,Active,Rectangle,Editor,C:/Users/user/IdeaProjects/Rectangle/src/Point.java,,17,11,Default task
2021-09-25T01:19:07.872+09:00,user,IdeState,Active,Rectangle,Editor,C:/Users/user/IdeaProjects/Rectangle/src/Point.java,,17,11,Default task
2021-09-25T01:19:08.886+09:00,user,IdeState,Active,Rectangle,Editor,C:/Users/user/IdeaProjects/Rectangle/src/Point.java,,17,16,Default task
2021-09-25T01:19:09.898+09:00,user,IdeState,Active,Rectangle,Editor,C:/Users/user/IdeaProjects/Rectangle/src/Point.java,,17,17,Default task
2021-09-25T01:19:10.909+09:00,user,IdeState,Active,Rectangle,Editor,C:/Users/user/IdeaProjects/Rectangle/src/Point.java,,17,20,Default task
2021-09-25T01:19:11.910+09:00,user,IdeState,Active,Rectangle,Editor,C:/Users/user/IdeaProjects/Rectangle/src/Point.java,Point::setY,17,21,Default task
2021-09-25T01:19:12.923+09:00,user,IdeState,Active,Rectangle,Editor,C:/Users/user/IdeaProjects/Rectangle/src/Point.java,Point::setY,17,26,Default task
2021-09-25T01:19:13.924+09:00,user,IdeState,Active,Rectangle,Editor,C:/Users/user/IdeaProjects/Rectangle/src/Point.java,,17,27,Default task
2021-09-25T01:19:14.935+09:00,user,IdeState,Active,Rectangle,Editor,C:/Users/user/IdeaProjects/Rectangle/src/Point.java,Point::setY,19,8,Default task
2021-09-25T01:19:15.937+09:00,user,IdeState,Active,Rectangle,Editor,C:/Users/user/IdeaProjects/Rectangle/src/Point.java,Point::setY,18,8,Default task
2021-09-25T01:19:16.949+09:00,user,IdeState,Active,Rectangle,Editor,C:/Users/user/IdeaProjects/Rectangle/src/Point.java,Point::setY,18,9,Default task
2021-09-25T01:19:17.962+09:00,user,IdeState,Active,Rectangle,Editor,C:/Users/user/IdeaProjects/Rectangle/src/Point.java,Point::setY,18,12,Default task
2021-09-25T01:19:18.975+09:00,user,IdeState,Active,Rectangle,Editor,C:/Users/user/IdeaProjects/Rectangle/src/Point.java,Point::setY,18,13,Default task
2021-09-25T01:19:19.995+09:00,user,IdeState,Active,Rectangle,Editor,C:/Users/user/IdeaProjects/Rectangle/src/Point.java,Point::setY,18,13,Default task
2021-09-25T01:19:21.004+09:00,user,IdeState,Active,Rectangle,Editor,C:/Users/user/IdeaProjects/Rectangle/src/Point.java,Point::setY,18,15,Default task
2021-09-25T01:19:22.020+09:00,user,IdeState,Active,Rectangle,Editor,C:/Users/user/IdeaProjects/Rectangle/src/Point.java,Point::setY,18,17,Default task
2021-09-25T01:19:23.031+09:00,user,IdeState,Active,Rectangle,Editor,C:/Users/user/IdeaProjects/Rectangle/src/Point.java,Point::setY,18,19,Default task
2021-09-25T01:19:24.044+09:00,user,IdeState,Active,Rectangle,Editor,C:/Users/user/IdeaProjects/Rectangle/src/Point.java,Point::setY,18,19,Default task
2021-09-25T01:19:25.058+09:00,user,IdeState,Active,Rectangle,Editor,C:/Users/user/IdeaProjects/Rectangle/src/Point.java,,0,20,Default task
2021-09-25T01:19:26.061+09:00,user,IdeState,Active,Rectangle,Editor,C:/Users/user/IdeaProjects/Rectangle/src/Rectangle.java,Rectangle::Rectangle,6,21,Default task
2021-09-25T01:19:27.073+09:00,user,IdeState,Active,Rectangle,Editor,C:/Users/user/IdeaProjects/Rectangle/src/Rectangle.java,Rectangle::Rectangle,6,21,Default task
2021-09-25T01:19:28.086+09:00,user,IdeState,Active,Rectangle,Editor,C:/Users/user/IdeaProjects/Rectangle/src/Rectangle.java,Rectangle::moveBy,11,16,Default task
2021-09-25T01:19:29.098+09:00,user,IdeState,Active,Rectangle,Editor,C:/Users/user/IdeaProjects/Rectangle/src/Rectangle.java,Rectangle::moveBy,11,16,Default task
2021-09-25T01:19:30.114+09:00,user,IdeState,Inactive,,,,,-1,-1,
2021-09-25T01:19:31.122+09:00,user,IdeState,Active,Rectangle,Editor,C:/Users/user/IdeaProjects/Rectangle/src/Rectangle.java,Rectangle::moveBy,11,16,Default task
2021-09-25T01:19:32.128+09:00,user,IdeState,Active,Rectangle,Editor,C:/Users/user/IdeaProjects/Rectangle/src/Rectangle.java,Rectangle::moveBy,11,16,Default task
2021-09-25T01:19:33.143+09:00,user,IdeState,Inactive,,,,,-1,-1,
2021-09-25T01:19:34.153+09:00,user,IdeState,Inactive,,,,,-1,-1,
2021-09-25T01:19:35.164+09:00,user,IdeState,Active,Rectangle,Editor,C:/Users/user/IdeaProjects/Rectangle/src/Rectangle.java,Rectangle::moveBy,11,16,Default task
2021-09-25T01:19:36.178+09:00,user,IdeState,Active,Rectangle,Editor,C:/Users/user/IdeaProjects/Rectangle/src/Rectangle.java,Rectangle::moveBy,11,16,Default task
2021-09-25T01:19:37.193+09:00,user,IdeState,Active,Rectangle,Editor,C:/Users/user/IdeaProjects/Rectangle/src/Rectangle.java,Rectangle::moveBy,11,17,Default task
2021-09-25T01:19:38.209+09:00,user,IdeState,Active,Rectangle,Editor,C:/Users/user/IdeaProjects/Rectangle/src/Rectangle.java,Rectangle::moveBy,11,17,Default task
2021-09-25T01:19:39.220+09:00,user,IdeState,Active,Rectangle,Editor,C:/Users/user/IdeaProjects/Rectangle/src/Rectangle.java,Rectangle::moveBy,11,21,Default task
2021-09-25T01:19:40.231+09:00,user,IdeState,Active,Rectangle,Editor,C:/Users/user/IdeaProjects/Rectangle/src/Rectangle.java,Rectangle::moveBy,11,22,Default task
2021-09-25T01:19:41.235+09:00,user,IdeState,Active,Rectangle,Editor,C:/Users/user/IdeaProjects/Rectangle/src/Rectangle.java,Rectangle::moveBy,11,37,Default task
2021-09-25T01:19:42.244+09:00,user,IdeState,Active,Rectangle,Editor,C:/Users/user/IdeaProjects/Rectangle/src/Rectangle.java,Rectangle::moveBy,11,35,Default task
2021-09-25T01:19:43.258+09:00,user,IdeState,Active,Rectangle,Editor,C:/Users/user/IdeaProjects/Rectangle/src/Rectangle.java,Rectangle::moveBy,11,36,Default task
2021-09-25T01:19:44.264+09:00,user,IdeState,Active,Rectangle,Editor,C:/Users/user/IdeaProjects/Rectangle/src/Rectangle.java,Rectangle::moveBy,11,37,Default task
2021-09-25T01:19:45.278+09:00,user,IdeState,Active,Rectangle,Editor,C:/Users/user/IdeaProjects/Rectangle/src/Rectangle.java,Rectangle::moveBy,11,39,Default task
2021-09-25T01:19:46.281+09:00,user,IdeState,Active,Rectangle,Editor,C:/Users/user/IdeaProjects/Rectangle/src/Rectangle.java,Rectangle::moveBy,12,9,Default task
2021-09-25T01:19:47.284+09:00,user,IdeState,Active,Rectangle,Editor,C:/Users/user/IdeaProjects/Rectangle/src/Rectangle.java,Rectangle::moveBy,12,9,Default task
2021-09-25T01:19:48.294+09:00,user,IdeState,Active,Rectangle,Editor,C:/Users/user/IdeaProjects/Rectangle/src/Rectangle.java,Rectangle::moveBy,12,16,Default task
2021-09-25T01:19:49.308+09:00,user,IdeState,Active,Rectangle,Editor,C:/Users/user/IdeaProjects/Rectangle/src/Rectangle.java,Rectangle::moveBy,12,16,Default task
2021-09-25T01:19:50.324+09:00,user,IdeState,Active,Rectangle,Editor,C:/Users/user/IdeaProjects/Rectangle/src/Rectangle.java,Rectangle::moveBy,12,16,Default task
2021-09-25T01:19:51.325+09:00,user,IdeState,Active,Rectangle,Editor,C:/Users/user/IdeaProjects/Rectangle/src/Rectangle.java,Rectangle::moveBy,12,21,Default task
2021-09-25T01:19:52.330+09:00,user,IdeState,Active,Rectangle,Editor,C:/Users/user/IdeaProjects/Rectangle/src/Rectangle.java,Rectangle::moveBy,12,22,Default task
2021-09-25T01:19:53.334+09:00,user,IdeState,Active,Rectangle,Editor,C:/Users/user/IdeaProjects/Rectangle/src/Rectangle.java,Rectangle::moveBy,12,22,Default task
2021-09-25T01:19:54.346+09:00,user,IdeState,Active,Rectangle,Editor,C:/Users/user/IdeaProjects/Rectangle/src/Rectangle.java,Rectangle::moveBy,12,37,Default task
2021-09-25T01:19:55.357+09:00,user,IdeState,Active,Rectangle,Editor,C:/Users/user/IdeaProjects/Rectangle/src/Rectangle.java,Rectangle::moveBy,12,35,Default task
2021-09-25T01:19:56.358+09:00,user,IdeState,Active,Rectangle,Editor,C:/Users/user/IdeaProjects/Rectangle/src/Rectangle.java,Rectangle::moveBy,12,37,Default task
2021-09-25T01:19:57.369+09:00,user,IdeState,Active,Rectangle,Editor,C:/Users/user/IdeaProjects/Rectangle/src/Rectangle.java,Rectangle::moveBy,13,8,Default task
2021-09-25T01:19:58.370+09:00,user,IdeState,Active,Rectangle,Editor,C:/Users/user/IdeaProjects/Rectangle/src/Rectangle.java,Rectangle::moveBy,13,19,Default task
2021-09-25T01:19:59.377+09:00,user,IdeState,Active,Rectangle,Editor,C:/Users/user/IdeaProjects/Rectangle/src/Rectangle.java,Rectangle::moveBy,13,20,Default task
2021-09-25T01:20:00.392+09:00,user,IdeState,Active,Rectangle,Editor,C:/Users/user/IdeaProjects/Rectangle/src/Rectangle.java,Rectangle::moveBy,13,20,Default task
2021-09-25T01:20:01.394+09:00,user,IdeState,Active,Rectangle,Editor,C:/Users/user/IdeaProjects/Rectangle/src/Rectangle.java,Rectangle::moveBy,13,25,Default task
2021-09-25T01:20:02.402+09:00,user,IdeState,Active,Rectangle,Editor,C:/Users/user/IdeaProjects/Rectangle/src/Rectangle.java,Rectangle::moveBy,13,24,Default task
2021-09-25T01:20:03.416+09:00,user,IdeState,Active,Rectangle,Editor,C:/Users/user/IdeaProjects/Rectangle/src/Rectangle.java,Rectangle::moveBy,13,25,Default task
2021-09-25T01:20:04.430+09:00,user,IdeState,Active,Rectangle,Editor,C:/Users/user/IdeaProjects/Rectangle/src/Rectangle.java,Rectangle::moveBy,13,26,Default task
2021-09-25T01:20:05.432+09:00,user,IdeState,Active,Rectangle,Editor,C:/Users/user/IdeaProjects/Rectangle/src/Rectangle.java,Rectangle::moveBy,13,45,Default task
2021-09-25T01:20:06.450+09:00,user,IdeState,Active,Rectangle,Editor,C:/Users/user/IdeaProjects/Rectangle/src/Rectangle.java,Rectangle::moveBy,13,44,Default task
2021-09-25T01:20:07.458+09:00,user,IdeState,Active,Rectangle,Editor,C:/Users/user/IdeaProjects/Rectangle/src/Rectangle.java,Rectangle::moveBy,13,44,Default task
2021-09-25T01:20:08.462+09:00,user,IdeState,Active,Rectangle,Editor,C:/Users/user/IdeaProjects/Rectangle/src/Rectangle.java,,14,8,Default task
2021-09-25T01:20:09.473+09:00,user,IdeState,Active,Rectangle,Editor,C:/Users/user/IdeaProjects/Rectangle/src/Rectangle.java,Rectangle::moveBy,14,9,Default task
2021-09-25T01:20:10.488+09:00,user,IdeState,Active,Rectangle,Editor,C:/Users/user/IdeaProjects/Rectangle/src/Rectangle.java,Rectangle::moveBy,14,20,Default task
2021-09-25T01:20:11.501+09:00,user,IdeState,Active,Rectangle,Editor,C:/Users/user/IdeaProjects/Rectangle/src/Rectangle.java,Rectangle::moveBy,14,25,Default task
2021-09-25T01:20:12.514+09:00,user,IdeState,Active,Rectangle,Editor,C:/Users/user/IdeaProjects/Rectangle/src/Rectangle.java,Rectangle::moveBy,14,26,Default task
2021-09-25T01:20:13.524+09:00,user,IdeState,Active,Rectangle,Editor,C:/Users/user/IdeaProjects/Rectangle/src/Rectangle.java,Rectangle::moveBy,14,36,Default task
2021-09-25T01:20:14.539+09:00,user,IdeState,Active,Rectangle,Editor,C:/Users/user/IdeaProjects/Rectangle/src/Rectangle.java,Rectangle::moveBy,14,37,Default task
2021-09-25T01:20:15.541+09:00,user,IdeState,Active,Rectangle,Editor,C:/Users/user/IdeaProjects/Rectangle/src/Rectangle.java,Rectangle::moveBy,14,43,Default task
2021-09-25T01:20:16.552+09:00,user,IdeState,Active,Rectangle,Editor,C:/Users/user/IdeaProjects/Rectangle/src/Rectangle.java,Rectangle::moveBy,14,44,Default task
2021-09-25T01:20:17.564+09:00,user,IdeState,Active,Rectangle,Editor,C:/Users/user/IdeaProjects/Rectangle/src/Rectangle.java,Rectangle::moveBy,14,46,Default task
2021-09-25T01:20:18.572+09:00,user,IdeState,Active,Rectangle,Editor,C:/Users/user/IdeaProjects/Rectangle/src/Rectangle.java,,15,5,Default task
2021-09-25T01:20:19.583+09:00,user,IdeState,Active,Rectangle,Editor,C:/Users/user/IdeaProjects/Rectangle/src/Rectangle.java,,16,4,Default task
2021-09-25T01:20:20.586+09:00,user,IdeState,Active,Rectangle,Editor,C:/Users/user/IdeaProjects/Rectangle/src/Rectangle.java,,17,4,Default task
2021-09-25T01:20:21.601+09:00,user,IdeState,Active,Rectangle,Editor,C:/Users/user/IdeaProjects/Rectangle/src/Rectangle.java,,17,4,Default task
2021-09-25T01:20:22.614+09:00,user,IdeState,Active,Rectangle,Editor,C:/Users/user/IdeaProjects/Rectangle/src/Rectangle.java,,17,11,Default task
2021-09-25T01:20:23.627+09:00,user,IdeState,Active,Rectangle,Editor,C:/Users/user/IdeaProjects/Rectangle/src/Rectangle.java,,17,12,Default task
2021-09-25T01:20:24.642+09:00,user,IdeState,Active,Rectangle,Editor,C:/Users/user/IdeaProjects/Rectangle/src/Rectangle.java,,17,16,Default task
2021-09-25T01:20:25.643+09:00,user,IdeState,Active,Rectangle,Editor,C:/Users/user/IdeaProjects/Rectangle/src/Rectangle.java,,17,16,Default task
2021-09-25T01:20:26.657+09:00,user,IdeState,Active,Rectangle,Editor,C:/Users/user/IdeaProjects/Rectangle/src/Rectangle.java,,17,18,Default task
2021-09-25T01:20:27.675+09:00,user,IdeState,Active,Rectangle,Editor,C:/Users/user/IdeaProjects/Rectangle/src/Rectangle.java,,17,19,Default task
2021-09-25T01:20:28.689+09:00,user,IdeState,Active,Rectangle,Editor,C:/Users/user/IdeaProjects/Rectangle/src/Rectangle.java,,17,21,Default task
2021-09-25T01:20:29.690+09:00,user,IdeState,Active,Rectangle,Editor,C:/Users/user/IdeaProjects/Rectangle/src/Rectangle.java,,17,22,Default task
2021-09-25T01:20:30.704+09:00,user,IdeState,Active,Rectangle,Editor,C:/Users/user/IdeaProjects/Rectangle/src/Rectangle.java,Rectangle::moveBy,17,23,Default task
2021-09-25T01:20:31.716+09:00,user,IdeState,Active,Rectangle,Editor,C:/Users/user/IdeaProjects/Rectangle/src/Rectangle.java,Rectangle::moveBy,17,27,Default task
2021-09-25T01:20:32.719+09:00,user,IdeState,Active,Rectangle,Editor,C:/Users/user/IdeaProjects/Rectangle/src/Rectangle.java,Rectangle::moveBy,17,31,Default task
2021-09-25T01:20:33.727+09:00,user,IdeState,Active,Rectangle,Editor,C:/Users/user/IdeaProjects/Rectangle/src/Rectangle.java,Rectangle::moveBy,17,35,Default task
2021-09-25T01:20:34.739+09:00,user,IdeState,Active,Rectangle,Editor,C:/Users/user/IdeaProjects/Rectangle/src/Rectangle.java,,17,36,Default task
2021-09-25T01:20:35.741+09:00,user,IdeState,Active,Rectangle,Editor,C:/Users/user/IdeaProjects/Rectangle/src/Rectangle.java,Rectangle::moveBy,18,8,Default task
2021-09-25T01:20:36.753+09:00,user,IdeState,Active,Rectangle,Editor,C:/Users/user/IdeaProjects/Rectangle/src/Rectangle.java,Rectangle::moveBy,18,8,Default task
2021-09-25T01:20:37.764+09:00,user,IdeState,Active,Rectangle,Editor,C:/Users/user/IdeaProjects/Rectangle/src/Rectangle.java,Rectangle::moveBy,18,15,Default task
2021-09-25T01:20:38.767+09:00,user,IdeState,Active,Rectangle,Editor,C:/Users/user/IdeaProjects/Rectangle/src/Rectangle.java,Rectangle::moveBy,18,16,Default task
2021-09-25T01:20:39.782+09:00,user,IdeState,Active,Rectangle,Editor,C:/Users/user/IdeaProjects/Rectangle/src/Rectangle.java,Rectangle::moveBy,18,16,Default task
2021-09-25T01:20:40.792+09:00,user,IdeState,Active,Rectangle,Editor,C:/Users/user/IdeaProjects/Rectangle/src/Rectangle.java,Rectangle::moveBy,18,21,Default task
2021-09-25T01:20:41.807+09:00,user,IdeState,Active,Rectangle,Editor,C:/Users/user/IdeaProjects/Rectangle/src/Rectangle.java,Rectangle::moveBy,18,28,Default task
2021-09-25T01:20:42.823+09:00,user,IdeState,Active,Rectangle,Editor,C:/Users/user/IdeaProjects/Rectangle/src/Rectangle.java,Rectangle::moveBy,18,28,Default task
2021-09-25T01:20:43.830+09:00,user,IdeState,Active,Rectangle,Editor,C:/Users/user/IdeaProjects/Rectangle/src/Rectangle.java,Rectangle::moveBy,18,35,Default task
2021-09-25T01:20:44.841+09:00,user,IdeState,Active,Rectangle,Editor,C:/Users/user/IdeaProjects/Rectangle/src/Rectangle.java,Rectangle::moveBy,18,35,Default task
2021-09-25T01:20:45.845+09:00,user,IdeState,Active,Rectangle,Editor,C:/Users/user/IdeaProjects/Rectangle/src/Rectangle.java,Rectangle::moveBy,18,36,Default task
2021-09-25T01:20:46.893+09:00,user,IdeState,Active,Rectangle,Editor,C:/Users/user/IdeaProjects/Rectangle/src/Rectangle.java,Rectangle::moveBy,18,44,Default task
2021-09-25T01:20:47.896+09:00,user,IdeState,Active,Rectangle,Editor,C:/Users/user/IdeaProjects/Rectangle/src/Rectangle.java,Rectangle::moveBy,19,8,Default task
2021-09-25T01:20:48.908+09:00,user,IdeState,Active,Rectangle,Editor,C:/Users/user/IdeaProjects/Rectangle/src/Rectangle.java,Rectangle::moveBy,19,9,Default task
2021-09-25T01:20:49.913+09:00,user,IdeState,Active,Rectangle,Editor,C:/Users/user/IdeaProjects/Rectangle/src/Rectangle.java,Rectangle::moveBy,19,16,Default task
2021-09-25T01:20:50.925+09:00,user,IdeState,Active,Rectangle,Editor,C:/Users/user/IdeaProjects/Rectangle/src/Rectangle.java,Rectangle::moveBy,19,16,Default task
2021-09-25T01:20:51.938+09:00,user,IdeState,Active,Rectangle,Editor,C:/Users/user/IdeaProjects/Rectangle/src/Rectangle.java,Rectangle::moveBy,19,21,Default task
2021-09-25T01:20:52.941+09:00,user,IdeState,Active,Rectangle,Editor,C:/Users/user/IdeaProjects/Rectangle/src/Rectangle.java,Rectangle::moveBy,19,22,Default task
2021-09-25T01:20:53.954+09:00,user,IdeState,Active,Rectangle,Editor,C:/Users/user/IdeaProjects/Rectangle/src/Rectangle.java,Rectangle::moveBy,19,22,Default task
2021-09-25T01:20:54.967+09:00,user,IdeState,Active,Rectangle,Editor,C:/Users/user/IdeaProjects/Rectangle/src/Rectangle.java,Rectangle::moveBy,19,37,Default task
2021-09-25T01:20:55.980+09:00,user,IdeState,Active,Rectangle,Editor,C:/Users/user/IdeaProjects/Rectangle/src/Rectangle.java,Rectangle::moveBy,19,35,Default task
2021-09-25T01:20:56.984+09:00,user,IdeState,Active,Rectangle,Editor,C:/Users/user/IdeaProjects/Rectangle/src/Rectangle.java,Rectangle::moveBy,19,36,Default task
2021-09-25T01:20:57.998+09:00,user,IdeState,Active,Rectangle,Editor,C:/Users/user/IdeaProjects/Rectangle/src/Rectangle.java,Rectangle::moveBy,19,44,Default task
2021-09-25T01:20:59.013+09:00,user,IdeState,Active,Rectangle,Editor,C:/Users/user/IdeaProjects/Rectangle/src/Rectangle.java,Rectangle::moveBy,20,8,Default task
2021-09-25T01:21:00.024+09:00,user,IdeState,Active,Rectangle,Editor,C:/Users/user/IdeaProjects/Rectangle/src/Rectangle.java,Rectangle::moveBy,20,9,Default task
2021-09-25T01:21:01.039+09:00,user,IdeState,Active,Rectangle,Editor,C:/Users/user/IdeaProjects/Rectangle/src/Rectangle.java,Rectangle::moveBy,20,19,Default task
2021-09-25T01:21:02.052+09:00,user,IdeState,Active,Rectangle,Editor,C:/Users/user/IdeaProjects/Rectangle/src/Rectangle.java,Rectangle::moveBy,20,20,Default task
2021-09-25T01:21:03.074+09:00,user,IdeState,Active,Rectangle,Editor,C:/Users/user/IdeaProjects/Rectangle/src/Rectangle.java,Rectangle::moveBy,20,20,Default task
2021-09-25T01:21:04.084+09:00,user,IdeState,Active,Rectangle,Editor,C:/Users/user/IdeaProjects/Rectangle/src/Rectangle.java,Rectangle::moveBy,20,25,Default task
2021-09-25T01:21:05.088+09:00,user,IdeState,Active,Rectangle,Editor,C:/Users/user/IdeaProjects/Rectangle/src/Rectangle.java,Rectangle::moveBy,20,26,Default task
2021-09-25T01:21:06.091+09:00,user,IdeState,Active,Rectangle,Editor,C:/Users/user/IdeaProjects/Rectangle/src/Rectangle.java,Rectangle::moveBy,20,45,Default task
2021-09-25T01:21:07.098+09:00,user,IdeState,Active,Rectangle,Editor,C:/Users/user/IdeaProjects/Rectangle/src/Rectangle.java,Rectangle::moveBy,20,44,Default task
2021-09-25T01:21:08.106+09:00,user,IdeState,Active,Rectangle,Editor,C:/Users/user/IdeaProjects/Rectangle/src/Rectangle.java,Rectangle::moveBy,20,52,Default task
2021-09-25T01:21:09.110+09:00,user,IdeState,Active,Rectangle,Editor,C:/Users/user/IdeaProjects/Rectangle/src/Rectangle.java,Rectangle::moveBy,20,54,Default task
2021-09-25T01:21:10.121+09:00,user,IdeState,Active,Rectangle,Editor,C:/Users/user/IdeaProjects/Rectangle/src/Rectangle.java,Rectangle::moveBy,20,52,Default task
2021-09-25T01:21:11.135+09:00,user,IdeState,Active,Rectangle,Editor,C:/Users/user/IdeaProjects/Rectangle/src/Rectangle.java,Rectangle::moveBy,20,54,Default task
2021-09-25T01:21:12.151+09:00,user,IdeState,Active,Rectangle,Editor,C:/Users/user/IdeaProjects/Rectangle/src/Rectangle.java,Rectangle::moveBy,21,9,Default task
2021-09-25T01:21:13.165+09:00,user,IdeState,Active,Rectangle,Editor,C:/Users/user/IdeaProjects/Rectangle/src/Rectangle.java,Rectangle::moveBy,21,20,Default task
2021-09-25T01:21:14.178+09:00,user,IdeState,Active,Rectangle,Editor,C:/Users/user/IdeaProjects/Rectangle/src/Rectangle.java,Rectangle::moveBy,21,20,Default task
2021-09-25T01:21:15.193+09:00,user,IdeState,Active,Rectangle,Editor,C:/Users/user/IdeaProjects/Rectangle/src/Rectangle.java,Rectangle::moveBy,21,20,Default task
2021-09-25T01:21:16.207+09:00,user,IdeState,Active,Rectangle,Editor,C:/Users/user/IdeaProjects/Rectangle/src/Rectangle.java,Rectangle::moveBy,21,25,Default task
2021-09-25T01:21:17.209+09:00,user,IdeState,Active,Rectangle,Editor,C:/Users/user/IdeaProjects/Rectangle/src/Rectangle.java,Rectangle::moveBy,21,26,Default task
2021-09-25T01:21:18.219+09:00,user,IdeState,Active,Rectangle,Editor,C:/Users/user/IdeaProjects/Rectangle/src/Rectangle.java,Rectangle::moveBy,21,45,Default task
2021-09-25T01:21:19.234+09:00,user,IdeState,Active,Rectangle,Editor,C:/Users/user/IdeaProjects/Rectangle/src/Rectangle.java,Rectangle::moveBy,21,44,Default task
2021-09-25T01:21:20.248+09:00,user,IdeState,Active,Rectangle,Editor,C:/Users/user/IdeaProjects/Rectangle/src/Rectangle.java,Rectangle::moveBy,21,45,Default task
2021-09-25T01:21:21.258+09:00,user,IdeState,Active,Rectangle,Editor,C:/Users/user/IdeaProjects/Rectangle/src/Rectangle.java,Rectangle::moveBy,21,53,Default task
2021-09-25T01:21:22.259+09:00,user,IdeState,Active,Rectangle,Editor,C:/Users/user/IdeaProjects/Rectangle/src/Rectangle.java,,22,5,Default task
2021-09-25T01:21:23.274+09:00,user,IdeState,Active,Rectangle,Editor,C:/Users/user/IdeaProjects/Rectangle/src/Rectangle.java,,22,5,Default task
2021-09-25T01:21:24.286+09:00,user,IdeState,Active,Rectangle,Editor,C:/Users/user/IdeaProjects/Rectangle/src/Rectangle.java,,22,5,Default task
2021-09-25T01:21:25.298+09:00,user,IdeState,Active,Rectangle,Editor,C:/Users/user/IdeaProjects/Rectangle/src/Rectangle.java,,22,5,Default task
2021-09-25T01:21:26.301+09:00,user,IdeState,Active,Rectangle,Editor,C:/Users/user/IdeaProjects/Rectangle/src/Rectangle.java,,22,5,Default task
2021-09-25T01:21:27.314+09:00,user,IdeState,Active,Rectangle,Editor,C:/Users/user/IdeaProjects/Rectangle/src/Rectangle.java,,22,5,Default task
2021-09-25T01:21:28.316+09:00,user,IdeState,Active,Rectangle,Editor,C:/Users/user/IdeaProjects/Rectangle/src/Rectangle.java,,22,5,Default task
2021-09-25T01:21:29.330+09:00,user,IdeState,Active,Rectangle,Editor,C:/Users/user/IdeaProjects/Rectangle/src/Rectangle.java,,22,5,Default task
2021-09-25T01:21:30.344+09:00,user,IdeState,Active,Rectangle,Editor,C:/Users/user/IdeaProjects/Rectangle/src/Rectangle.java,,22,5,Default task
2021-09-25T01:21:31.360+09:00,user,IdeState,Active,Rectangle,Editor,C:/Users/user/IdeaProjects/Rectangle/src/Rectangle.java,,22,5,Default task
2021-09-25T01:21:32.373+09:00,user,IdeState,Active,Rectangle,Editor,C:/Users/user/IdeaProjects/Rectangle/src/Rectangle.java,,22,5,Default task
2021-09-25T01:21:33.387+09:00,user,IdeState,Active,Rectangle,Editor,C:/Users/user/IdeaProjects/Rectangle/src/Rectangle.java,,22,5,Default task
2021-09-25T01:21:34.401+09:00,user,IdeState,Active,Rectangle,Editor,C:/Users/user/IdeaProjects/Rectangle/src/Rectangle.java,,22,5,Default task
2021-09-25T01:21:35.403+09:00,user,IdeState,Active,Rectangle,Editor,C:/Users/user/IdeaProjects/Rectangle/src/Rectangle.java,,22,5,Default task
2021-09-25T01:21:36.416+09:00,user,IdeState,Active,Rectangle,Editor,C:/Users/user/IdeaProjects/Rectangle/src/Rectangle.java,,23,4,Default task
2021-09-25T01:21:37.417+09:00,user,IdeState,Active,Rectangle,Editor,C:/Users/user/IdeaProjects/Rectangle/src/Rectangle.java,,22,5,Default task
2021-09-25T01:21:38.418+09:00,user,IdeState,Active,Rectangle,Editor,C:/Users/user/IdeaProjects/Rectangle/src/Rectangle.java,,25,4,Default task
2021-09-25T01:21:39.433+09:00,user,IdeState,Active,Rectangle,Editor,C:/Users/user/IdeaProjects/Rectangle/src/Rectangle.java,,25,5,Default task
2021-09-25T01:21:40.445+09:00,user,IdeState,Active,Rectangle,Editor,C:/Users/user/IdeaProjects/Rectangle/src/Rectangle.java,,25,5,Default task
2021-09-25T01:21:41.448+09:00,user,IdeState,Active,Rectangle,Editor,C:/Users/user/IdeaProjects/Rectangle/src/Rectangle.java,,25,13,Default task
2021-09-25T01:21:42.464+09:00,user,IdeState,Active,Rectangle,Editor,C:/Users/user/IdeaProjects/Rectangle/src/Rectangle.java,,26,4,Default task
2021-09-25T01:21:43.477+09:00,user,IdeState,Active,Rectangle,Editor,C:/Users/user/IdeaProjects/Rectangle/src/Rectangle.java,,26,11,Default task
2021-09-25T01:21:44.489+09:00,user,IdeState,Active,Rectangle,Editor,C:/Users/user/IdeaProjects/Rectangle/src/Rectangle.java,,26,12,Default task
2021-09-25T01:21:45.493+09:00,user,IdeState,Active,Rectangle,Editor,C:/Users/user/IdeaProjects/Rectangle/src/Rectangle.java,,26,13,Default task
2021-09-25T01:21:46.505+09:00,user,IdeState,Active,Rectangle,Editor,C:/Users/user/IdeaProjects/Rectangle/src/Rectangle.java,,26,18,Default task
2021-09-25T01:21:47.508+09:00,user,IdeState,Active,Rectangle,Editor,C:/Users/user/IdeaProjects/Rectangle/src/Rectangle.java,,26,21,Default task
2021-09-25T01:21:48.521+09:00,user,IdeState,Active,Rectangle,Editor,C:/Users/user/IdeaProjects/Rectangle/src/Rectangle.java,,26,21,Default task
2021-09-25T01:21:49.535+09:00,user,IdeState,Active,Rectangle,Editor,C:/Users/user/IdeaProjects/Rectangle/src/Rectangle.java,,26,23,Default task
2021-09-25T01:21:50.545+09:00,user,IdeState,Active,Rectangle,Editor,C:/Users/user/IdeaProjects/Rectangle/src/Rectangle.java,,26,26,Default task
2021-09-25T01:21:51.554+09:00,user,IdeState,Active,Rectangle,Editor,C:/Users/user/IdeaProjects/Rectangle/src/Rectangle.java,Rectangle::toString,26,27,Default task
2021-09-25T01:21:52.568+09:00,user,IdeState,Active,Rectangle,Editor,C:/Users/user/IdeaProjects/Rectangle/src/Rectangle.java,Rectangle::toString,26,29,Default task
2021-09-25T01:21:53.576+09:00,user,IdeState,Active,Rectangle,Editor,C:/Users/user/IdeaProjects/Rectangle/src/Rectangle.java,Rectangle::toString,27,8,Default task
2021-09-25T01:21:54.590+09:00,user,IdeState,Active,Rectangle,Editor,C:/Users/user/IdeaProjects/Rectangle/src/Rectangle.java,Rectangle::toString,27,15,Default task
2021-09-25T01:21:55.604+09:00,user,IdeState,Active,Rectangle,Editor,C:/Users/user/IdeaProjects/Rectangle/src/Rectangle.java,Rectangle::toString,27,16,Default task
2021-09-25T01:21:56.618+09:00,user,IdeState,Active,Rectangle,Editor,C:/Users/user/IdeaProjects/Rectangle/src/Rectangle.java,Rectangle::toString,27,17,Default task
2021-09-25T01:21:57.634+09:00,user,IdeState,Active,Rectangle,Editor,C:/Users/user/IdeaProjects/Rectangle/src/Rectangle.java,Rectangle::toString,27,22,Default task
2021-09-25T01:21:58.646+09:00,user,IdeState,Active,Rectangle,Editor,C:/Users/user/IdeaProjects/Rectangle/src/Rectangle.java,Rectangle::toString,27,25,Default task
2021-09-25T01:21:59.657+09:00,user,IdeState,Active,Rectangle,Editor,C:/Users/user/IdeaProjects/Rectangle/src/Rectangle.java,Rectangle::toString,27,26,Default task
2021-09-25T01:22:00.670+09:00,user,IdeState,Active,Rectangle,Editor,C:/Users/user/IdeaProjects/Rectangle/src/Rectangle.java,Rectangle::toString,27,27,Default task
2021-09-25T01:22:01.671+09:00,user,IdeState,Active,Rectangle,Editor,C:/Users/user/IdeaProjects/Rectangle/src/Rectangle.java,Rectangle::toString,27,27,Default task
2021-09-25T01:22:02.685+09:00,user,IdeState,Active,Rectangle,Editor,C:/Users/user/IdeaProjects/Rectangle/src/Rectangle.java,Rectangle::toString,27,28,Default task
2021-09-25T01:22:03.694+09:00,user,IdeState,Active,Rectangle,Editor,C:/Users/user/IdeaProjects/Rectangle/src/Rectangle.java,Rectangle::toString,27,30,Default task
2021-09-25T01:22:04.705+09:00,user,IdeState,Active,Rectangle,Editor,C:/Users/user/IdeaProjects/Rectangle/src/Rectangle.java,Rectangle::toString,27,36,Default task
2021-09-25T01:22:05.721+09:00,user,IdeState,Active,Rectangle,Editor,C:/Users/user/IdeaProjects/Rectangle/src/Rectangle.java,Rectangle::toString,27,37,Default task
2021-09-25T01:22:06.734+09:00,user,IdeState,Active,Rectangle,Editor,C:/Users/user/IdeaProjects/Rectangle/src/Rectangle.java,Rectangle::toString,27,37,Default task
2021-09-25T01:22:07.748+09:00,user,IdeState,Active,Rectangle,Editor,C:/Users/user/IdeaProjects/Rectangle/src/Rectangle.java,Rectangle::toString,27,43,Default task
2021-09-25T01:22:08.756+09:00,user,IdeState,Active,Rectangle,Editor,C:/Users/user/IdeaProjects/Rectangle/src/Rectangle.java,Rectangle::toString,27,43,Default task
2021-09-25T01:22:09.758+09:00,user,IdeState,Active,Rectangle,Editor,C:/Users/user/IdeaProjects/Rectangle/src/Rectangle.java,Rectangle::toString,27,44,Default task
2021-09-25T01:22:10.773+09:00,user,IdeState,Active,Rectangle,Editor,C:/Users/user/IdeaProjects/Rectangle/src/Rectangle.java,Rectangle::toString,27,46,Default task
2021-09-25T01:22:11.778+09:00,user,IdeState,Active,Rectangle,Editor,C:/Users/user/IdeaProjects/Rectangle/src/Rectangle.java,Rectangle::toString,27,45,Default task
2021-09-25T01:22:12.778+09:00,user,IdeState,Active,Rectangle,Editor,C:/Users/user/IdeaProjects/Rectangle/src/Rectangle.java,Rectangle::toString,27,47,Default task
2021-09-25T01:22:13.780+09:00,user,IdeState,Active,Rectangle,Editor,C:/Users/user/IdeaProjects/Rectangle/src/Rectangle.java,Rectangle::toString,27,47,Default task
2021-09-25T01:22:14.782+09:00,user,IdeState,Active,Rectangle,Editor,C:/Users/user/IdeaProjects/Rectangle/src/Rectangle.java,Rectangle::toString,27,47,Default task
2021-09-25T01:22:15.793+09:00,user,IdeState,Active,Rectangle,Editor,C:/Users/user/IdeaProjects/Rectangle/src/Rectangle.java,Rectangle::toString,27,48,Default task
2021-09-25T01:22:16.808+09:00,user,IdeState,Active,Rectangle,Editor,C:/Users/user/IdeaProjects/Rectangle/src/Rectangle.java,Rectangle::toString,27,48,Default task
2021-09-25T01:22:17.822+09:00,user,IdeState,Active,Rectangle,Editor,C:/Users/user/IdeaProjects/Rectangle/src/Rectangle.java,Rectangle::toString,27,49,Default task
2021-09-25T01:22:18.838+09:00,user,IdeState,Active,Rectangle,Editor,C:/Users/user/IdeaProjects/Rectangle/src/Rectangle.java,Rectangle::toString,27,56,Default task
2021-09-25T01:22:19.854+09:00,user,IdeState,Active,Rectangle,Editor,C:/Users/user/IdeaProjects/Rectangle/src/Rectangle.java,Rectangle::toString,27,56,Default task
2021-09-25T01:22:20.865+09:00,user,IdeState,Active,Rectangle,Editor,C:/Users/user/IdeaProjects/Rectangle/src/Rectangle.java,Rectangle::toString,27,62,Default task
2021-09-25T01:22:21.866+09:00,user,IdeState,Active,Rectangle,Editor,C:/Users/user/IdeaProjects/Rectangle/src/Rectangle.java,Rectangle::toString,27,62,Default task
2021-09-25T01:22:22.881+09:00,user,IdeState,Active,Rectangle,Editor,C:/Users/user/IdeaProjects/Rectangle/src/Rectangle.java,Rectangle::toString,27,62,Default task
2021-09-25T01:22:23.885+09:00,user,IdeState,Active,Rectangle,Editor,C:/Users/user/IdeaProjects/Rectangle/src/Rectangle.java,Rectangle::toString,27,63,Default task
2021-09-25T01:22:24.899+09:00,user,IdeState,Active,Rectangle,Editor,C:/Users/user/IdeaProjects/Rectangle/src/Rectangle.java,Rectangle::toString,27,64,Default task
2021-09-25T01:22:25.899+09:00,user,IdeState,Active,Rectangle,Editor,C:/Users/user/IdeaProjects/Rectangle/src/Rectangle.java,Rectangle::toString,27,65,Default task
2021-09-25T01:22:26.912+09:00,user,IdeState,Active,Rectangle,Editor,C:/Users/user/IdeaProjects/Rectangle/src/Rectangle.java,Rectangle::toString,27,64,Default task
2021-09-25T01:22:27.926+09:00,user,IdeState,Active,Rectangle,Editor,C:/Users/user/IdeaProjects/Rectangle/src/Rectangle.java,Rectangle::toString,27,64,Default task
2021-09-25T01:22:28.940+09:00,user,IdeState,Active,Rectangle,Editor,C:/Users/user/IdeaProjects/Rectangle/src/Rectangle.java,Rectangle::toString,27,67,Default task
2021-09-25T01:22:29.942+09:00,user,IdeState,Active,Rectangle,Editor,C:/Users/user/IdeaProjects/Rectangle/src/Rectangle.java,Rectangle::toString,27,68,Default task
2021-09-25T01:22:30.955+09:00,user,IdeState,Active,Rectangle,Editor,C:/Users/user/IdeaProjects/Rectangle/src/Rectangle.java,Rectangle::toString,27,68,Default task
2021-09-25T01:22:31.968+09:00,user,IdeState,Active,Rectangle,Editor,C:/Users/user/IdeaProjects/Rectangle/src/Rectangle.java,Rectangle::toString,27,64,Default task
2021-09-25T01:22:32.981+09:00,user,IdeState,Active,Rectangle,Editor,C:/Users/user/IdeaProjects/Rectangle/src/Rectangle.java,Rectangle::toString,27,64,Default task
2021-09-25T01:22:33.982+09:00,user,IdeState,Active,Rectangle,Editor,C:/Users/user/IdeaProjects/Rectangle/src/Rectangle.java,Rectangle::toString,27,65,Default task
2021-09-25T01:22:34.997+09:00,user,IdeState,Active,Rectangle,Editor,C:/Users/user/IdeaProjects/Rectangle/src/Rectangle.java,Rectangle::toString,27,65,Default task
2021-09-25T01:22:36.009+09:00,user,IdeState,Active,Rectangle,Editor,C:/Users/user/IdeaProjects/Rectangle/src/Rectangle.java,Rectangle::toString,27,64,Default task
2021-09-25T01:22:37.024+09:00,user,IdeState,Active,Rectangle,Editor,C:/Users/user/IdeaProjects/Rectangle/src/Rectangle.java,Rectangle::toString,27,65,Default task
2021-09-25T01:22:38.036+09:00,user,IdeState,Active,Rectangle,Editor,C:/Users/user/IdeaProjects/Rectangle/src/Rectangle.java,Rectangle::toString,27,68,Default task
2021-09-25T01:22:39.048+09:00,user,IdeState,Active,Rectangle,Editor,C:/Users/user/IdeaProjects/Rectangle/src/Rectangle.java,Rectangle::toString,27,69,Default task
2021-09-25T01:22:40.064+09:00,user,IdeState,Active,Rectangle,Editor,C:/Users/user/IdeaProjects/Rectangle/src/Rectangle.java,Rectangle::toString,27,70,Default task
2021-09-25T01:22:41.065+09:00,user,IdeState,Active,Rectangle,Editor,C:/Users/user/IdeaProjects/Rectangle/src/Rectangle.java,Rectangle::toString,27,70,Default task
2021-09-25T01:22:42.078+09:00,user,IdeState,Active,Rectangle,Editor,C:/Users/user/IdeaProjects/Rectangle/src/Rectangle.java,Rectangle::toString,28,16,Default task
2021-09-25T01:22:43.092+09:00,user,IdeState,Active,Rectangle,Editor,C:/Users/user/IdeaProjects/Rectangle/src/Rectangle.java,Rectangle::toString,28,16,Default task
2021-09-25T01:22:44.107+09:00,user,IdeState,Active,Rectangle,Editor,C:/Users/user/IdeaProjects/Rectangle/src/Rectangle.java,Rectangle::toString,28,17,Default task
2021-09-25T01:22:45.122+09:00,user,IdeState,Active,Rectangle,Editor,C:/Users/user/IdeaProjects/Rectangle/src/Rectangle.java,Rectangle::toString,28,27,Default task
2021-09-25T01:22:46.156+09:00,user,IdeState,Active,Rectangle,Editor,C:/Users/user/IdeaProjects/Rectangle/src/Rectangle.java,Rectangle::toString,28,28,Default task
2021-09-25T01:22:47.168+09:00,user,IdeState,Active,Rectangle,Editor,C:/Users/user/IdeaProjects/Rectangle/src/Rectangle.java,Rectangle::toString,28,34,Default task
2021-09-25T01:22:48.182+09:00,user,IdeState,Active,Rectangle,Editor,C:/Users/user/IdeaProjects/Rectangle/src/Rectangle.java,Rectangle::toString,28,34,Default task
2021-09-25T01:22:49.194+09:00,user,IdeState,Active,Rectangle,Editor,C:/Users/user/IdeaProjects/Rectangle/src/Rectangle.java,Rectangle::toString,28,34,Default task
2021-09-25T01:22:50.208+09:00,user,IdeState,Active,Rectangle,Editor,C:/Users/user/IdeaProjects/Rectangle/src/Rectangle.java,Rectangle::toString,28,35,Default task
2021-09-25T01:22:51.210+09:00,user,IdeState,Active,Rectangle,Editor,C:/Users/user/IdeaProjects/Rectangle/src/Rectangle.java,Rectangle::toString,28,37,Default task
2021-09-25T01:22:52.225+09:00,user,IdeState,Active,Rectangle,Editor,C:/Users/user/IdeaProjects/Rectangle/src/Rectangle.java,Rectangle::toString,28,36,Default task
2021-09-25T01:22:53.236+09:00,user,IdeState,Active,Rectangle,Editor,C:/Users/user/IdeaProjects/Rectangle/src/Rectangle.java,Rectangle::toString,28,38,Default task
2021-09-25T01:22:54.237+09:00,user,IdeState,Active,Rectangle,Editor,C:/Users/user/IdeaProjects/Rectangle/src/Rectangle.java,Rectangle::toString,28,39,Default task
2021-09-25T01:22:55.239+09:00,user,IdeState,Active,Rectangle,Editor,C:/Users/user/IdeaProjects/Rectangle/src/Rectangle.java,Rectangle::toString,28,40,Default task
2021-09-25T01:22:56.255+09:00,user,IdeState,Active,Rectangle,Editor,C:/Users/user/IdeaProjects/Rectangle/src/Rectangle.java,Rectangle::toString,28,50,Default task
2021-09-25T01:22:57.268+09:00,user,IdeState,Active,Rectangle,Editor,C:/Users/user/IdeaProjects/Rectangle/src/Rectangle.java,Rectangle::toString,28,51,Default task
2021-09-25T01:22:58.280+09:00,user,IdeState,Active,Rectangle,Editor,C:/Users/user/IdeaProjects/Rectangle/src/Rectangle.java,Rectangle::toString,28,57,Default task
2021-09-25T01:22:59.294+09:00,user,IdeState,Active,Rectangle,Editor,C:/Users/user/IdeaProjects/Rectangle/src/Rectangle.java,Rectangle::toString,28,57,Default task
2021-09-25T01:23:00.305+09:00,user,IdeState,Active,Rectangle,Editor,C:/Users/user/IdeaProjects/Rectangle/src/Rectangle.java,Rectangle::toString,28,58,Default task
2021-09-25T01:23:01.306+09:00,user,IdeState,Active,Rectangle,Editor,C:/Users/user/IdeaProjects/Rectangle/src/Rectangle.java,Rectangle::toString,28,58,Default task
2021-09-25T01:23:02.320+09:00,user,IdeState,Active,Rectangle,Editor,C:/Users/user/IdeaProjects/Rectangle/src/Rectangle.java,Rectangle::toString,28,58,Default task
2021-09-25T01:23:03.322+09:00,user,IdeState,Active,Rectangle,Editor,C:/Users/user/IdeaProjects/Rectangle/src/Rectangle.java,Rectangle::toString,28,59,Default task
2021-09-25T01:23:04.337+09:00,user,IdeState,Active,Rectangle,Editor,C:/Users/user/IdeaProjects/Rectangle/src/Rectangle.java,Rectangle::toString,28,61,Default task
2021-09-25T01:23:05.345+09:00,user,IdeState,Active,Rectangle,Editor,C:/Users/user/IdeaProjects/Rectangle/src/Rectangle.java,Rectangle::toString,28,61,Default task
2021-09-25T01:23:06.360+09:00,user,IdeState,Active,Rectangle,Editor,C:/Users/user/IdeaProjects/Rectangle/src/Rectangle.java,Rectangle::toString,28,62,Default task
2021-09-25T01:23:07.372+09:00,user,IdeState,Active,Rectangle,Editor,C:/Users/user/IdeaProjects/Rectangle/src/Rectangle.java,Rectangle::toString,28,63,Default task
2021-09-25T01:23:08.383+09:00,user,IdeState,Active,Rectangle,Editor,C:/Users/user/IdeaProjects/Rectangle/src/Rectangle.java,Rectangle::toString,28,63,Default task
2021-09-25T01:23:09.394+09:00,user,IdeState,Active,Rectangle,Editor,C:/Users/user/IdeaProjects/Rectangle/src/Rectangle.java,Rectangle::toString,28,63,Default task
2021-09-25T01:23:10.407+09:00,user,IdeState,Active,Rectangle,Editor,C:/Users/user/IdeaProjects/Rectangle/src/OverloadingTest.java,,0,0,Default task
2021-09-25T01:23:11.417+09:00,user,IdeState,Active,Rectangle,Editor,C:/Users/user/IdeaProjects/Rectangle/src/OverloadingTest.java,,0,0,Default task
2021-09-25T01:23:12.420+09:00,user,IdeState,Inactive,,,,,-1,-1,
2021-09-25T01:23:13.433+09:00,user,IdeState,Inactive,,,,,-1,-1,
2021-09-25T01:23:14.449+09:00,user,IdeState,Inactive,,,,,-1,-1,
2021-09-25T01:23:15.464+09:00,user,IdeState,Active,Rectangle,Editor,C:/Users/user/IdeaProjects/Rectangle/src/OverloadingTest.java,,1,0,Default task
2021-09-25T01:23:16.475+09:00,user,IdeState,Active,Rectangle,Editor,C:/Users/user/IdeaProjects/Rectangle/src/OverloadingTest.java,,0,0,Default task
2021-09-25T01:23:17.476+09:00,user,IdeState,Active,Rectangle,Editor,C:/Users/user/IdeaProjects/Rectangle/src/OverloadingTest.java,,0,2,Default task
2021-09-25T01:23:18.492+09:00,user,IdeState,Active,Rectangle,Editor,C:/Users/user/IdeaProjects/Rectangle/src/OverloadingTest.java,,0,7,Default task
2021-09-25T01:23:19.496+09:00,user,IdeState,Active,Rectangle,Editor,C:/Users/user/IdeaProjects/Rectangle/src/OverloadingTest.java,,0,5,Default task
2021-09-25T01:23:20.509+09:00,user,IdeState,Active,Rectangle,Editor,C:/Users/user/IdeaProjects/Rectangle/src/OverloadingTest.java,,0,1,Default task
2021-09-25T01:23:21.523+09:00,user,IdeState,Active,Rectangle,Editor,C:/Users/user/IdeaProjects/Rectangle/src/OverloadingTest.java,,0,7,Default task
2021-09-25T01:23:22.527+09:00,user,IdeState,Active,Rectangle,Editor,C:/Users/user/IdeaProjects/Rectangle/src/OverloadingTest.java,,0,29,Default task
2021-09-25T01:23:23.537+09:00,user,IdeState,Active,Rectangle,Editor,C:/Users/user/IdeaProjects/Rectangle/src/OverloadingTest.java,,0,30,Default task
2021-09-25T01:23:24.539+09:00,user,IdeState,Active,Rectangle,Editor,C:/Users/user/IdeaProjects/Rectangle/src/OverloadingTest.java,,1,5,Default task
2021-09-25T01:23:25.551+09:00,user,IdeState,Active,Rectangle,Editor,C:/Users/user/IdeaProjects/Rectangle/src/OverloadingTest.java,,1,11,Default task
2021-09-25T01:23:26.564+09:00,user,IdeState,Active,Rectangle,Editor,C:/Users/user/IdeaProjects/Rectangle/src/OverloadingTest.java,,1,13,Default task
2021-09-25T01:23:27.579+09:00,user,IdeState,Active,Rectangle,Editor,C:/Users/user/IdeaProjects/Rectangle/src/OverloadingTest.java,,1,18,Default task
2021-09-25T01:23:28.580+09:00,user,IdeState,Active,Rectangle,Editor,C:/Users/user/IdeaProjects/Rectangle/src/OverloadingTest.java,,1,23,Default task
2021-09-25T01:23:29.593+09:00,user,IdeState,Active,Rectangle,Editor,C:/Users/user/IdeaProjects/Rectangle/src/OverloadingTest.java,,1,26,Default task
2021-09-25T01:23:30.609+09:00,user,IdeState,Active,Rectangle,Editor,C:/Users/user/IdeaProjects/Rectangle/src/OverloadingTest.java,,1,27,Default task
2021-09-25T01:23:31.622+09:00,user,IdeState,Active,Rectangle,Editor,C:/Users/user/IdeaProjects/Rectangle/src/OverloadingTest.java,,1,27,Default task
2021-09-25T01:23:32.636+09:00,user,IdeState,Active,Rectangle,Editor,C:/Users/user/IdeaProjects/Rectangle/src/OverloadingTest.java,OverloadingTest::main,1,32,Default task
2021-09-25T01:23:33.647+09:00,user,IdeState,Active,Rectangle,Editor,C:/Users/user/IdeaProjects/Rectangle/src/OverloadingTest.java,OverloadingTest::main,1,34,Default task
2021-09-25T01:23:34.661+09:00,user,IdeState,Active,Rectangle,Editor,C:/Users/user/IdeaProjects/Rectangle/src/OverloadingTest.java,OverloadingTest::main,1,36,Default task
2021-09-25T01:23:35.665+09:00,user,IdeState,Active,Rectangle,Editor,C:/Users/user/IdeaProjects/Rectangle/src/OverloadingTest.java,OverloadingTest::main,1,40,Default task
2021-09-25T01:23:36.666+09:00,user,IdeState,Active,Rectangle,Editor,C:/Users/user/IdeaProjects/Rectangle/src/OverloadingTest.java,OverloadingTest::main,1,40,Default task
2021-09-25T01:23:37.677+09:00,user,IdeState,Active,Rectangle,Editor,C:/Users/user/IdeaProjects/Rectangle/src/OverloadingTest.java,,1,42,Default task
2021-09-25T01:23:38.691+09:00,user,IdeState,Active,Rectangle,Editor,C:/Users/user/IdeaProjects/Rectangle/src/OverloadingTest.java,OverloadingTest::main,2,8,Default task
2021-09-25T01:23:39.705+09:00,user,IdeState,Active,Rectangle,Editor,C:/Users/user/IdeaProjects/Rectangle/src/OverloadingTest.java,OverloadingTest::main,2,8,Default task
2021-09-25T01:23:40.708+09:00,user,IdeState,Active,Rectangle,Editor,C:/Users/user/IdeaProjects/Rectangle/src/OverloadingTest.java,OverloadingTest::main,2,10,Default task
2021-09-25T01:23:41.722+09:00,user,IdeState,Active,Rectangle,Editor,C:/Users/user/IdeaProjects/Rectangle/src/OverloadingTest.java,OverloadingTest::main,4,15,Default task
2021-09-25T01:23:42.737+09:00,user,IdeState,Active,Rectangle,Editor,C:/Users/user/IdeaProjects/Rectangle/src/OverloadingTest.java,OverloadingTest::main,4,18,Default task
2021-09-25T01:23:43.750+09:00,user,IdeState,Active,Rectangle,Editor,C:/Users/user/IdeaProjects/Rectangle/src/OverloadingTest.java,OverloadingTest::main,4,22,Default task
2021-09-25T01:23:44.758+09:00,user,IdeState,Active,Rectangle,Editor,C:/Users/user/IdeaProjects/Rectangle/src/OverloadingTest.java,OverloadingTest::main,4,25,Default task
2021-09-25T01:23:45.773+09:00,user,IdeState,Active,Rectangle,Editor,C:/Users/user/IdeaProjects/Rectangle/src/OverloadingTest.java,OverloadingTest::main,4,33,Default task
2021-09-25T01:23:46.779+09:00,user,IdeState,Active,Rectangle,Editor,C:/Users/user/IdeaProjects/Rectangle/src/OverloadingTest.java,OverloadingTest::main,4,34,Default task
2021-09-25T01:23:47.781+09:00,user,IdeState,Active,Rectangle,Editor,C:/Users/user/IdeaProjects/Rectangle/src/OverloadingTest.java,OverloadingTest::main,4,39,Default task
2021-09-25T01:23:48.785+09:00,user,IdeState,Active,Rectangle,Editor,C:/Users/user/IdeaProjects/Rectangle/src/OverloadingTest.java,OverloadingTest::main,4,42,Default task
2021-09-25T01:23:49.795+09:00,user,IdeState,Active,Rectangle,Editor,C:/Users/user/IdeaProjects/Rectangle/src/OverloadingTest.java,OverloadingTest::main,4,43,Default task
2021-09-25T01:23:50.812+09:00,user,IdeState,Active,Rectangle,Editor,C:/Users/user/IdeaProjects/Rectangle/src/OverloadingTest.java,OverloadingTest::main,5,8,Default task
2021-09-25T01:23:51.813+09:00,user,IdeState,Active,Rectangle,Editor,C:/Users/user/IdeaProjects/Rectangle/src/OverloadingTest.java,OverloadingTest::main,5,8,Default task
2021-09-25T01:23:52.820+09:00,user,IdeState,Active,Rectangle,Editor,C:/Users/user/IdeaProjects/Rectangle/src/OverloadingTest.java,OverloadingTest::main,5,17,Default task
2021-09-25T01:23:53.825+09:00,user,IdeState,Active,Rectangle,Editor,C:/Users/user/IdeaProjects/Rectangle/src/OverloadingTest.java,OverloadingTest::main,5,20,Default task
2021-09-25T01:23:54.827+09:00,user,IdeState,Active,Rectangle,Editor,C:/Users/user/IdeaProjects/Rectangle/src/OverloadingTest.java,OverloadingTest::main,5,28,Default task
2021-09-25T01:23:55.841+09:00,user,IdeState,Active,Rectangle,Editor,C:/Users/user/IdeaProjects/Rectangle/src/OverloadingTest.java,OverloadingTest::main,5,31,Default task
2021-09-25T01:23:56.848+09:00,user,IdeState,Active,Rectangle,Editor,C:/Users/user/IdeaProjects/Rectangle/src/OverloadingTest.java,OverloadingTest::main,5,35,Default task
2021-09-25T01:23:57.859+09:00,user,IdeState,Active,Rectangle,Editor,C:/Users/user/IdeaProjects/Rectangle/src/OverloadingTest.java,OverloadingTest::main,5,37,Default task
2021-09-25T01:23:58.869+09:00,user,IdeState,Active,Rectangle,Editor,C:/Users/user/IdeaProjects/Rectangle/src/OverloadingTest.java,OverloadingTest::main,5,45,Default task
2021-09-25T01:23:59.916+09:00,user,IdeState,Active,Rectangle,Editor,C:/Users/user/IdeaProjects/Rectangle/src/OverloadingTest.java,OverloadingTest::main,5,49,Default task
2021-09-25T01:24:00.932+09:00,user,IdeState,Active,Rectangle,Editor,C:/Users/user/IdeaProjects/Rectangle/src/OverloadingTest.java,OverloadingTest::main,5,49,Default task
2021-09-25T01:24:01.947+09:00,user,IdeState,Active,Rectangle,Editor,C:/Users/user/IdeaProjects/Rectangle/src/OverloadingTest.java,OverloadingTest::main,5,50,Default task
2021-09-25T01:24:02.965+09:00,user,IdeState,Active,Rectangle,Editor,C:/Users/user/IdeaProjects/Rectangle/src/OverloadingTest.java,OverloadingTest::main,5,55,Default task
2021-09-25T01:24:03.977+09:00,user,IdeState,Active,Rectangle,Editor,C:/Users/user/IdeaProjects/Rectangle/src/OverloadingTest.java,OverloadingTest::main,5,57,Default task
2021-09-25T01:24:04.987+09:00,user,IdeState,Active,Rectangle,Editor,C:/Users/user/IdeaProjects/Rectangle/src/OverloadingTest.java,OverloadingTest::main,5,58,Default task
2021-09-25T01:24:05.990+09:00,user,IdeState,Active,Rectangle,Editor,C:/Users/user/IdeaProjects/Rectangle/src/OverloadingTest.java,OverloadingTest::main,5,67,Default task
2021-09-25T01:24:06.997+09:00,user,IdeState,Active,Rectangle,Editor,C:/Users/user/IdeaProjects/Rectangle/src/OverloadingTest.java,OverloadingTest::main,5,68,Default task
2021-09-25T01:24:07.999+09:00,user,IdeState,Active,Rectangle,Editor,C:/Users/user/IdeaProjects/Rectangle/src/OverloadingTest.java,OverloadingTest::main,5,70,Default task
2021-09-25T01:24:09.011+09:00,user,IdeState,Active,Rectangle,Editor,C:/Users/user/IdeaProjects/Rectangle/src/OverloadingTest.java,OverloadingTest::main,5,70,Default task
2021-09-25T01:24:10.026+09:00,user,IdeState,Active,Rectangle,Editor,C:/Users/user/IdeaProjects/Rectangle/src/OverloadingTest.java,OverloadingTest::main,5,82,Default task
2021-09-25T01:24:11.038+09:00,user,IdeState,Active,Rectangle,Editor,C:/Users/user/IdeaProjects/Rectangle/src/OverloadingTest.java,OverloadingTest::main,5,83,Default task
2021-09-25T01:24:12.040+09:00,user,IdeState,Active,Rectangle,Editor,C:/Users/user/IdeaProjects/Rectangle/src/OverloadingTest.java,OverloadingTest::main,5,83,Default task
2021-09-25T01:24:13.049+09:00,user,IdeState,Active,Rectangle,Editor,C:/Users/user/IdeaProjects/Rectangle/src/OverloadingTest.java,OverloadingTest::main,5,83,Default task
2021-09-25T01:24:14.052+09:00,user,IdeState,Active,Rectangle,Editor,C:/Users/user/IdeaProjects/Rectangle/src/OverloadingTest.java,OverloadingTest::main,5,83,Default task
2021-09-25T01:24:15.065+09:00,user,IdeState,Active,Rectangle,Editor,C:/Users/user/IdeaProjects/Rectangle/src/OverloadingTest.java,OverloadingTest::main,5,83,Default task
2021-09-25T01:24:16.066+09:00,user,IdeState,Active,Rectangle,Editor,C:/Users/user/IdeaProjects/Rectangle/src/OverloadingTest.java,OverloadingTest::main,5,83,Default task
2021-09-25T01:24:17.068+09:00,user,IdeState,Active,Rectangle,Editor,C:/Users/user/IdeaProjects/Rectangle/src/OverloadingTest.java,OverloadingTest::main,6,16,Default task
2021-09-25T01:24:18.069+09:00,user,IdeState,Active,Rectangle,Editor,C:/Users/user/IdeaProjects/Rectangle/src/OverloadingTest.java,OverloadingTest::main,6,16,Default task
2021-09-25T01:24:19.081+09:00,user,IdeState,Active,Rectangle,Editor,C:/Users/user/IdeaProjects/Rectangle/src/OverloadingTest.java,OverloadingTest::main,6,20,Default task
2021-09-25T01:24:20.109+09:00,user,IdeState,Active,Rectangle,Editor,C:/Users/user/IdeaProjects/Rectangle/src/OverloadingTest.java,OverloadingTest::main,6,21,Default task
2021-09-25T01:24:21.113+09:00,user,IdeState,Active,Rectangle,Editor,C:/Users/user/IdeaProjects/Rectangle/src/OverloadingTest.java,OverloadingTest::main,6,26,Default task
2021-09-25T01:24:22.121+09:00,user,IdeState,Active,Rectangle,Editor,C:/Users/user/IdeaProjects/Rectangle/src/OverloadingTest.java,OverloadingTest::main,6,29,Default task
2021-09-25T01:24:23.126+09:00,user,IdeState,Active,Rectangle,Editor,C:/Users/user/IdeaProjects/Rectangle/src/OverloadingTest.java,OverloadingTest::main,6,38,Default task
2021-09-25T01:24:24.132+09:00,user,IdeState,Active,Rectangle,Editor,C:/Users/user/IdeaProjects/Rectangle/src/OverloadingTest.java,OverloadingTest::main,6,38,Default task
2021-09-25T01:24:25.149+09:00,user,IdeState,Active,Rectangle,Editor,C:/Users/user/IdeaProjects/Rectangle/src/OverloadingTest.java,OverloadingTest::main,6,39,Default task
2021-09-25T01:24:26.163+09:00,user,IdeState,Active,Rectangle,Editor,C:/Users/user/IdeaProjects/Rectangle/src/OverloadingTest.java,OverloadingTest::main,6,41,Default task
2021-09-25T01:24:27.179+09:00,user,IdeState,Active,Rectangle,Editor,C:/Users/user/IdeaProjects/Rectangle/src/OverloadingTest.java,OverloadingTest::main,6,53,Default task
2021-09-25T01:24:28.191+09:00,user,IdeState,Active,Rectangle,Editor,C:/Users/user/IdeaProjects/Rectangle/src/OverloadingTest.java,OverloadingTest::main,7,0,Default task
2021-09-25T01:24:29.200+09:00,user,IdeState,Active,Rectangle,Editor,C:/Users/user/IdeaProjects/Rectangle/src/OverloadingTest.java,OverloadingTest::main,6,55,Default task
2021-09-25T01:24:30.212+09:00,user,IdeState,Active,Rectangle,Editor,C:/Users/user/IdeaProjects/Rectangle/src/OverloadingTest.java,OverloadingTest::main,6,55,Default task
2021-09-25T01:24:31.227+09:00,user,IdeState,Active,Rectangle,Editor,C:/Users/user/IdeaProjects/Rectangle/src/OverloadingTest.java,OverloadingTest::main,7,8,Default task
2021-09-25T01:24:32.239+09:00,user,IdeState,Active,Rectangle,Editor,C:/Users/user/IdeaProjects/Rectangle/src/OverloadingTest.java,OverloadingTest::main,7,8,Default task
2021-09-25T01:24:33.252+09:00,user,IdeState,Active,Rectangle,Editor,C:/Users/user/IdeaProjects/Rectangle/src/OverloadingTest.java,OverloadingTest::main,6,31,Default task
2021-09-25T01:24:34.265+09:00,user,IdeState,Active,Rectangle,Editor,C:/Users/user/IdeaProjects/Rectangle/src/OverloadingTest.java,OverloadingTest::main,6,55,Default task
2021-09-25T01:24:35.267+09:00,user,IdeState,Active,Rectangle,Editor,C:/Users/user/IdeaProjects/Rectangle/src/OverloadingTest.java,OverloadingTest::main,7,8,Default task
2021-09-25T01:24:36.278+09:00,user,IdeState,Active,Rectangle,Editor,C:/Users/user/IdeaProjects/Rectangle/src/OverloadingTest.java,OverloadingTest::main,8,55,Default task
2021-09-25T01:24:37.292+09:00,user,IdeState,Active,Rectangle,Editor,C:/Users/user/IdeaProjects/Rectangle/src/OverloadingTest.java,OverloadingTest::main,7,27,Default task
2021-09-25T01:24:38.307+09:00,user,IdeState,Active,Rectangle,Editor,C:/Users/user/IdeaProjects/Rectangle/src/OverloadingTest.java,OverloadingTest::main,7,28,Default task
2021-09-25T01:24:39.320+09:00,user,IdeState,Active,Rectangle,Editor,C:/Users/user/IdeaProjects/Rectangle/src/OverloadingTest.java,OverloadingTest::main,8,55,Default task
2021-09-25T01:24:40.334+09:00,user,IdeState,Active,Rectangle,Editor,C:/Users/user/IdeaProjects/Rectangle/src/OverloadingTest.java,OverloadingTest::main,8,55,Default task
2021-09-25T01:24:41.345+09:00,user,IdeState,Active,Rectangle,Editor,C:/Users/user/IdeaProjects/Rectangle/src/OverloadingTest.java,OverloadingTest::main,10,10,Default task
2021-09-25T01:24:42.345+09:00,user,IdeState,Active,Rectangle,Editor,C:/Users/user/IdeaProjects/Rectangle/src/OverloadingTest.java,OverloadingTest::main,10,18,Default task
2021-09-25T01:24:43.355+09:00,user,IdeState,Active,Rectangle,Editor,C:/Users/user/IdeaProjects/Rectangle/src/OverloadingTest.java,OverloadingTest::main,10,26,Default task
2021-09-25T01:24:44.360+09:00,user,IdeState,Active,Rectangle,Editor,C:/Users/user/IdeaProjects/Rectangle/src/OverloadingTest.java,OverloadingTest::main,10,26,Default task
2021-09-25T01:24:45.375+09:00,user,IdeState,Active,Rectangle,Editor,C:/Users/user/IdeaProjects/Rectangle/src/OverloadingTest.java,OverloadingTest::main,10,28,Default task
2021-09-25T01:24:46.387+09:00,user,IdeState,Active,Rectangle,Editor,C:/Users/user/IdeaProjects/Rectangle/src/OverloadingTest.java,OverloadingTest::main,10,28,Default task
2021-09-25T01:24:47.399+09:00,user,IdeState,Active,Rectangle,Editor,C:/Users/user/IdeaProjects/Rectangle/src/OverloadingTest.java,OverloadingTest::main,10,38,Default task
2021-09-25T01:24:48.412+09:00,user,IdeState,Active,Rectangle,Editor,C:/Users/user/IdeaProjects/Rectangle/src/OverloadingTest.java,OverloadingTest::main,10,39,Default task
2021-09-25T01:24:49.414+09:00,user,IdeState,Active,Rectangle,Editor,C:/Users/user/IdeaProjects/Rectangle/src/OverloadingTest.java,OverloadingTest::main,10,41,Default task
2021-09-25T01:24:50.424+09:00,user,IdeState,Active,Rectangle,Editor,C:/Users/user/IdeaProjects/Rectangle/src/OverloadingTest.java,OverloadingTest::main,11,0,Default task
2021-09-25T01:24:51.436+09:00,user,IdeState,Active,Rectangle,Editor,C:/Users/user/IdeaProjects/Rectangle/src/OverloadingTest.java,OverloadingTest::main,10,54,Default task
2021-09-25T01:24:52.447+09:00,user,IdeState,Active,Rectangle,Editor,C:/Users/user/IdeaProjects/Rectangle/src/OverloadingTest.java,OverloadingTest::main,11,10,Default task
2021-09-25T01:24:53.457+09:00,user,IdeState,Active,Rectangle,Editor,C:/Users/user/IdeaProjects/Rectangle/src/OverloadingTest.java,OverloadingTest::main,11,10,Default task
2021-09-25T01:24:54.458+09:00,user,IdeState,Active,Rectangle,Editor,C:/Users/user/IdeaProjects/Rectangle/src/OverloadingTest.java,OverloadingTest::main,11,18,Default task
2021-09-25T01:24:55.476+09:00,user,IdeState,Active,Rectangle,Editor,C:/Users/user/IdeaProjects/Rectangle/src/OverloadingTest.java,OverloadingTest::main,11,26,Default task
2021-09-25T01:24:56.493+09:00,user,IdeState,Active,Rectangle,Editor,C:/Users/user/IdeaProjects/Rectangle/src/OverloadingTest.java,OverloadingTest::main,11,28,Default task
2021-09-25T01:24:57.506+09:00,user,IdeState,Active,Rectangle,Editor,C:/Users/user/IdeaProjects/Rectangle/src/OverloadingTest.java,OverloadingTest::main,11,38,Default task
2021-09-25T01:24:58.513+09:00,user,IdeState,Active,Rectangle,Editor,C:/Users/user/IdeaProjects/Rectangle/src/OverloadingTest.java,OverloadingTest::main,11,40,Default task
2021-09-25T01:24:59.524+09:00,user,IdeState,Active,Rectangle,Editor,C:/Users/user/IdeaProjects/Rectangle/src/OverloadingTest.java,OverloadingTest::main,12,10,Default task
2021-09-25T01:25:00.539+09:00,user,IdeState,Active,Rectangle,Editor,C:/Users/user/IdeaProjects/Rectangle/src/OverloadingTest.java,OverloadingTest::main,12,11,Default task
2021-09-25T01:25:01.554+09:00,user,IdeState,Active,Rectangle,Editor,C:/Users/user/IdeaProjects/Rectangle/src/OverloadingTest.java,OverloadingTest::main,12,19,Default task
2021-09-25T01:25:02.567+09:00,user,IdeState,Active,Rectangle,Editor,C:/Users/user/IdeaProjects/Rectangle/src/OverloadingTest.java,OverloadingTest::main,14,8,Default task
2021-09-25T01:25:03.582+09:00,user,IdeState,Active,Rectangle,Editor,C:/Users/user/IdeaProjects/Rectangle/src/OverloadingTest.java,OverloadingTest::main,14,8,Default task
2021-09-25T01:25:04.591+09:00,user,IdeState,Active,Rectangle,Editor,C:/Users/user/IdeaProjects/Rectangle/src/OverloadingTest.java,OverloadingTest::main,14,14,Default task
2021-09-25T01:25:05.593+09:00,user,IdeState,Active,Rectangle,Editor,C:/Users/user/IdeaProjects/Rectangle/src/OverloadingTest.java,OverloadingTest::main,14,19,Default task
2021-09-25T01:25:06.607+09:00,user,IdeState,Active,Rectangle,Editor,C:/Users/user/IdeaProjects/Rectangle/src/OverloadingTest.java,OverloadingTest::main,14,27,Default task
2021-09-25T01:25:07.623+09:00,user,IdeState,Active,Rectangle,Editor,C:/Users/user/IdeaProjects/Rectangle/src/OverloadingTest.java,OverloadingTest::main,14,27,Default task
2021-09-25T01:25:08.623+09:00,user,IdeState,Active,Rectangle,Editor,C:/Users/user/IdeaProjects/Rectangle/src/OverloadingTest.java,OverloadingTest::main,14,37,Default task
2021-09-25T01:25:09.643+09:00,user,IdeState,Active,Rectangle,Editor,C:/Users/user/IdeaProjects/Rectangle/src/OverloadingTest.java,OverloadingTest::main,14,39,Default task
2021-09-25T01:25:10.653+09:00,user,IdeState,Active,Rectangle,Editor,C:/Users/user/IdeaProjects/Rectangle/src/OverloadingTest.java,OverloadingTest::main,15,9,Default task
2021-09-25T01:25:11.669+09:00,user,IdeState,Active,Rectangle,Editor,C:/Users/user/IdeaProjects/Rectangle/src/OverloadingTest.java,OverloadingTest::main,15,15,Default task
2021-09-25T01:25:12.681+09:00,user,IdeState,Active,Rectangle,Editor,C:/Users/user/IdeaProjects/Rectangle/src/OverloadingTest.java,OverloadingTest::main,15,27,Default task
2021-09-25T01:25:13.697+09:00,user,IdeState,Active,Rectangle,Editor,C:/Users/user/IdeaProjects/Rectangle/src/OverloadingTest.java,OverloadingTest::main,15,29,Default task
2021-09-25T01:25:14.711+09:00,user,IdeState,Active,Rectangle,Editor,C:/Users/user/IdeaProjects/Rectangle/src/OverloadingTest.java,OverloadingTest::main,15,37,Default task
2021-09-25T01:25:15.721+09:00,user,IdeState,Active,Rectangle,Editor,C:/Users/user/IdeaProjects/Rectangle/src/OverloadingTest.java,OverloadingTest::main,15,37,Default task
2021-09-25T01:25:16.735+09:00,user,IdeState,Active,Rectangle,Editor,C:/Users/user/IdeaProjects/Rectangle/src/OverloadingTest.java,OverloadingTest::main,14,32,Default task
2021-09-25T01:25:17.741+09:00,user,IdeState,Active,Rectangle,Editor,C:/Users/user/IdeaProjects/Rectangle/src/OverloadingTest.java,,1,0,Default task
2021-09-25T01:25:18.752+09:00,user,IdeState,Active,Rectangle,Popup,C:/Users/user/IdeaProjects/Rectangle/src/OverloadingTest.java,,1,0,Default task
2021-09-25T01:25:19.764+09:00,user,IdeState,Active,Rectangle,Popup,C:/Users/user/IdeaProjects/Rectangle/src/OverloadingTest.java,,1,0,Default task
2021-09-25T01:25:20.810+09:00,user,IdeState,Active,Rectangle,Editor,C:/Users/user/IdeaProjects/Rectangle/src/OverloadingTest.java,,1,0,Default task
2021-09-25T01:25:21.820+09:00,user,IdeState,Active,Rectangle,Editor,C:/Users/user/IdeaProjects/Rectangle/src/OverloadingTest.java,,1,0,Default task
2021-09-25T01:25:22.823+09:00,user,IdeState,Active,Rectangle,Editor,C:/Users/user/IdeaProjects/Rectangle/src/OverloadingTest.java,,1,0,Default task
2021-09-25T01:25:23.831+09:00,user,IdeState,Active,Rectangle,Editor,C:/Users/user/IdeaProjects/Rectangle/src/OverloadingTest.java,,1,0,Default task
2021-09-25T01:25:24.844+09:00,user,IdeState,Active,Rectangle,Editor,C:/Users/user/IdeaProjects/Rectangle/src/OverloadingTest.java,,1,0,Default task
2021-09-25T01:25:25.856+09:00,user,IdeState,Active,Rectangle,Editor,C:/Users/user/IdeaProjects/Rectangle/src/OverloadingTest.java,,1,0,Default task
2021-09-25T01:25:26.857+09:00,user,IdeState,Active,Rectangle,Editor,C:/Users/user/IdeaProjects/Rectangle/src/OverloadingTest.java,,1,0,Default task
2021-09-25T01:25:27.871+09:00,user,IdeState,Active,Rectangle,Editor,C:/Users/user/IdeaProjects/Rectangle/src/OverloadingTest.java,,1,0,Default task
2021-09-25T01:25:28.884+09:00,user,IdeState,Active,Rectangle,Editor,C:/Users/user/IdeaProjects/Rectangle/src/OverloadingTest.java,,1,0,Default task
2021-09-25T01:25:29.899+09:00,user,IdeState,Active,Rectangle,Editor,C:/Users/user/IdeaProjects/Rectangle/src/OverloadingTest.java,,1,0,Default task
2021-09-25T01:25:30.900+09:00,user,IdeState,Active,Rectangle,Editor,C:/Users/user/IdeaProjects/Rectangle/src/OverloadingTest.java,,1,0,Default task
2021-09-25T01:25:31.914+09:00,user,IdeState,Active,Rectangle,Editor,C:/Users/user/IdeaProjects/Rectangle/src/OverloadingTest.java,,1,0,Default task
2021-09-25T01:25:32.929+09:00,user,IdeState,Active,Rectangle,Editor,C:/Users/user/IdeaProjects/Rectangle/src/OverloadingTest.java,,1,0,Default task
2021-09-25T01:25:33.942+09:00,user,IdeState,Active,Rectangle,Editor,C:/Users/user/IdeaProjects/Rectangle/src/OverloadingTest.java,,1,0,Default task
2021-09-25T01:25:34.959+09:00,user,IdeState,Active,Rectangle,Editor,C:/Users/user/IdeaProjects/Rectangle/src/OverloadingTest.java,,1,0,Default task
2021-09-25T01:25:35.964+09:00,user,IdeState,Active,Rectangle,Editor,C:/Users/user/IdeaProjects/Rectangle/src/OverloadingTest.java,,1,0,Default task
2021-09-25T01:25:36.965+09:00,user,IdeState,Active,Rectangle,Editor,C:/Users/user/IdeaProjects/Rectangle/src/OverloadingTest.java,,1,0,Default task
2021-09-25T01:25:37.969+09:00,user,IdeState,Active,Rectangle,Editor,C:/Users/user/IdeaProjects/Rectangle/src/OverloadingTest.java,,1,0,Default task
2021-09-25T01:25:38.980+09:00,user,IdeState,Active,Rectangle,Editor,C:/Users/user/IdeaProjects/Rectangle/src/OverloadingTest.java,,1,0,Default task
2021-09-25T01:25:39.990+09:00,user,IdeState,Active,Rectangle,Editor,C:/Users/user/IdeaProjects/Rectangle/src/OverloadingTest.java,,1,0,Default task
2021-09-25T01:25:40.999+09:00,user,IdeState,Active,Rectangle,Editor,C:/Users/user/IdeaProjects/Rectangle/src/OverloadingTest.java,,1,0,Default task
2021-09-25T01:25:42.009+09:00,user,IdeState,Active,Rectangle,Editor,C:/Users/user/IdeaProjects/Rectangle/src/OverloadingTest.java,,1,0,Default task
2021-09-25T01:25:43.022+09:00,user,IdeState,Active,Rectangle,Editor,C:/Users/user/IdeaProjects/Rectangle/src/OverloadingTest.java,,1,0,Default task
2021-09-25T01:25:44.035+09:00,user,IdeState,Active,Rectangle,Popup,C:/Users/user/IdeaProjects/Rectangle/src/OverloadingTest.java,,1,0,Default task
2021-09-25T01:25:45.051+09:00,user,IdeState,Active,Rectangle,Editor,C:/Users/user/IdeaProjects/Rectangle/src/OverloadingTest.java,,1,0,Default task
2021-09-25T01:25:46.066+09:00,user,IdeState,Active,Rectangle,Popup,C:/Users/user/IdeaProjects/Rectangle/src/Point.java,,0,20,Default task
2021-09-25T01:25:47.070+09:00,user,IdeState,Active,Rectangle,Editor,C:/Users/user/IdeaProjects/Rectangle/src/Point.java,,0,20,Default task
2021-09-25T01:25:48.090+09:00,user,IdeState,Active,Rectangle,Popup,C:/Users/user/IdeaProjects/Rectangle/src/Rectangle.java,Rectangle::toString,28,63,Default task
2021-09-25T01:25:49.092+09:00,user,IdeState,Active,Rectangle,Popup,C:/Users/user/IdeaProjects/Rectangle/src/Rectangle.java,Rectangle::toString,28,63,Default task
2021-09-25T01:25:50.101+09:00,user,IdeState,Active,Rectangle,Editor,C:/Users/user/IdeaProjects/Rectangle/src/Rectangle.java,Rectangle::toString,28,63,Default task
2021-09-25T01:25:51.115+09:00,user,IdeState,Active,Rectangle,Popup,C:/Users/user/IdeaProjects/Rectangle/src/Rectangle.java,Rectangle::toString,28,63,Default task
