2021-09-28T23:00:37.009+09:00,user,IdeState,Active,ReflectionTest,Editor,C:/Users/user/IdeaProjects/ReflectionTest/src/ReflectionTest.java,,0,0,Default task
2021-09-28T23:00:38.010+09:00,user,IdeState,Active,ReflectionTest,Editor,C:/Users/user/IdeaProjects/ReflectionTest/src/ReflectionTest.java,,0,0,Default task
2021-09-28T23:00:39.015+09:00,user,IdeState,Active,ReflectionTest,Editor,C:/Users/user/IdeaProjects/ReflectionTest/src/ReflectionTest.java,,0,0,Default task
2021-09-28T23:00:40.020+09:00,user,IdeState,Active,ReflectionTest,Editor,C:/Users/user/IdeaProjects/ReflectionTest/src/ReflectionTest.java,,0,7,Default task
2021-09-28T23:00:41.035+09:00,user,IdeState,Active,ReflectionTest,Editor,C:/Users/user/IdeaProjects/ReflectionTest/src/ReflectionTest.java,,0,7,Default task
2021-09-28T23:00:42.051+09:00,user,IdeState,Active,ReflectionTest,Editor,C:/Users/user/IdeaProjects/ReflectionTest/src/ReflectionTest.java,,0,28,Default task
2021-09-28T23:00:43.066+09:00,user,IdeState,Active,ReflectionTest,Editor,C:/Users/user/IdeaProjects/ReflectionTest/src/ReflectionTest.java,,0,29,Default task
2021-09-28T23:00:44.074+09:00,user,IdeState,Active,ReflectionTest,Editor,C:/Users/user/IdeaProjects/ReflectionTest/src/ReflectionTest.java,,1,4,Default task
2021-09-28T23:00:45.078+09:00,user,IdeState,Active,ReflectionTest,Editor,C:/Users/user/IdeaProjects/ReflectionTest/src/ReflectionTest.java,,1,12,Default task
2021-09-28T23:00:46.090+09:00,user,IdeState,Active,ReflectionTest,Editor,C:/Users/user/IdeaProjects/ReflectionTest/src/ReflectionTest.java,,1,18,Default task
2021-09-28T23:00:47.106+09:00,user,IdeState,Active,ReflectionTest,Editor,C:/Users/user/IdeaProjects/ReflectionTest/src/ReflectionTest.java,,1,23,Default task
2021-09-28T23:00:48.119+09:00,user,IdeState,Active,ReflectionTest,Editor,C:/Users/user/IdeaProjects/ReflectionTest/src/ReflectionTest.java,,1,27,Default task
2021-09-28T23:00:49.133+09:00,user,IdeState,Active,ReflectionTest,Editor,C:/Users/user/IdeaProjects/ReflectionTest/src/ReflectionTest.java,ReflectionTest::main,1,29,Default task
2021-09-28T23:00:50.146+09:00,user,IdeState,Active,ReflectionTest,Editor,C:/Users/user/IdeaProjects/ReflectionTest/src/ReflectionTest.java,ReflectionTest::main,1,34,Default task
2021-09-28T23:00:51.161+09:00,user,IdeState,Active,ReflectionTest,Editor,C:/Users/user/IdeaProjects/ReflectionTest/src/ReflectionTest.java,ReflectionTest::main,1,36,Default task
2021-09-28T23:00:52.186+09:00,user,IdeState,Active,ReflectionTest,Editor,C:/Users/user/IdeaProjects/ReflectionTest/src/ReflectionTest.java,ReflectionTest::main,1,41,Default task
2021-09-28T23:00:53.193+09:00,user,IdeState,Active,ReflectionTest,Editor,C:/Users/user/IdeaProjects/ReflectionTest/src/ReflectionTest.java,ReflectionTest::main,1,43,Default task
2021-09-28T23:00:54.208+09:00,user,IdeState,Active,ReflectionTest,Editor,C:/Users/user/IdeaProjects/ReflectionTest/src/ReflectionTest.java,ReflectionTest::main,2,8,Default task
2021-09-28T23:00:55.210+09:00,user,IdeState,Active,ReflectionTest,Editor,C:/Users/user/IdeaProjects/ReflectionTest/src/ReflectionTest.java,ReflectionTest::main,2,9,Default task
2021-09-28T23:00:56.221+09:00,user,IdeState,Active,ReflectionTest,Editor,C:/Users/user/IdeaProjects/ReflectionTest/src/ReflectionTest.java,ReflectionTest::main,2,10,Default task
2021-09-28T23:00:57.224+09:00,user,IdeState,Active,ReflectionTest,Editor,C:/Users/user/IdeaProjects/ReflectionTest/src/ReflectionTest.java,ReflectionTest::main,4,18,Default task
2021-09-28T23:00:58.237+09:00,user,IdeState,Active,ReflectionTest,Editor,C:/Users/user/IdeaProjects/ReflectionTest/src/ReflectionTest.java,ReflectionTest::main,4,24,Default task
2021-09-28T23:00:59.253+09:00,user,IdeState,Active,ReflectionTest,Editor,C:/Users/user/IdeaProjects/ReflectionTest/src/ReflectionTest.java,ReflectionTest::main,4,26,Default task
2021-09-28T23:01:00.262+09:00,user,IdeState,Active,ReflectionTest,Editor,C:/Users/user/IdeaProjects/ReflectionTest/src/ReflectionTest.java,ReflectionTest::main,4,30,Default task
2021-09-28T23:01:01.317+09:00,user,IdeState,Active,ReflectionTest,Editor,C:/Users/user/IdeaProjects/ReflectionTest/src/ReflectionTest.java,ReflectionTest::main,4,31,Default task
2021-09-28T23:01:02.326+09:00,user,IdeState,Active,ReflectionTest,Editor,C:/Users/user/IdeaProjects/ReflectionTest/src/ReflectionTest.java,ReflectionTest::main,4,38,Default task
2021-09-28T23:01:03.341+09:00,user,IdeState,Active,ReflectionTest,Editor,C:/Users/user/IdeaProjects/ReflectionTest/src/ReflectionTest.java,ReflectionTest::main,4,44,Default task
2021-09-28T23:01:04.357+09:00,user,IdeState,Active,ReflectionTest,Editor,C:/Users/user/IdeaProjects/ReflectionTest/src/ReflectionTest.java,ReflectionTest::main,4,39,Default task
2021-09-28T23:01:05.372+09:00,user,IdeState,Active,ReflectionTest,Editor,C:/Users/user/IdeaProjects/ReflectionTest/src/ReflectionTest.java,ReflectionTest::main,4,44,Default task
2021-09-28T23:01:06.385+09:00,user,IdeState,Active,ReflectionTest,Editor,C:/Users/user/IdeaProjects/ReflectionTest/src/ReflectionTest.java,ReflectionTest::main,4,47,Default task
2021-09-28T23:01:07.399+09:00,user,IdeState,Active,ReflectionTest,Editor,C:/Users/user/IdeaProjects/ReflectionTest/src/ReflectionTest.java,ReflectionTest::main,4,48,Default task
2021-09-28T23:01:08.405+09:00,user,IdeState,Active,ReflectionTest,Editor,C:/Users/user/IdeaProjects/ReflectionTest/src/ReflectionTest.java,ReflectionTest::main,5,8,Default task
2021-09-28T23:01:09.408+09:00,user,IdeState,Active,ReflectionTest,Editor,C:/Users/user/IdeaProjects/ReflectionTest/src/ReflectionTest.java,ReflectionTest::main,5,9,Default task
2021-09-28T23:01:10.422+09:00,user,IdeState,Active,ReflectionTest,Editor,C:/Users/user/IdeaProjects/ReflectionTest/src/ReflectionTest.java,ReflectionTest::main,5,9,Default task
2021-09-28T23:01:11.435+09:00,user,IdeState,Active,ReflectionTest,Editor,C:/Users/user/IdeaProjects/ReflectionTest/src/ReflectionTest.java,ReflectionTest::main,5,9,Default task
2021-09-28T23:01:12.449+09:00,user,IdeState,Active,ReflectionTest,Editor,C:/Users/user/IdeaProjects/ReflectionTest/src/ReflectionTest.java,ReflectionTest::main,5,15,Default task
2021-09-28T23:01:13.459+09:00,user,IdeState,Active,ReflectionTest,Editor,C:/Users/user/IdeaProjects/ReflectionTest/src/ReflectionTest.java,ReflectionTest::main,5,19,Default task
2021-09-28T23:01:14.464+09:00,user,IdeState,Active,ReflectionTest,Editor,C:/Users/user/IdeaProjects/ReflectionTest/src/ReflectionTest.java,ReflectionTest::main,5,20,Default task
2021-09-28T23:01:15.467+09:00,user,IdeState,Active,ReflectionTest,Editor,C:/Users/user/IdeaProjects/ReflectionTest/src/ReflectionTest.java,ReflectionTest::main,5,23,Default task
2021-09-28T23:01:16.481+09:00,user,IdeState,Active,ReflectionTest,Editor,C:/Users/user/IdeaProjects/ReflectionTest/src/ReflectionTest.java,ReflectionTest::main,5,25,Default task
2021-09-28T23:01:17.495+09:00,user,IdeState,Active,ReflectionTest,Editor,C:/Users/user/IdeaProjects/ReflectionTest/src/ReflectionTest.java,ReflectionTest::main,5,26,Default task
2021-09-28T23:01:18.496+09:00,user,IdeState,Active,ReflectionTest,Editor,C:/Users/user/IdeaProjects/ReflectionTest/src/ReflectionTest.java,ReflectionTest::main,5,26,Default task
2021-09-28T23:01:19.509+09:00,user,IdeState,Active,ReflectionTest,Editor,C:/Users/user/IdeaProjects/ReflectionTest/src/ReflectionTest.java,ReflectionTest::main,5,26,Default task
2021-09-28T23:01:20.523+09:00,user,IdeState,Active,ReflectionTest,Editor,C:/Users/user/IdeaProjects/ReflectionTest/src/ReflectionTest.java,ReflectionTest::main,4,18,Default task
2021-09-28T23:01:21.536+09:00,user,IdeState,Active,ReflectionTest,Editor,C:/Users/user/IdeaProjects/ReflectionTest/src/ReflectionTest.java,ReflectionTest::main,4,18,Default task
2021-09-28T23:01:22.549+09:00,user,IdeState,Active,ReflectionTest,Editor,C:/Users/user/IdeaProjects/ReflectionTest/src/ReflectionTest.java,ReflectionTest::main,4,18,Default task
2021-09-28T23:01:23.561+09:00,user,IdeState,Active,ReflectionTest,Editor,C:/Users/user/IdeaProjects/ReflectionTest/src/ReflectionTest.java,ReflectionTest::main,5,26,Default task
2021-09-28T23:01:24.575+09:00,user,IdeState,Active,ReflectionTest,Editor,C:/Users/user/IdeaProjects/ReflectionTest/src/ReflectionTest.java,ReflectionTest::main,5,27,Default task
2021-09-28T23:01:25.578+09:00,user,IdeState,Active,ReflectionTest,Editor,C:/Users/user/IdeaProjects/ReflectionTest/src/ReflectionTest.java,ReflectionTest::main,5,32,Default task
2021-09-28T23:01:26.590+09:00,user,IdeState,Active,ReflectionTest,Editor,C:/Users/user/IdeaProjects/ReflectionTest/src/ReflectionTest.java,ReflectionTest::main,6,8,Default task
2021-09-28T23:01:27.604+09:00,user,IdeState,Active,ReflectionTest,Editor,C:/Users/user/IdeaProjects/ReflectionTest/src/ReflectionTest.java,ReflectionTest::main,6,9,Default task
2021-09-28T23:01:28.608+09:00,user,IdeState,Active,ReflectionTest,Editor,C:/Users/user/IdeaProjects/ReflectionTest/src/ReflectionTest.java,ReflectionTest::main,6,9,Default task
2021-09-28T23:01:29.609+09:00,user,IdeState,Active,ReflectionTest,Editor,C:/Users/user/IdeaProjects/ReflectionTest/src/ReflectionTest.java,ReflectionTest::main,6,14,Default task
2021-09-28T23:01:30.621+09:00,user,IdeState,Active,ReflectionTest,Editor,C:/Users/user/IdeaProjects/ReflectionTest/src/ReflectionTest.java,ReflectionTest::main,6,14,Default task
2021-09-28T23:01:31.629+09:00,user,IdeState,Active,ReflectionTest,Editor,C:/Users/user/IdeaProjects/ReflectionTest/src/ReflectionTest.java,ReflectionTest::main,6,14,Default task
2021-09-28T23:01:32.643+09:00,user,IdeState,Active,ReflectionTest,Editor,C:/Users/user/IdeaProjects/ReflectionTest/src/ReflectionTest.java,ReflectionTest::main,5,10,Default task
2021-09-28T23:01:33.655+09:00,user,IdeState,Active,ReflectionTest,Editor,C:/Users/user/IdeaProjects/ReflectionTest/src/ReflectionTest.java,ReflectionTest::main,5,9,Default task
2021-09-28T23:01:34.671+09:00,user,IdeState,Active,ReflectionTest,Editor,C:/Users/user/IdeaProjects/ReflectionTest/src/ReflectionTest.java,ReflectionTest::main,5,11,Default task
2021-09-28T23:01:35.681+09:00,user,IdeState,Active,ReflectionTest,Editor,C:/Users/user/IdeaProjects/ReflectionTest/src/ReflectionTest.java,ReflectionTest::main,5,14,Default task
2021-09-28T23:01:36.696+09:00,user,IdeState,Active,ReflectionTest,Editor,C:/Users/user/IdeaProjects/ReflectionTest/src/ReflectionTest.java,ReflectionTest::main,6,14,Default task
2021-09-28T23:01:37.711+09:00,user,IdeState,Active,ReflectionTest,Editor,C:/Users/user/IdeaProjects/ReflectionTest/src/ReflectionTest.java,ReflectionTest::main,6,17,Default task
2021-09-28T23:01:38.725+09:00,user,IdeState,Active,ReflectionTest,Editor,C:/Users/user/IdeaProjects/ReflectionTest/src/ReflectionTest.java,ReflectionTest::main,6,19,Default task
2021-09-28T23:01:39.737+09:00,user,IdeState,Active,ReflectionTest,Editor,C:/Users/user/IdeaProjects/ReflectionTest/src/ReflectionTest.java,ReflectionTest::main,6,22,Default task
2021-09-28T23:01:40.738+09:00,user,IdeState,Active,ReflectionTest,Editor,C:/Users/user/IdeaProjects/ReflectionTest/src/ReflectionTest.java,ReflectionTest::main,6,25,Default task
2021-09-28T23:01:41.751+09:00,user,IdeState,Active,ReflectionTest,Editor,C:/Users/user/IdeaProjects/ReflectionTest/src/ReflectionTest.java,ReflectionTest::main,6,37,Default task
2021-09-28T23:01:42.759+09:00,user,IdeState,Active,ReflectionTest,Editor,C:/Users/user/IdeaProjects/ReflectionTest/src/ReflectionTest.java,ReflectionTest::main,7,8,Default task
2021-09-28T23:01:43.766+09:00,user,IdeState,Active,ReflectionTest,Editor,C:/Users/user/IdeaProjects/ReflectionTest/src/ReflectionTest.java,ReflectionTest::main,7,9,Default task
2021-09-28T23:01:44.781+09:00,user,IdeState,Active,ReflectionTest,Editor,C:/Users/user/IdeaProjects/ReflectionTest/src/ReflectionTest.java,ReflectionTest::main,7,19,Default task
2021-09-28T23:01:45.787+09:00,user,IdeState,Active,ReflectionTest,Editor,C:/Users/user/IdeaProjects/ReflectionTest/src/ReflectionTest.java,ReflectionTest::main,7,19,Default task
2021-09-28T23:01:46.798+09:00,user,IdeState,Active,ReflectionTest,Editor,C:/Users/user/IdeaProjects/ReflectionTest/src/ReflectionTest.java,ReflectionTest::main,9,8,Default task
2021-09-28T23:01:47.812+09:00,user,IdeState,Active,ReflectionTest,Editor,C:/Users/user/IdeaProjects/ReflectionTest/src/ReflectionTest.java,ReflectionTest::main,9,9,Default task
2021-09-28T23:01:48.815+09:00,user,IdeState,Active,ReflectionTest,Editor,C:/Users/user/IdeaProjects/ReflectionTest/src/ReflectionTest.java,ReflectionTest::main,9,15,Default task
2021-09-28T23:01:49.817+09:00,user,IdeState,Active,ReflectionTest,Editor,C:/Users/user/IdeaProjects/ReflectionTest/src/ReflectionTest.java,ReflectionTest::main,9,17,Default task
2021-09-28T23:01:50.832+09:00,user,IdeState,Active,ReflectionTest,Editor,C:/Users/user/IdeaProjects/ReflectionTest/src/ReflectionTest.java,ReflectionTest::main,9,20,Default task
2021-09-28T23:01:51.848+09:00,user,IdeState,Active,ReflectionTest,Editor,C:/Users/user/IdeaProjects/ReflectionTest/src/ReflectionTest.java,ReflectionTest::main,9,21,Default task
2021-09-28T23:01:52.854+09:00,user,IdeState,Active,ReflectionTest,Editor,C:/Users/user/IdeaProjects/ReflectionTest/src/ReflectionTest.java,ReflectionTest::main,9,20,Default task
2021-09-28T23:01:53.870+09:00,user,IdeState,Active,ReflectionTest,Editor,C:/Users/user/IdeaProjects/ReflectionTest/src/ReflectionTest.java,ReflectionTest::main,9,22,Default task
2021-09-28T23:01:54.873+09:00,user,IdeState,Active,ReflectionTest,Editor,C:/Users/user/IdeaProjects/ReflectionTest/src/ReflectionTest.java,ReflectionTest::main,9,24,Default task
2021-09-28T23:01:55.876+09:00,user,IdeState,Active,ReflectionTest,Editor,C:/Users/user/IdeaProjects/ReflectionTest/src/ReflectionTest.java,ReflectionTest::main,9,27,Default task
2021-09-28T23:01:56.889+09:00,user,IdeState,Active,ReflectionTest,Editor,C:/Users/user/IdeaProjects/ReflectionTest/src/ReflectionTest.java,ReflectionTest::main,9,32,Default task
2021-09-28T23:01:57.892+09:00,user,IdeState,Active,ReflectionTest,Editor,C:/Users/user/IdeaProjects/ReflectionTest/src/ReflectionTest.java,ReflectionTest::main,9,35,Default task
2021-09-28T23:01:58.895+09:00,user,IdeState,Active,ReflectionTest,Editor,C:/Users/user/IdeaProjects/ReflectionTest/src/ReflectionTest.java,ReflectionTest::main,9,38,Default task
2021-09-28T23:01:59.899+09:00,user,IdeState,Active,ReflectionTest,Editor,C:/Users/user/IdeaProjects/ReflectionTest/src/ReflectionTest.java,ReflectionTest::main,10,8,Default task
2021-09-28T23:02:00.902+09:00,user,IdeState,Active,ReflectionTest,Editor,C:/Users/user/IdeaProjects/ReflectionTest/src/ReflectionTest.java,ReflectionTest::main,10,9,Default task
2021-09-28T23:02:01.937+09:00,user,IdeState,Active,ReflectionTest,Editor,C:/Users/user/IdeaProjects/ReflectionTest/src/ReflectionTest.java,ReflectionTest::main,11,23,Default task
2021-09-28T23:02:02.946+09:00,user,IdeState,Active,ReflectionTest,Editor,C:/Users/user/IdeaProjects/ReflectionTest/src/ReflectionTest.java,ReflectionTest::main,11,23,Default task
2021-09-28T23:02:03.962+09:00,user,IdeState,Active,ReflectionTest,Editor,C:/Users/user/IdeaProjects/ReflectionTest/src/ReflectionTest.java,ReflectionTest::main,11,23,Default task
2021-09-28T23:02:04.968+09:00,user,IdeState,Active,ReflectionTest,Editor,C:/Users/user/IdeaProjects/ReflectionTest/src/ReflectionTest.java,ReflectionTest::main,11,23,Default task
2021-09-28T23:02:05.971+09:00,user,IdeState,Active,ReflectionTest,Editor,C:/Users/user/IdeaProjects/ReflectionTest/src/ReflectionTest.java,ReflectionTest::main,11,23,Default task
2021-09-28T23:02:06.990+09:00,user,IdeState,Active,ReflectionTest,Editor,C:/Users/user/IdeaProjects/ReflectionTest/src/ReflectionTest.java,ReflectionTest::main,11,8,Default task
2021-09-28T23:02:08.006+09:00,user,IdeState,Active,ReflectionTest,Editor,C:/Users/user/IdeaProjects/ReflectionTest/src/ReflectionTest.java,ReflectionTest::main::[Callable]::call,13,0,Default task
2021-09-28T23:02:09.010+09:00,user,IdeState,Active,ReflectionTest,Editor,C:/Users/user/IdeaProjects/ReflectionTest/src/ReflectionTest.java,ReflectionTest::main::[Callable]::call,13,0,Default task
2021-09-28T23:02:10.014+09:00,user,IdeState,Active,ReflectionTest,Editor,C:/Users/user/IdeaProjects/ReflectionTest/src/ReflectionTest.java,ReflectionTest::main,11,8,Default task
2021-09-28T23:02:11.026+09:00,user,IdeState,Active,ReflectionTest,Editor,C:/Users/user/IdeaProjects/ReflectionTest/src/ReflectionTest.java,ReflectionTest::main,11,8,Default task
2021-09-28T23:02:12.043+09:00,user,IdeState,Active,ReflectionTest,Editor,C:/Users/user/IdeaProjects/ReflectionTest/src/ReflectionTest.java,,15,5,Default task
2021-09-28T23:02:13.054+09:00,user,IdeState,Active,ReflectionTest,Editor,C:/Users/user/IdeaProjects/ReflectionTest/src/ReflectionTest.java,,14,10,Default task
2021-09-28T23:02:14.055+09:00,user,IdeState,Active,ReflectionTest,Editor,C:/Users/user/IdeaProjects/ReflectionTest/src/ReflectionTest.java,ReflectionTest::main,13,7,Default task
2021-09-28T23:02:15.063+09:00,user,IdeState,Active,ReflectionTest,Editor,C:/Users/user/IdeaProjects/ReflectionTest/src/ReflectionTest.java,ReflectionTest::main,10,38,Default task
2021-09-28T23:02:16.075+09:00,user,IdeState,Active,ReflectionTest,Editor,C:/Users/user/IdeaProjects/ReflectionTest/src/ReflectionTest.java,ReflectionTest::main,11,8,Default task
2021-09-28T23:02:17.084+09:00,user,IdeState,Active,ReflectionTest,Editor,C:/Users/user/IdeaProjects/ReflectionTest/src/ReflectionTest.java,ReflectionTest::main,11,8,Default task
2021-09-28T23:02:18.093+09:00,user,IdeState,Active,ReflectionTest,Editor,C:/Users/user/IdeaProjects/ReflectionTest/src/ReflectionTest.java,ReflectionTest::main,11,8,Default task
2021-09-28T23:02:19.096+09:00,user,IdeState,Active,ReflectionTest,Editor,C:/Users/user/IdeaProjects/ReflectionTest/src/ReflectionTest.java,ReflectionTest::main,11,8,Default task
2021-09-28T23:02:20.108+09:00,user,IdeState,Active,ReflectionTest,Editor,C:/Users/user/IdeaProjects/ReflectionTest/src/ReflectionTest.java,ReflectionTest::main,11,10,Default task
2021-09-28T23:02:21.122+09:00,user,IdeState,Active,ReflectionTest,Editor,C:/Users/user/IdeaProjects/ReflectionTest/src/ReflectionTest.java,ReflectionTest::main,11,14,Default task
2021-09-28T23:02:22.140+09:00,user,IdeState,Active,ReflectionTest,Editor,C:/Users/user/IdeaProjects/ReflectionTest/src/ReflectionTest.java,ReflectionTest::main,11,15,Default task
2021-09-28T23:02:23.154+09:00,user,IdeState,Active,ReflectionTest,Editor,C:/Users/user/IdeaProjects/ReflectionTest/src/ReflectionTest.java,ReflectionTest::main,11,17,Default task
2021-09-28T23:02:24.159+09:00,user,IdeState,Active,ReflectionTest,Editor,C:/Users/user/IdeaProjects/ReflectionTest/src/ReflectionTest.java,ReflectionTest::main,11,17,Default task
2021-09-28T23:02:25.174+09:00,user,IdeState,Active,ReflectionTest,Editor,C:/Users/user/IdeaProjects/ReflectionTest/src/ReflectionTest.java,ReflectionTest::main,11,17,Default task
2021-09-28T23:02:26.187+09:00,user,IdeState,Active,ReflectionTest,Editor,C:/Users/user/IdeaProjects/ReflectionTest/src/ReflectionTest.java,ReflectionTest::main,11,19,Default task
2021-09-28T23:02:27.207+09:00,user,IdeState,Active,ReflectionTest,Editor,C:/Users/user/IdeaProjects/ReflectionTest/src/ReflectionTest.java,ReflectionTest::main,11,23,Default task
2021-09-28T23:02:28.219+09:00,user,IdeState,Active,ReflectionTest,Editor,C:/Users/user/IdeaProjects/ReflectionTest/src/ReflectionTest.java,ReflectionTest::main,11,24,Default task
2021-09-28T23:02:29.241+09:00,user,IdeState,Active,ReflectionTest,Editor,C:/Users/user/IdeaProjects/ReflectionTest/src/ReflectionTest.java,ReflectionTest::main,11,28,Default task
2021-09-28T23:02:30.248+09:00,user,IdeState,Active,ReflectionTest,Editor,C:/Users/user/IdeaProjects/ReflectionTest/src/ReflectionTest.java,ReflectionTest::main,11,29,Default task
2021-09-28T23:02:31.256+09:00,user,IdeState,Active,ReflectionTest,Editor,C:/Users/user/IdeaProjects/ReflectionTest/src/ReflectionTest.java,ReflectionTest::main,11,28,Default task
2021-09-28T23:02:32.271+09:00,user,IdeState,Active,ReflectionTest,Editor,C:/Users/user/IdeaProjects/ReflectionTest/src/ReflectionTest.java,ReflectionTest::main,11,34,Default task
2021-09-28T23:02:33.281+09:00,user,IdeState,Active,ReflectionTest,Editor,C:/Users/user/IdeaProjects/ReflectionTest/src/ReflectionTest.java,ReflectionTest::main,11,36,Default task
2021-09-28T23:02:34.296+09:00,user,IdeState,Active,ReflectionTest,Editor,C:/Users/user/IdeaProjects/ReflectionTest/src/ReflectionTest.java,ReflectionTest::main,12,8,Default task
2021-09-28T23:02:35.298+09:00,user,IdeState,Active,ReflectionTest,Editor,C:/Users/user/IdeaProjects/ReflectionTest/src/ReflectionTest.java,ReflectionTest::main,12,9,Default task
2021-09-28T23:02:36.302+09:00,user,IdeState,Active,ReflectionTest,Editor,C:/Users/user/IdeaProjects/ReflectionTest/src/ReflectionTest.java,ReflectionTest::main,12,13,Default task
2021-09-28T23:02:37.305+09:00,user,IdeState,Active,ReflectionTest,Editor,C:/Users/user/IdeaProjects/ReflectionTest/src/ReflectionTest.java,ReflectionTest::main,12,13,Default task
2021-09-28T23:02:38.320+09:00,user,IdeState,Active,ReflectionTest,Editor,C:/Users/user/IdeaProjects/ReflectionTest/src/ReflectionTest.java,ReflectionTest::main,12,14,Default task
2021-09-28T23:02:39.333+09:00,user,IdeState,Active,ReflectionTest,Editor,C:/Users/user/IdeaProjects/ReflectionTest/src/ReflectionTest.java,ReflectionTest::main,12,15,Default task
2021-09-28T23:02:40.335+09:00,user,IdeState,Active,ReflectionTest,Editor,C:/Users/user/IdeaProjects/ReflectionTest/src/ReflectionTest.java,ReflectionTest::main,12,16,Default task
2021-09-28T23:02:41.347+09:00,user,IdeState,Active,ReflectionTest,Editor,C:/Users/user/IdeaProjects/ReflectionTest/src/ReflectionTest.java,ReflectionTest::main,12,20,Default task
2021-09-28T23:02:42.360+09:00,user,IdeState,Active,ReflectionTest,Editor,C:/Users/user/IdeaProjects/ReflectionTest/src/ReflectionTest.java,ReflectionTest::main,12,25,Default task
2021-09-28T23:02:43.373+09:00,user,IdeState,Active,ReflectionTest,Editor,C:/Users/user/IdeaProjects/ReflectionTest/src/ReflectionTest.java,ReflectionTest::main,12,26,Default task
2021-09-28T23:02:44.378+09:00,user,IdeState,Active,ReflectionTest,Editor,C:/Users/user/IdeaProjects/ReflectionTest/src/ReflectionTest.java,ReflectionTest::main,12,32,Default task
2021-09-28T23:02:45.382+09:00,user,IdeState,Active,ReflectionTest,Editor,C:/Users/user/IdeaProjects/ReflectionTest/src/ReflectionTest.java,ReflectionTest::main,13,8,Default task
2021-09-28T23:02:46.384+09:00,user,IdeState,Active,ReflectionTest,Editor,C:/Users/user/IdeaProjects/ReflectionTest/src/ReflectionTest.java,ReflectionTest::main,13,9,Default task
2021-09-28T23:02:47.400+09:00,user,IdeState,Active,ReflectionTest,Editor,C:/Users/user/IdeaProjects/ReflectionTest/src/ReflectionTest.java,ReflectionTest::main,13,14,Default task
2021-09-28T23:02:48.406+09:00,user,IdeState,Active,ReflectionTest,Editor,C:/Users/user/IdeaProjects/ReflectionTest/src/ReflectionTest.java,ReflectionTest::main,13,16,Default task
2021-09-28T23:02:49.415+09:00,user,IdeState,Active,ReflectionTest,Editor,C:/Users/user/IdeaProjects/ReflectionTest/src/ReflectionTest.java,ReflectionTest::main,13,17,Default task
2021-09-28T23:02:50.418+09:00,user,IdeState,Active,ReflectionTest,Editor,C:/Users/user/IdeaProjects/ReflectionTest/src/ReflectionTest.java,ReflectionTest::main,13,19,Default task
2021-09-28T23:02:51.422+09:00,user,IdeState,Active,ReflectionTest,Editor,C:/Users/user/IdeaProjects/ReflectionTest/src/ReflectionTest.java,ReflectionTest::main,13,19,Default task
2021-09-28T23:02:52.424+09:00,user,IdeState,Active,ReflectionTest,Editor,C:/Users/user/IdeaProjects/ReflectionTest/src/ReflectionTest.java,ReflectionTest::main,13,19,Default task
2021-09-28T23:02:53.437+09:00,user,IdeState,Active,ReflectionTest,Editor,C:/Users/user/IdeaProjects/ReflectionTest/src/ReflectionTest.java,ReflectionTest::main,13,25,Default task
2021-09-28T23:02:54.451+09:00,user,IdeState,Active,ReflectionTest,Editor,C:/Users/user/IdeaProjects/ReflectionTest/src/ReflectionTest.java,ReflectionTest::main,13,31,Default task
2021-09-28T23:02:55.468+09:00,user,IdeState,Active,ReflectionTest,Editor,C:/Users/user/IdeaProjects/ReflectionTest/src/ReflectionTest.java,ReflectionTest::main,13,32,Default task
2021-09-28T23:02:56.476+09:00,user,IdeState,Active,ReflectionTest,Editor,C:/Users/user/IdeaProjects/ReflectionTest/src/ReflectionTest.java,ReflectionTest::main,15,8,Default task
2021-09-28T23:02:57.490+09:00,user,IdeState,Active,ReflectionTest,Editor,C:/Users/user/IdeaProjects/ReflectionTest/src/ReflectionTest.java,ReflectionTest::main,15,9,Default task
2021-09-28T23:02:58.491+09:00,user,IdeState,Active,ReflectionTest,Editor,C:/Users/user/IdeaProjects/ReflectionTest/src/ReflectionTest.java,ReflectionTest::main,15,17,Default task
2021-09-28T23:02:59.506+09:00,user,IdeState,Active,ReflectionTest,Editor,C:/Users/user/IdeaProjects/ReflectionTest/src/ReflectionTest.java,ReflectionTest::main,15,25,Default task
2021-09-28T23:03:00.520+09:00,user,IdeState,Active,ReflectionTest,Editor,C:/Users/user/IdeaProjects/ReflectionTest/src/ReflectionTest.java,ReflectionTest::main,15,27,Default task
2021-09-28T23:03:01.533+09:00,user,IdeState,Active,ReflectionTest,Editor,C:/Users/user/IdeaProjects/ReflectionTest/src/ReflectionTest.java,ReflectionTest::main,15,29,Default task
2021-09-28T23:03:02.535+09:00,user,IdeState,Active,ReflectionTest,Editor,C:/Users/user/IdeaProjects/ReflectionTest/src/ReflectionTest.java,ReflectionTest::main,15,33,Default task
2021-09-28T23:03:03.538+09:00,user,IdeState,Active,ReflectionTest,Editor,C:/Users/user/IdeaProjects/ReflectionTest/src/ReflectionTest.java,ReflectionTest::main,15,34,Default task
2021-09-28T23:03:04.541+09:00,user,IdeState,Active,ReflectionTest,Editor,C:/Users/user/IdeaProjects/ReflectionTest/src/ReflectionTest.java,ReflectionTest::main,17,8,Default task
2021-09-28T23:03:05.547+09:00,user,IdeState,Active,ReflectionTest,Editor,C:/Users/user/IdeaProjects/ReflectionTest/src/ReflectionTest.java,ReflectionTest::main,17,9,Default task
2021-09-28T23:03:06.562+09:00,user,IdeState,Active,ReflectionTest,Editor,C:/Users/user/IdeaProjects/ReflectionTest/src/ReflectionTest.java,ReflectionTest::main,17,9,Default task
2021-09-28T23:03:07.577+09:00,user,IdeState,Active,ReflectionTest,Editor,C:/Users/user/IdeaProjects/ReflectionTest/src/ReflectionTest.java,ReflectionTest::main,18,12,Default task
2021-09-28T23:03:08.593+09:00,user,IdeState,Active,ReflectionTest,Editor,C:/Users/user/IdeaProjects/ReflectionTest/src/ReflectionTest.java,ReflectionTest::main,18,12,Default task
2021-09-28T23:03:09.599+09:00,user,IdeState,Active,ReflectionTest,Editor,C:/Users/user/IdeaProjects/ReflectionTest/src/ReflectionTest.java,ReflectionTest::main,18,16,Default task
2021-09-28T23:03:10.604+09:00,user,IdeState,Active,ReflectionTest,Editor,C:/Users/user/IdeaProjects/ReflectionTest/src/ReflectionTest.java,ReflectionTest::main,18,18,Default task
2021-09-28T23:03:11.622+09:00,user,IdeState,Active,ReflectionTest,Editor,C:/Users/user/IdeaProjects/ReflectionTest/src/ReflectionTest.java,ReflectionTest::main,18,19,Default task
2021-09-28T23:03:12.633+09:00,user,IdeState,Active,ReflectionTest,Editor,C:/Users/user/IdeaProjects/ReflectionTest/src/ReflectionTest.java,ReflectionTest::main,18,23,Default task
2021-09-28T23:03:13.643+09:00,user,IdeState,Active,ReflectionTest,Editor,C:/Users/user/IdeaProjects/ReflectionTest/src/ReflectionTest.java,ReflectionTest::main,18,24,Default task
2021-09-28T23:03:14.652+09:00,user,IdeState,Active,ReflectionTest,Editor,C:/Users/user/IdeaProjects/ReflectionTest/src/ReflectionTest.java,ReflectionTest::main,18,25,Default task
2021-09-28T23:03:15.662+09:00,user,IdeState,Active,ReflectionTest,Editor,C:/Users/user/IdeaProjects/ReflectionTest/src/ReflectionTest.java,ReflectionTest::main,18,26,Default task
2021-09-28T23:03:16.676+09:00,user,IdeState,Active,ReflectionTest,Editor,C:/Users/user/IdeaProjects/ReflectionTest/src/ReflectionTest.java,ReflectionTest::main,18,28,Default task
2021-09-28T23:03:17.681+09:00,user,IdeState,Active,ReflectionTest,Editor,C:/Users/user/IdeaProjects/ReflectionTest/src/ReflectionTest.java,ReflectionTest::main,18,28,Default task
2021-09-28T23:03:18.690+09:00,user,IdeState,Active,ReflectionTest,Editor,C:/Users/user/IdeaProjects/ReflectionTest/src/ReflectionTest.java,ReflectionTest::main,18,30,Default task
2021-09-28T23:03:19.703+09:00,user,IdeState,Active,ReflectionTest,Editor,C:/Users/user/IdeaProjects/ReflectionTest/src/ReflectionTest.java,ReflectionTest::main,18,32,Default task
2021-09-28T23:03:20.715+09:00,user,IdeState,Active,ReflectionTest,Editor,C:/Users/user/IdeaProjects/ReflectionTest/src/ReflectionTest.java,ReflectionTest::main,18,37,Default task
2021-09-28T23:03:21.718+09:00,user,IdeState,Active,ReflectionTest,Editor,C:/Users/user/IdeaProjects/ReflectionTest/src/ReflectionTest.java,ReflectionTest::main,18,37,Default task
2021-09-28T23:03:22.733+09:00,user,IdeState,Active,ReflectionTest,Editor,C:/Users/user/IdeaProjects/ReflectionTest/src/ReflectionTest.java,ReflectionTest::main,18,38,Default task
2021-09-28T23:03:23.747+09:00,user,IdeState,Active,ReflectionTest,Editor,C:/Users/user/IdeaProjects/ReflectionTest/src/ReflectionTest.java,ReflectionTest::main,18,38,Default task
2021-09-28T23:03:24.754+09:00,user,IdeState,Active,ReflectionTest,Editor,C:/Users/user/IdeaProjects/ReflectionTest/src/ReflectionTest.java,ReflectionTest::main,18,46,Default task
2021-09-28T23:03:25.763+09:00,user,IdeState,Active,ReflectionTest,Editor,C:/Users/user/IdeaProjects/ReflectionTest/src/ReflectionTest.java,ReflectionTest::main,18,47,Default task
2021-09-28T23:03:26.776+09:00,user,IdeState,Active,ReflectionTest,Editor,C:/Users/user/IdeaProjects/ReflectionTest/src/ReflectionTest.java,ReflectionTest::main,18,55,Default task
2021-09-28T23:03:27.798+09:00,user,IdeState,Active,ReflectionTest,Editor,C:/Users/user/IdeaProjects/ReflectionTest/src/ReflectionTest.java,ReflectionTest::main,18,57,Default task
2021-09-28T23:03:28.807+09:00,user,IdeState,Active,ReflectionTest,Editor,C:/Users/user/IdeaProjects/ReflectionTest/src/ReflectionTest.java,ReflectionTest::main,19,12,Default task
2021-09-28T23:03:29.812+09:00,user,IdeState,Active,ReflectionTest,Editor,C:/Users/user/IdeaProjects/ReflectionTest/src/ReflectionTest.java,ReflectionTest::main,19,12,Default task
2021-09-28T23:03:30.827+09:00,user,IdeState,Active,ReflectionTest,Editor,C:/Users/user/IdeaProjects/ReflectionTest/src/ReflectionTest.java,ReflectionTest::main,19,12,Default task
2021-09-28T23:03:31.828+09:00,user,IdeState,Active,ReflectionTest,Editor,C:/Users/user/IdeaProjects/ReflectionTest/src/ReflectionTest.java,ReflectionTest::main,19,12,Default task
2021-09-28T23:03:32.830+09:00,user,IdeState,Active,ReflectionTest,Editor,C:/Users/user/IdeaProjects/ReflectionTest/src/ReflectionTest.java,ReflectionTest::main,19,12,Default task
2021-09-28T23:03:33.832+09:00,user,IdeState,Active,ReflectionTest,Editor,C:/Users/user/IdeaProjects/ReflectionTest/src/ReflectionTest.java,ReflectionTest::main,19,12,Default task
2021-09-28T23:03:34.837+09:00,user,IdeState,Active,ReflectionTest,Editor,C:/Users/user/IdeaProjects/ReflectionTest/src/ReflectionTest.java,ReflectionTest::main,19,14,Default task
2021-09-28T23:03:35.843+09:00,user,IdeState,Active,ReflectionTest,Editor,C:/Users/user/IdeaProjects/ReflectionTest/src/ReflectionTest.java,ReflectionTest::main,19,17,Default task
2021-09-28T23:03:36.847+09:00,user,IdeState,Active,ReflectionTest,Editor,C:/Users/user/IdeaProjects/ReflectionTest/src/ReflectionTest.java,ReflectionTest::main,19,18,Default task
2021-09-28T23:03:37.856+09:00,user,IdeState,Active,ReflectionTest,Editor,C:/Users/user/IdeaProjects/ReflectionTest/src/ReflectionTest.java,ReflectionTest::main,19,19,Default task
2021-09-28T23:03:38.868+09:00,user,IdeState,Active,ReflectionTest,Editor,C:/Users/user/IdeaProjects/ReflectionTest/src/ReflectionTest.java,ReflectionTest::main,19,19,Default task
2021-09-28T23:03:39.884+09:00,user,IdeState,Active,ReflectionTest,Editor,C:/Users/user/IdeaProjects/ReflectionTest/src/ReflectionTest.java,ReflectionTest::main,19,20,Default task
2021-09-28T23:03:40.900+09:00,user,IdeState,Active,ReflectionTest,Editor,C:/Users/user/IdeaProjects/ReflectionTest/src/ReflectionTest.java,ReflectionTest::main,19,20,Default task
2021-09-28T23:03:41.914+09:00,user,IdeState,Active,ReflectionTest,Editor,C:/Users/user/IdeaProjects/ReflectionTest/src/ReflectionTest.java,ReflectionTest::main,19,20,Default task
2021-09-28T23:03:42.934+09:00,user,IdeState,Active,ReflectionTest,Editor,C:/Users/user/IdeaProjects/ReflectionTest/src/ReflectionTest.java,ReflectionTest::main,19,22,Default task
2021-09-28T23:03:43.946+09:00,user,IdeState,Active,ReflectionTest,Editor,C:/Users/user/IdeaProjects/ReflectionTest/src/ReflectionTest.java,ReflectionTest::main,20,29,Default task
2021-09-28T23:03:44.948+09:00,user,IdeState,Active,ReflectionTest,Editor,C:/Users/user/IdeaProjects/ReflectionTest/src/ReflectionTest.java,ReflectionTest::main,20,30,Default task
2021-09-28T23:03:45.965+09:00,user,IdeState,Active,ReflectionTest,Editor,C:/Users/user/IdeaProjects/ReflectionTest/src/ReflectionTest.java,ReflectionTest::main,20,29,Default task
2021-09-28T23:03:46.971+09:00,user,IdeState,Active,ReflectionTest,Editor,C:/Users/user/IdeaProjects/ReflectionTest/src/ReflectionTest.java,ReflectionTest::main,20,30,Default task
2021-09-28T23:03:47.978+09:00,user,IdeState,Active,ReflectionTest,Editor,C:/Users/user/IdeaProjects/ReflectionTest/src/ReflectionTest.java,ReflectionTest::main,20,31,Default task
2021-09-28T23:03:48.983+09:00,user,IdeState,Active,ReflectionTest,Editor,C:/Users/user/IdeaProjects/ReflectionTest/src/ReflectionTest.java,ReflectionTest::main,20,33,Default task
2021-09-28T23:03:50.024+09:00,user,IdeState,Active,ReflectionTest,Editor,C:/Users/user/IdeaProjects/ReflectionTest/src/ReflectionTest.java,ReflectionTest::main,20,34,Default task
2021-09-28T23:03:51.032+09:00,user,IdeState,Active,ReflectionTest,Editor,C:/Users/user/IdeaProjects/ReflectionTest/src/ReflectionTest.java,ReflectionTest::main,20,39,Default task
2021-09-28T23:03:52.048+09:00,user,IdeState,Active,ReflectionTest,Editor,C:/Users/user/IdeaProjects/ReflectionTest/src/ReflectionTest.java,ReflectionTest::main,20,39,Default task
2021-09-28T23:03:53.048+09:00,user,IdeState,Active,ReflectionTest,Editor,C:/Users/user/IdeaProjects/ReflectionTest/src/ReflectionTest.java,ReflectionTest::main,20,41,Default task
2021-09-28T23:03:54.050+09:00,user,IdeState,Active,ReflectionTest,Editor,C:/Users/user/IdeaProjects/ReflectionTest/src/ReflectionTest.java,ReflectionTest::main,20,42,Default task
2021-09-28T23:03:55.057+09:00,user,IdeState,Active,ReflectionTest,Editor,C:/Users/user/IdeaProjects/ReflectionTest/src/ReflectionTest.java,ReflectionTest::main,20,42,Default task
2021-09-28T23:03:56.074+09:00,user,IdeState,Active,ReflectionTest,Editor,C:/Users/user/IdeaProjects/ReflectionTest/src/ReflectionTest.java,ReflectionTest::main,20,57,Default task
2021-09-28T23:03:57.088+09:00,user,IdeState,Active,ReflectionTest,Editor,C:/Users/user/IdeaProjects/ReflectionTest/src/ReflectionTest.java,ReflectionTest::main,20,57,Default task
2021-09-28T23:03:58.096+09:00,user,IdeState,Active,ReflectionTest,Editor,C:/Users/user/IdeaProjects/ReflectionTest/src/ReflectionTest.java,ReflectionTest::main,20,58,Default task
2021-09-28T23:03:59.115+09:00,user,IdeState,Active,ReflectionTest,Editor,C:/Users/user/IdeaProjects/ReflectionTest/src/ReflectionTest.java,ReflectionTest::main,20,62,Default task
2021-09-28T23:04:00.122+09:00,user,IdeState,Active,ReflectionTest,Editor,C:/Users/user/IdeaProjects/ReflectionTest/src/ReflectionTest.java,ReflectionTest::main,20,64,Default task
2021-09-28T23:04:01.126+09:00,user,IdeState,Active,ReflectionTest,Editor,C:/Users/user/IdeaProjects/ReflectionTest/src/ReflectionTest.java,ReflectionTest::main,21,12,Default task
2021-09-28T23:04:02.127+09:00,user,IdeState,Active,ReflectionTest,Editor,C:/Users/user/IdeaProjects/ReflectionTest/src/ReflectionTest.java,ReflectionTest::main,21,12,Default task
2021-09-28T23:04:03.133+09:00,user,IdeState,Active,ReflectionTest,Editor,C:/Users/user/IdeaProjects/ReflectionTest/src/ReflectionTest.java,ReflectionTest::main,21,12,Default task
2021-09-28T23:04:04.140+09:00,user,IdeState,Active,ReflectionTest,Editor,C:/Users/user/IdeaProjects/ReflectionTest/src/ReflectionTest.java,ReflectionTest::main,21,12,Default task
2021-09-28T23:04:05.146+09:00,user,IdeState,Active,ReflectionTest,Editor,C:/Users/user/IdeaProjects/ReflectionTest/src/ReflectionTest.java,ReflectionTest::main,21,12,Default task
2021-09-28T23:04:06.162+09:00,user,IdeState,Active,ReflectionTest,Editor,C:/Users/user/IdeaProjects/ReflectionTest/src/ReflectionTest.java,ReflectionTest::main,21,12,Default task
2021-09-28T23:04:07.174+09:00,user,IdeState,Active,ReflectionTest,Editor,C:/Users/user/IdeaProjects/ReflectionTest/src/ReflectionTest.java,ReflectionTest::main,21,21,Default task
2021-09-28T23:04:08.178+09:00,user,IdeState,Active,ReflectionTest,Editor,C:/Users/user/IdeaProjects/ReflectionTest/src/ReflectionTest.java,ReflectionTest::main,21,21,Default task
2021-09-28T23:04:09.191+09:00,user,IdeState,Active,ReflectionTest,Editor,C:/Users/user/IdeaProjects/ReflectionTest/src/ReflectionTest.java,ReflectionTest::main,21,21,Default task
2021-09-28T23:04:10.207+09:00,user,IdeState,Active,ReflectionTest,Editor,C:/Users/user/IdeaProjects/ReflectionTest/src/ReflectionTest.java,ReflectionTest::main,21,21,Default task
2021-09-28T23:04:11.215+09:00,user,IdeState,Active,ReflectionTest,Editor,C:/Users/user/IdeaProjects/ReflectionTest/src/ReflectionTest.java,ReflectionTest::main,21,22,Default task
2021-09-28T23:04:12.217+09:00,user,IdeState,Active,ReflectionTest,Editor,C:/Users/user/IdeaProjects/ReflectionTest/src/ReflectionTest.java,ReflectionTest::main,21,24,Default task
2021-09-28T23:04:13.230+09:00,user,IdeState,Active,ReflectionTest,Editor,C:/Users/user/IdeaProjects/ReflectionTest/src/ReflectionTest.java,ReflectionTest::main,21,26,Default task
2021-09-28T23:04:14.243+09:00,user,IdeState,Active,ReflectionTest,Editor,C:/Users/user/IdeaProjects/ReflectionTest/src/ReflectionTest.java,ReflectionTest::main,21,35,Default task
2021-09-28T23:04:15.244+09:00,user,IdeState,Active,ReflectionTest,Editor,C:/Users/user/IdeaProjects/ReflectionTest/src/ReflectionTest.java,ReflectionTest::main,21,35,Default task
2021-09-28T23:04:16.259+09:00,user,IdeState,Active,ReflectionTest,Editor,C:/Users/user/IdeaProjects/ReflectionTest/src/ReflectionTest.java,ReflectionTest::main,21,38,Default task
2021-09-28T23:04:17.262+09:00,user,IdeState,Active,ReflectionTest,Editor,C:/Users/user/IdeaProjects/ReflectionTest/src/ReflectionTest.java,ReflectionTest::main,21,39,Default task
2021-09-28T23:04:18.265+09:00,user,IdeState,Active,ReflectionTest,Editor,C:/Users/user/IdeaProjects/ReflectionTest/src/ReflectionTest.java,ReflectionTest::main,21,51,Default task
2021-09-28T23:04:19.280+09:00,user,IdeState,Active,ReflectionTest,Editor,C:/Users/user/IdeaProjects/ReflectionTest/src/ReflectionTest.java,ReflectionTest::main,21,53,Default task
2021-09-28T23:04:20.293+09:00,user,IdeState,Active,ReflectionTest,Editor,C:/Users/user/IdeaProjects/ReflectionTest/src/ReflectionTest.java,ReflectionTest::main,21,55,Default task
2021-09-28T23:04:21.306+09:00,user,IdeState,Active,ReflectionTest,Editor,C:/Users/user/IdeaProjects/ReflectionTest/src/ReflectionTest.java,ReflectionTest::main,21,58,Default task
2021-09-28T23:04:22.312+09:00,user,IdeState,Active,ReflectionTest,Editor,C:/Users/user/IdeaProjects/ReflectionTest/src/ReflectionTest.java,ReflectionTest::main,21,60,Default task
2021-09-28T23:04:23.312+09:00,user,IdeState,Active,ReflectionTest,Editor,C:/Users/user/IdeaProjects/ReflectionTest/src/ReflectionTest.java,ReflectionTest::main,21,62,Default task
2021-09-28T23:04:24.317+09:00,user,IdeState,Active,ReflectionTest,Editor,C:/Users/user/IdeaProjects/ReflectionTest/src/ReflectionTest.java,ReflectionTest::main,21,62,Default task
2021-09-28T23:04:25.322+09:00,user,IdeState,Active,ReflectionTest,Editor,C:/Users/user/IdeaProjects/ReflectionTest/src/ReflectionTest.java,ReflectionTest::main,22,13,Default task
2021-09-28T23:04:26.344+09:00,user,IdeState,Active,ReflectionTest,Editor,C:/Users/user/IdeaProjects/ReflectionTest/src/ReflectionTest.java,ReflectionTest::main,22,22,Default task
2021-09-28T23:04:27.346+09:00,user,IdeState,Active,ReflectionTest,Editor,C:/Users/user/IdeaProjects/ReflectionTest/src/ReflectionTest.java,ReflectionTest::main,22,32,Default task
2021-09-28T23:04:28.348+09:00,user,IdeState,Active,ReflectionTest,Editor,C:/Users/user/IdeaProjects/ReflectionTest/src/ReflectionTest.java,ReflectionTest::main,22,32,Default task
2021-09-28T23:04:29.351+09:00,user,IdeState,Active,ReflectionTest,Editor,C:/Users/user/IdeaProjects/ReflectionTest/src/ReflectionTest.java,ReflectionTest::main,22,33,Default task
2021-09-28T23:04:30.354+09:00,user,IdeState,Active,ReflectionTest,Editor,C:/Users/user/IdeaProjects/ReflectionTest/src/ReflectionTest.java,ReflectionTest::main,23,9,Default task
2021-09-28T23:04:31.356+09:00,user,IdeState,Active,ReflectionTest,Editor,C:/Users/user/IdeaProjects/ReflectionTest/src/ReflectionTest.java,ReflectionTest::main,23,16,Default task
2021-09-28T23:04:32.361+09:00,user,IdeState,Active,ReflectionTest,Editor,C:/Users/user/IdeaProjects/ReflectionTest/src/ReflectionTest.java,ReflectionTest::main,23,16,Default task
2021-09-28T23:04:33.366+09:00,user,IdeState,Active,ReflectionTest,Editor,C:/Users/user/IdeaProjects/ReflectionTest/src/ReflectionTest.java,ReflectionTest::main,23,17,Default task
2021-09-28T23:04:34.369+09:00,user,IdeState,Active,ReflectionTest,Editor,C:/Users/user/IdeaProjects/ReflectionTest/src/ReflectionTest.java,ReflectionTest::main,23,27,Default task
2021-09-28T23:04:35.372+09:00,user,IdeState,Active,ReflectionTest,Editor,C:/Users/user/IdeaProjects/ReflectionTest/src/ReflectionTest.java,ReflectionTest::main,23,28,Default task
2021-09-28T23:04:36.387+09:00,user,IdeState,Active,ReflectionTest,Editor,C:/Users/user/IdeaProjects/ReflectionTest/src/ReflectionTest.java,ReflectionTest::main,24,12,Default task
2021-09-28T23:04:37.415+09:00,user,IdeState,Active,ReflectionTest,Editor,C:/Users/user/IdeaProjects/ReflectionTest/src/ReflectionTest.java,ReflectionTest::main,24,13,Default task
2021-09-28T23:04:38.419+09:00,user,IdeState,Active,ReflectionTest,Editor,C:/Users/user/IdeaProjects/ReflectionTest/src/ReflectionTest.java,ReflectionTest::main,24,14,Default task
2021-09-28T23:04:39.428+09:00,user,IdeState,Active,ReflectionTest,Editor,C:/Users/user/IdeaProjects/ReflectionTest/src/ReflectionTest.java,ReflectionTest::main,24,32,Default task
2021-09-28T23:04:40.438+09:00,user,IdeState,Active,ReflectionTest,Editor,C:/Users/user/IdeaProjects/ReflectionTest/src/ReflectionTest.java,ReflectionTest::main,25,9,Default task
2021-09-28T23:04:41.449+09:00,user,IdeState,Active,ReflectionTest,Editor,C:/Users/user/IdeaProjects/ReflectionTest/src/ReflectionTest.java,ReflectionTest::main,25,9,Default task
2021-09-28T23:04:42.452+09:00,user,IdeState,Active,ReflectionTest,Editor,C:/Users/user/IdeaProjects/ReflectionTest/src/ReflectionTest.java,ReflectionTest::main,25,9,Default task
2021-09-28T23:04:43.462+09:00,user,IdeState,Active,ReflectionTest,Editor,C:/Users/user/IdeaProjects/ReflectionTest/src/ReflectionTest.java,ReflectionTest::main,26,8,Default task
2021-09-28T23:04:44.478+09:00,user,IdeState,Active,ReflectionTest,Editor,C:/Users/user/IdeaProjects/ReflectionTest/src/ReflectionTest.java,ReflectionTest::main,26,14,Default task
2021-09-28T23:04:45.479+09:00,user,IdeState,Active,ReflectionTest,Editor,C:/Users/user/IdeaProjects/ReflectionTest/src/ReflectionTest.java,ReflectionTest::main,26,10,Default task
2021-09-28T23:04:46.480+09:00,user,IdeState,Active,ReflectionTest,Editor,C:/Users/user/IdeaProjects/ReflectionTest/src/ReflectionTest.java,ReflectionTest::main,26,14,Default task
2021-09-28T23:04:47.486+09:00,user,IdeState,Active,ReflectionTest,Editor,C:/Users/user/IdeaProjects/ReflectionTest/src/ReflectionTest.java,ReflectionTest::main,26,19,Default task
2021-09-28T23:04:48.488+09:00,user,IdeState,Active,ReflectionTest,Editor,C:/Users/user/IdeaProjects/ReflectionTest/src/ReflectionTest.java,ReflectionTest::main,26,27,Default task
2021-09-28T23:04:49.501+09:00,user,IdeState,Active,ReflectionTest,Editor,C:/Users/user/IdeaProjects/ReflectionTest/src/ReflectionTest.java,ReflectionTest::main,26,28,Default task
2021-09-28T23:04:50.503+09:00,user,IdeState,Active,ReflectionTest,Editor,C:/Users/user/IdeaProjects/ReflectionTest/src/ReflectionTest.java,ReflectionTest::main,26,36,Default task
2021-09-28T23:04:51.507+09:00,user,IdeState,Active,ReflectionTest,Editor,C:/Users/user/IdeaProjects/ReflectionTest/src/ReflectionTest.java,ReflectionTest::main,26,36,Default task
2021-09-28T23:04:52.521+09:00,user,IdeState,Active,ReflectionTest,Editor,C:/Users/user/IdeaProjects/ReflectionTest/src/ReflectionTest.java,,28,1,Default task
2021-09-28T23:04:53.535+09:00,user,IdeState,Active,ReflectionTest,Editor,C:/Users/user/IdeaProjects/ReflectionTest/src/ReflectionTest.java,,28,1,Default task
2021-09-28T23:04:54.549+09:00,user,IdeState,Inactive,,,,,-1,-1,
2021-09-28T23:04:55.555+09:00,user,IdeState,Active,ReflectionTest,Editor,C:/Users/user/IdeaProjects/ReflectionTest/src/ReflectionTest.java,,28,1,Default task
2021-09-28T23:04:56.568+09:00,user,IdeState,Active,ReflectionTest,Editor,C:/Users/user/IdeaProjects/ReflectionTest/src/ReflectionTest.java,,28,1,Default task
2021-09-28T23:04:57.579+09:00,user,IdeState,Active,ReflectionTest,Editor,C:/Users/user/IdeaProjects/ReflectionTest/src/ReflectionTest.java,,28,1,Default task
2021-09-28T23:04:58.582+09:00,user,IdeState,Active,ReflectionTest,Editor,C:/Users/user/IdeaProjects/ReflectionTest/src/ReflectionTest.java,,28,1,Default task
2021-09-28T23:04:59.593+09:00,user,IdeState,Active,ReflectionTest,Editor,C:/Users/user/IdeaProjects/ReflectionTest/src/ReflectionTest.java,,28,1,Default task
2021-09-28T23:05:00.594+09:00,user,IdeState,Active,ReflectionTest,Editor,C:/Users/user/IdeaProjects/ReflectionTest/src/ReflectionTest.java,,28,1,Default task
2021-09-28T23:05:01.597+09:00,user,IdeState,Active,ReflectionTest,Editor,C:/Users/user/IdeaProjects/ReflectionTest/src/ReflectionTest.java,,28,1,Default task
2021-09-28T23:05:02.604+09:00,user,IdeState,Active,ReflectionTest,Editor,C:/Users/user/IdeaProjects/ReflectionTest/src/ReflectionTest.java,,28,1,Default task
2021-09-28T23:05:03.626+09:00,user,IdeState,Active,ReflectionTest,Editor,C:/Users/user/IdeaProjects/ReflectionTest/src/ReflectionTest.java,,28,1,Default task
2021-09-28T23:05:04.633+09:00,user,IdeState,Active,ReflectionTest,Editor,C:/Users/user/IdeaProjects/ReflectionTest/src/ReflectionTest.java,,28,1,Default task
2021-09-28T23:05:05.646+09:00,user,IdeState,Active,ReflectionTest,Popup,C:/Users/user/IdeaProjects/ReflectionTest/src/ReflectionTest.java,,28,1,Default task
2021-09-28T23:05:06.660+09:00,user,IdeState,Active,ReflectionTest,Editor,C:/Users/user/IdeaProjects/ReflectionTest/src/ReflectionTest.java,,28,1,Default task
2021-09-28T23:05:07.675+09:00,user,IdeState,Active,ReflectionTest,Editor,C:/Users/user/IdeaProjects/ReflectionTest/src/ReflectionTest.java,,28,1,Default task
2021-09-28T23:05:08.690+09:00,user,IdeState,Active,ReflectionTest,Editor,C:/Users/user/IdeaProjects/ReflectionTest/src/ReflectionTest.java,,28,1,Default task
2021-09-28T23:05:09.693+09:00,user,IdeState,Active,ReflectionTest,Editor,C:/Users/user/IdeaProjects/ReflectionTest/src/ReflectionTest.java,,28,1,Default task
2021-09-28T23:05:10.708+09:00,user,IdeState,Active,ReflectionTest,Editor,C:/Users/user/IdeaProjects/ReflectionTest/src/ReflectionTest.java,,28,1,Default task
2021-09-28T23:05:11.713+09:00,user,IdeState,Active,ReflectionTest,Editor,C:/Users/user/IdeaProjects/ReflectionTest/src/ReflectionTest.java,,28,1,Default task
2021-09-28T23:05:12.716+09:00,user,IdeState,Active,ReflectionTest,Editor,C:/Users/user/IdeaProjects/ReflectionTest/src/ReflectionTest.java,,28,1,Default task
2021-09-28T23:05:13.729+09:00,user,IdeState,Active,ReflectionTest,Editor,C:/Users/user/IdeaProjects/ReflectionTest/src/ReflectionTest.java,,28,1,Default task
2021-09-28T23:05:14.743+09:00,user,IdeState,Active,ReflectionTest,Editor,C:/Users/user/IdeaProjects/ReflectionTest/src/ReflectionTest.java,,28,1,Default task
2021-09-28T23:05:15.759+09:00,user,IdeState,Active,ReflectionTest,Editor,C:/Users/user/IdeaProjects/ReflectionTest/src/ReflectionTest.java,,28,1,Default task
2021-09-28T23:05:16.774+09:00,user,IdeState,Active,ReflectionTest,Editor,C:/Users/user/IdeaProjects/ReflectionTest/src/ReflectionTest.java,,28,1,Default task
2021-09-28T23:05:17.776+09:00,user,IdeState,Active,ReflectionTest,Popup,C:/Users/user/IdeaProjects/ReflectionTest/src/ReflectionTest.java,,28,1,Default task
2021-09-28T23:05:18.778+09:00,user,IdeState,Active,ReflectionTest,Editor,C:/Users/user/IdeaProjects/ReflectionTest/src/ReflectionTest.java,,28,1,Default task
2021-09-28T23:05:19.792+09:00,user,IdeState,Active,ReflectionTest,Editor,C:/Users/user/IdeaProjects/ReflectionTest/src/ReflectionTest.java,,28,1,Default task
2021-09-28T23:05:20.801+09:00,user,IdeState,Active,ReflectionTest,Popup,C:/Users/user/IdeaProjects/ReflectionTest/src/ReflectionTest.java,,28,1,Default task
