2021-11-19T11:42:56.054+09:00,user,IdeState,Active,11,Editor,C:/Users/user/IdeaProjects/11/src/HTTPHeaderViewer.java,,9,3,Default task
2021-11-19T11:42:57.128+09:00,user,IdeState,Active,11,Editor,C:/Users/user/IdeaProjects/11/src/HTTPHeaderViewer.java,,9,3,Default task
2021-11-19T11:42:58.129+09:00,user,IdeState,Active,11,Editor,C:/Users/user/IdeaProjects/11/src/HTTPHeaderViewer.java,,9,10,Default task
2021-11-19T11:42:59.142+09:00,user,IdeState,Active,11,Editor,C:/Users/user/IdeaProjects/11/src/HTTPHeaderViewer.java,,9,17,Default task
2021-11-19T11:43:00.143+09:00,user,IdeState,Active,11,Editor,C:/Users/user/IdeaProjects/11/src/HTTPHeaderViewer.java,,9,17,Default task
2021-11-19T11:43:01.159+09:00,user,IdeState,Active,11,Editor,C:/Users/user/IdeaProjects/11/src/HTTPHeaderViewer.java,,9,20,Default task
2021-11-19T11:43:02.174+09:00,user,IdeState,Active,11,Editor,C:/Users/user/IdeaProjects/11/src/HTTPHeaderViewer.java,,9,23,Default task
2021-11-19T11:43:03.183+09:00,user,IdeState,Active,11,Editor,C:/Users/user/IdeaProjects/11/src/HTTPHeaderViewer.java,,9,23,Default task
2021-11-19T11:43:04.191+09:00,user,IdeState,Active,11,Editor,C:/Users/user/IdeaProjects/11/src/HTTPHeaderViewer.java,,9,27,Default task
2021-11-19T11:43:05.204+09:00,user,IdeState,Active,11,Editor,C:/Users/user/IdeaProjects/11/src/HTTPHeaderViewer.java,,9,28,Default task
2021-11-19T11:43:06.216+09:00,user,IdeState,Active,11,Editor,C:/Users/user/IdeaProjects/11/src/HTTPHeaderViewer.java,,9,34,Default task
2021-11-19T11:43:07.232+09:00,user,IdeState,Active,11,Editor,C:/Users/user/IdeaProjects/11/src/HTTPHeaderViewer.java,,9,34,Default task
2021-11-19T11:43:08.238+09:00,user,IdeState,Active,11,Editor,C:/Users/user/IdeaProjects/11/src/HTTPHeaderViewer.java,,9,39,Default task
2021-11-19T11:43:09.248+09:00,user,IdeState,Active,11,Editor,C:/Users/user/IdeaProjects/11/src/HTTPHeaderViewer.java,,9,41,Default task
2021-11-19T11:43:10.252+09:00,user,IdeState,Active,11,Editor,C:/Users/user/IdeaProjects/11/src/HTTPHeaderViewer.java,,9,43,Default task
2021-11-19T11:43:11.267+09:00,user,IdeState,Active,11,Editor,C:/Users/user/IdeaProjects/11/src/HTTPHeaderViewer.java,,9,44,Default task
2021-11-19T11:43:12.283+09:00,user,IdeState,Active,11,Editor,C:/Users/user/IdeaProjects/11/src/HTTPHeaderViewer.java,,9,46,Default task
2021-11-19T11:43:13.286+09:00,user,IdeState,Active,11,Editor,C:/Users/user/IdeaProjects/11/src/HTTPHeaderViewer.java,HTTPHeaderViewer::getHeaders,9,47,Default task
2021-11-19T11:43:14.299+09:00,user,IdeState,Active,11,Editor,C:/Users/user/IdeaProjects/11/src/HTTPHeaderViewer.java,HTTPHeaderViewer::getHeaders,9,49,Default task
2021-11-19T11:43:15.301+09:00,user,IdeState,Active,11,Editor,C:/Users/user/IdeaProjects/11/src/HTTPHeaderViewer.java,HTTPHeaderViewer::getHeaders,9,53,Default task
2021-11-19T11:43:16.304+09:00,user,IdeState,Active,11,Editor,C:/Users/user/IdeaProjects/11/src/HTTPHeaderViewer.java,,9,56,Default task
2021-11-19T11:43:17.318+09:00,user,IdeState,Active,11,Editor,C:/Users/user/IdeaProjects/11/src/HTTPHeaderViewer.java,HTTPHeaderViewer::getHeaders,10,7,Default task
2021-11-19T11:43:18.333+09:00,user,IdeState,Active,11,Editor,C:/Users/user/IdeaProjects/11/src/HTTPHeaderViewer.java,HTTPHeaderViewer::getHeaders,10,7,Default task
2021-11-19T11:43:19.337+09:00,user,IdeState,Active,11,Editor,C:/Users/user/IdeaProjects/11/src/HTTPHeaderViewer.java,HTTPHeaderViewer::getHeaders,11,7,Default task
2021-11-19T11:43:20.338+09:00,user,IdeState,Active,11,Editor,C:/Users/user/IdeaProjects/11/src/HTTPHeaderViewer.java,HTTPHeaderViewer::getHeaders,11,10,Default task
2021-11-19T11:43:21.354+09:00,user,IdeState,Active,11,Editor,C:/Users/user/IdeaProjects/11/src/HTTPHeaderViewer.java,HTTPHeaderViewer::getHeaders,12,11,Default task
2021-11-19T11:43:22.367+09:00,user,IdeState,Active,11,Editor,C:/Users/user/IdeaProjects/11/src/HTTPHeaderViewer.java,HTTPHeaderViewer::getHeaders,12,11,Default task
2021-11-19T11:43:23.410+09:00,user,IdeState,Active,11,Editor,C:/Users/user/IdeaProjects/11/src/HTTPHeaderViewer.java,HTTPHeaderViewer::getHeaders,12,12,Default task
2021-11-19T11:43:24.414+09:00,user,IdeState,Active,11,Editor,C:/Users/user/IdeaProjects/11/src/HTTPHeaderViewer.java,HTTPHeaderViewer::getHeaders,12,12,Default task
2021-11-19T11:43:25.415+09:00,user,IdeState,Active,11,Editor,C:/Users/user/IdeaProjects/11/src/HTTPHeaderViewer.java,HTTPHeaderViewer::getHeaders,12,14,Default task
2021-11-19T11:43:26.427+09:00,user,IdeState,Active,11,Editor,C:/Users/user/IdeaProjects/11/src/HTTPHeaderViewer.java,HTTPHeaderViewer::getHeaders,12,15,Default task
2021-11-19T11:43:27.437+09:00,user,IdeState,Active,11,Editor,C:/Users/user/IdeaProjects/11/src/HTTPHeaderViewer.java,HTTPHeaderViewer::getHeaders,12,18,Default task
2021-11-19T11:43:28.440+09:00,user,IdeState,Active,11,Editor,C:/Users/user/IdeaProjects/11/src/HTTPHeaderViewer.java,HTTPHeaderViewer::getHeaders,12,25,Default task
2021-11-19T11:43:29.447+09:00,user,IdeState,Active,11,Editor,C:/Users/user/IdeaProjects/11/src/HTTPHeaderViewer.java,HTTPHeaderViewer::getHeaders,12,30,Default task
2021-11-19T11:43:30.450+09:00,user,IdeState,Active,11,Editor,C:/Users/user/IdeaProjects/11/src/HTTPHeaderViewer.java,HTTPHeaderViewer::getHeaders,12,32,Default task
2021-11-19T11:43:31.455+09:00,user,IdeState,Active,11,Editor,C:/Users/user/IdeaProjects/11/src/HTTPHeaderViewer.java,HTTPHeaderViewer::getHeaders,13,11,Default task
2021-11-19T11:43:32.458+09:00,user,IdeState,Active,11,Editor,C:/Users/user/IdeaProjects/11/src/HTTPHeaderViewer.java,HTTPHeaderViewer::getHeaders,13,11,Default task
2021-11-19T11:43:33.463+09:00,user,IdeState,Active,11,Editor,C:/Users/user/IdeaProjects/11/src/HTTPHeaderViewer.java,HTTPHeaderViewer::getHeaders,13,11,Default task
2021-11-19T11:43:34.474+09:00,user,IdeState,Active,11,Editor,C:/Users/user/IdeaProjects/11/src/HTTPHeaderViewer.java,HTTPHeaderViewer::getHeaders,13,13,Default task
2021-11-19T11:43:35.485+09:00,user,IdeState,Active,11,Editor,C:/Users/user/IdeaProjects/11/src/HTTPHeaderViewer.java,HTTPHeaderViewer::getHeaders,13,28,Default task
2021-11-19T11:43:36.499+09:00,user,IdeState,Active,11,Editor,C:/Users/user/IdeaProjects/11/src/HTTPHeaderViewer.java,HTTPHeaderViewer::getHeaders,13,31,Default task
2021-11-19T11:43:37.512+09:00,user,IdeState,Active,11,Editor,C:/Users/user/IdeaProjects/11/src/HTTPHeaderViewer.java,HTTPHeaderViewer::getHeaders,13,30,Default task
2021-11-19T11:43:38.526+09:00,user,IdeState,Active,11,Editor,C:/Users/user/IdeaProjects/11/src/HTTPHeaderViewer.java,HTTPHeaderViewer::getHeaders,13,33,Default task
2021-11-19T11:43:39.539+09:00,user,IdeState,Active,11,Editor,C:/Users/user/IdeaProjects/11/src/HTTPHeaderViewer.java,HTTPHeaderViewer::getHeaders,13,33,Default task
2021-11-19T11:43:40.542+09:00,user,IdeState,Active,11,Editor,C:/Users/user/IdeaProjects/11/src/HTTPHeaderViewer.java,HTTPHeaderViewer::getHeaders,13,33,Default task
2021-11-19T11:43:41.562+09:00,user,IdeState,Active,11,Editor,C:/Users/user/IdeaProjects/11/src/HTTPHeaderViewer.java,HTTPHeaderViewer::getHeaders,13,36,Default task
2021-11-19T11:43:42.571+09:00,user,IdeState,Active,11,Editor,C:/Users/user/IdeaProjects/11/src/HTTPHeaderViewer.java,HTTPHeaderViewer::getHeaders,13,38,Default task
2021-11-19T11:43:43.585+09:00,user,IdeState,Active,11,Editor,C:/Users/user/IdeaProjects/11/src/HTTPHeaderViewer.java,HTTPHeaderViewer::getHeaders,13,56,Default task
2021-11-19T11:43:44.586+09:00,user,IdeState,Active,11,Editor,C:/Users/user/IdeaProjects/11/src/HTTPHeaderViewer.java,HTTPHeaderViewer::getHeaders,13,56,Default task
2021-11-19T11:43:45.600+09:00,user,IdeState,Active,11,Editor,C:/Users/user/IdeaProjects/11/src/HTTPHeaderViewer.java,HTTPHeaderViewer::getHeaders,13,60,Default task
2021-11-19T11:43:46.606+09:00,user,IdeState,Active,11,Editor,C:/Users/user/IdeaProjects/11/src/HTTPHeaderViewer.java,HTTPHeaderViewer::getHeaders,13,76,Default task
2021-11-19T11:43:47.607+09:00,user,IdeState,Active,11,Editor,C:/Users/user/IdeaProjects/11/src/HTTPHeaderViewer.java,HTTPHeaderViewer::getHeaders,14,11,Default task
2021-11-19T11:43:48.623+09:00,user,IdeState,Active,11,Editor,C:/Users/user/IdeaProjects/11/src/HTTPHeaderViewer.java,HTTPHeaderViewer::getHeaders,14,12,Default task
2021-11-19T11:43:49.639+09:00,user,IdeState,Active,11,Editor,C:/Users/user/IdeaProjects/11/src/HTTPHeaderViewer.java,HTTPHeaderViewer::getHeaders,14,16,Default task
2021-11-19T11:43:50.653+09:00,user,IdeState,Active,11,Editor,C:/Users/user/IdeaProjects/11/src/HTTPHeaderViewer.java,HTTPHeaderViewer::getHeaders,14,18,Default task
2021-11-19T11:43:51.668+09:00,user,IdeState,Active,11,Editor,C:/Users/user/IdeaProjects/11/src/HTTPHeaderViewer.java,HTTPHeaderViewer::getHeaders,14,33,Default task
2021-11-19T11:43:52.670+09:00,user,IdeState,Active,11,Editor,C:/Users/user/IdeaProjects/11/src/HTTPHeaderViewer.java,HTTPHeaderViewer::getHeaders,14,34,Default task
2021-11-19T11:43:53.675+09:00,user,IdeState,Active,11,Editor,C:/Users/user/IdeaProjects/11/src/HTTPHeaderViewer.java,HTTPHeaderViewer::getHeaders,14,38,Default task
2021-11-19T11:43:54.684+09:00,user,IdeState,Active,11,Editor,C:/Users/user/IdeaProjects/11/src/HTTPHeaderViewer.java,HTTPHeaderViewer::getHeaders,14,41,Default task
2021-11-19T11:43:55.688+09:00,user,IdeState,Active,11,Editor,C:/Users/user/IdeaProjects/11/src/HTTPHeaderViewer.java,HTTPHeaderViewer::getHeaders,15,11,Default task
2021-11-19T11:43:56.692+09:00,user,IdeState,Active,11,Editor,C:/Users/user/IdeaProjects/11/src/HTTPHeaderViewer.java,HTTPHeaderViewer::getHeaders,16,12,Default task
2021-11-19T11:43:57.704+09:00,user,IdeState,Active,11,Editor,C:/Users/user/IdeaProjects/11/src/HTTPHeaderViewer.java,HTTPHeaderViewer::getHeaders,16,18,Default task
2021-11-19T11:43:58.709+09:00,user,IdeState,Active,11,Editor,C:/Users/user/IdeaProjects/11/src/HTTPHeaderViewer.java,HTTPHeaderViewer::getHeaders,16,19,Default task
2021-11-19T11:43:59.713+09:00,user,IdeState,Active,11,Editor,C:/Users/user/IdeaProjects/11/src/HTTPHeaderViewer.java,HTTPHeaderViewer::getHeaders,16,21,Default task
2021-11-19T11:44:00.719+09:00,user,IdeState,Active,11,Editor,C:/Users/user/IdeaProjects/11/src/HTTPHeaderViewer.java,HTTPHeaderViewer::getHeaders,16,27,Default task
2021-11-19T11:44:01.733+09:00,user,IdeState,Active,11,Editor,C:/Users/user/IdeaProjects/11/src/HTTPHeaderViewer.java,HTTPHeaderViewer::getHeaders,16,31,Default task
2021-11-19T11:44:02.752+09:00,user,IdeState,Active,11,Editor,C:/Users/user/IdeaProjects/11/src/HTTPHeaderViewer.java,HTTPHeaderViewer::getHeaders,16,31,Default task
2021-11-19T11:44:03.754+09:00,user,IdeState,Active,11,Editor,C:/Users/user/IdeaProjects/11/src/HTTPHeaderViewer.java,HTTPHeaderViewer::getHeaders,16,34,Default task
2021-11-19T11:44:04.760+09:00,user,IdeState,Active,11,Editor,C:/Users/user/IdeaProjects/11/src/HTTPHeaderViewer.java,HTTPHeaderViewer::getHeaders,16,38,Default task
2021-11-19T11:44:05.767+09:00,user,IdeState,Active,11,Editor,C:/Users/user/IdeaProjects/11/src/HTTPHeaderViewer.java,HTTPHeaderViewer::getHeaders,16,45,Default task
2021-11-19T11:44:06.769+09:00,user,IdeState,Active,11,Editor,C:/Users/user/IdeaProjects/11/src/HTTPHeaderViewer.java,HTTPHeaderViewer::getHeaders,16,48,Default task
2021-11-19T11:44:07.784+09:00,user,IdeState,Active,11,Editor,C:/Users/user/IdeaProjects/11/src/HTTPHeaderViewer.java,HTTPHeaderViewer::getHeaders,17,11,Default task
2021-11-19T11:44:08.788+09:00,user,IdeState,Active,11,Editor,C:/Users/user/IdeaProjects/11/src/HTTPHeaderViewer.java,HTTPHeaderViewer::getHeaders,17,17,Default task
2021-11-19T11:44:09.803+09:00,user,IdeState,Active,11,Editor,C:/Users/user/IdeaProjects/11/src/HTTPHeaderViewer.java,HTTPHeaderViewer::getHeaders,17,20,Default task
2021-11-19T11:44:10.808+09:00,user,IdeState,Active,11,Editor,C:/Users/user/IdeaProjects/11/src/HTTPHeaderViewer.java,HTTPHeaderViewer::getHeaders,17,24,Default task
2021-11-19T11:44:11.814+09:00,user,IdeState,Active,11,Editor,C:/Users/user/IdeaProjects/11/src/HTTPHeaderViewer.java,HTTPHeaderViewer::getHeaders,17,27,Default task
2021-11-19T11:44:12.830+09:00,user,IdeState,Active,11,Editor,C:/Users/user/IdeaProjects/11/src/HTTPHeaderViewer.java,HTTPHeaderViewer::getHeaders,17,29,Default task
2021-11-19T11:44:13.845+09:00,user,IdeState,Active,11,Editor,C:/Users/user/IdeaProjects/11/src/HTTPHeaderViewer.java,HTTPHeaderViewer::getHeaders,17,28,Default task
2021-11-19T11:44:14.849+09:00,user,IdeState,Active,11,Editor,C:/Users/user/IdeaProjects/11/src/HTTPHeaderViewer.java,HTTPHeaderViewer::getHeaders,17,32,Default task
2021-11-19T11:44:15.864+09:00,user,IdeState,Active,11,Editor,C:/Users/user/IdeaProjects/11/src/HTTPHeaderViewer.java,HTTPHeaderViewer::getHeaders,17,32,Default task
2021-11-19T11:44:16.879+09:00,user,IdeState,Active,11,Editor,C:/Users/user/IdeaProjects/11/src/HTTPHeaderViewer.java,HTTPHeaderViewer::getHeaders,17,31,Default task
2021-11-19T11:44:17.896+09:00,user,IdeState,Active,11,Editor,C:/Users/user/IdeaProjects/11/src/HTTPHeaderViewer.java,HTTPHeaderViewer::getHeaders,17,33,Default task
2021-11-19T11:44:18.908+09:00,user,IdeState,Active,11,Editor,C:/Users/user/IdeaProjects/11/src/HTTPHeaderViewer.java,HTTPHeaderViewer::getHeaders,17,40,Default task
2021-11-19T11:44:19.923+09:00,user,IdeState,Active,11,Editor,C:/Users/user/IdeaProjects/11/src/HTTPHeaderViewer.java,HTTPHeaderViewer::getHeaders,17,47,Default task
2021-11-19T11:44:20.925+09:00,user,IdeState,Active,11,Editor,C:/Users/user/IdeaProjects/11/src/HTTPHeaderViewer.java,HTTPHeaderViewer::getHeaders,17,51,Default task
2021-11-19T11:44:21.927+09:00,user,IdeState,Active,11,Editor,C:/Users/user/IdeaProjects/11/src/HTTPHeaderViewer.java,HTTPHeaderViewer::getHeaders,19,11,Default task
2021-11-19T11:44:22.942+09:00,user,IdeState,Active,11,Editor,C:/Users/user/IdeaProjects/11/src/HTTPHeaderViewer.java,HTTPHeaderViewer::getHeaders,19,16,Default task
2021-11-19T11:44:23.957+09:00,user,IdeState,Active,11,Editor,C:/Users/user/IdeaProjects/11/src/HTTPHeaderViewer.java,HTTPHeaderViewer::getHeaders,19,19,Default task
2021-11-19T11:44:24.959+09:00,user,IdeState,Active,11,Editor,C:/Users/user/IdeaProjects/11/src/HTTPHeaderViewer.java,HTTPHeaderViewer::getHeaders,19,24,Default task
2021-11-19T11:44:25.974+09:00,user,IdeState,Active,11,Editor,C:/Users/user/IdeaProjects/11/src/HTTPHeaderViewer.java,HTTPHeaderViewer::getHeaders,19,26,Default task
2021-11-19T11:44:26.984+09:00,user,IdeState,Active,11,Editor,C:/Users/user/IdeaProjects/11/src/HTTPHeaderViewer.java,HTTPHeaderViewer::getHeaders,19,26,Default task
2021-11-19T11:44:27.987+09:00,user,IdeState,Active,11,Editor,C:/Users/user/IdeaProjects/11/src/HTTPHeaderViewer.java,HTTPHeaderViewer::getHeaders,19,27,Default task
2021-11-19T11:44:29.001+09:00,user,IdeState,Active,11,Editor,C:/Users/user/IdeaProjects/11/src/HTTPHeaderViewer.java,HTTPHeaderViewer::getHeaders,19,27,Default task
2021-11-19T11:44:30.024+09:00,user,IdeState,Active,11,Editor,C:/Users/user/IdeaProjects/11/src/HTTPHeaderViewer.java,HTTPHeaderViewer::getHeaders,20,12,Default task
2021-11-19T11:44:31.037+09:00,user,IdeState,Active,11,Editor,C:/Users/user/IdeaProjects/11/src/HTTPHeaderViewer.java,HTTPHeaderViewer::getHeaders,20,19,Default task
2021-11-19T11:44:32.052+09:00,user,IdeState,Active,11,Editor,C:/Users/user/IdeaProjects/11/src/HTTPHeaderViewer.java,HTTPHeaderViewer::getHeaders,20,24,Default task
2021-11-19T11:44:33.068+09:00,user,IdeState,Active,11,Editor,C:/Users/user/IdeaProjects/11/src/HTTPHeaderViewer.java,HTTPHeaderViewer::getHeaders,20,25,Default task
2021-11-19T11:44:34.082+09:00,user,IdeState,Active,11,Editor,C:/Users/user/IdeaProjects/11/src/HTTPHeaderViewer.java,HTTPHeaderViewer::getHeaders,20,27,Default task
2021-11-19T11:44:35.095+09:00,user,IdeState,Active,11,Editor,C:/Users/user/IdeaProjects/11/src/HTTPHeaderViewer.java,HTTPHeaderViewer::getHeaders,20,30,Default task
2021-11-19T11:44:36.111+09:00,user,IdeState,Active,11,Editor,C:/Users/user/IdeaProjects/11/src/HTTPHeaderViewer.java,HTTPHeaderViewer::getHeaders,21,11,Default task
2021-11-19T11:44:37.118+09:00,user,IdeState,Active,11,Editor,C:/Users/user/IdeaProjects/11/src/HTTPHeaderViewer.java,HTTPHeaderViewer::getHeaders,21,11,Default task
2021-11-19T11:44:38.133+09:00,user,IdeState,Active,11,Editor,C:/Users/user/IdeaProjects/11/src/HTTPHeaderViewer.java,HTTPHeaderViewer::getHeaders,21,12,Default task
2021-11-19T11:44:39.151+09:00,user,IdeState,Active,11,Editor,C:/Users/user/IdeaProjects/11/src/HTTPHeaderViewer.java,HTTPHeaderViewer::getHeaders,21,12,Default task
2021-11-19T11:44:40.156+09:00,user,IdeState,Active,11,Editor,C:/Users/user/IdeaProjects/11/src/HTTPHeaderViewer.java,HTTPHeaderViewer::getHeaders,21,14,Default task
2021-11-19T11:44:41.168+09:00,user,IdeState,Active,11,Editor,C:/Users/user/IdeaProjects/11/src/HTTPHeaderViewer.java,HTTPHeaderViewer::getHeaders,21,15,Default task
2021-11-19T11:44:42.186+09:00,user,IdeState,Active,11,Editor,C:/Users/user/IdeaProjects/11/src/HTTPHeaderViewer.java,HTTPHeaderViewer::getHeaders,21,22,Default task
2021-11-19T11:44:43.188+09:00,user,IdeState,Active,11,Editor,C:/Users/user/IdeaProjects/11/src/HTTPHeaderViewer.java,HTTPHeaderViewer::getHeaders,21,23,Default task
2021-11-19T11:44:44.192+09:00,user,IdeState,Active,11,Editor,C:/Users/user/IdeaProjects/11/src/HTTPHeaderViewer.java,HTTPHeaderViewer::getHeaders,21,29,Default task
2021-11-19T11:44:45.209+09:00,user,IdeState,Active,11,Editor,C:/Users/user/IdeaProjects/11/src/HTTPHeaderViewer.java,HTTPHeaderViewer::getHeaders,21,29,Default task
2021-11-19T11:44:46.210+09:00,user,IdeState,Active,11,Editor,C:/Users/user/IdeaProjects/11/src/HTTPHeaderViewer.java,HTTPHeaderViewer::getHeaders,21,31,Default task
2021-11-19T11:44:47.227+09:00,user,IdeState,Active,11,Editor,C:/Users/user/IdeaProjects/11/src/HTTPHeaderViewer.java,HTTPHeaderViewer::getHeaders,21,39,Default task
2021-11-19T11:44:48.229+09:00,user,IdeState,Active,11,Editor,C:/Users/user/IdeaProjects/11/src/HTTPHeaderViewer.java,HTTPHeaderViewer::getHeaders,21,40,Default task
2021-11-19T11:44:49.243+09:00,user,IdeState,Active,11,Editor,C:/Users/user/IdeaProjects/11/src/HTTPHeaderViewer.java,HTTPHeaderViewer::getHeaders,21,42,Default task
2021-11-19T11:44:50.256+09:00,user,IdeState,Active,11,Editor,C:/Users/user/IdeaProjects/11/src/HTTPHeaderViewer.java,HTTPHeaderViewer::getHeaders,21,42,Default task
2021-11-19T11:44:51.263+09:00,user,IdeState,Active,11,Editor,C:/Users/user/IdeaProjects/11/src/HTTPHeaderViewer.java,HTTPHeaderViewer::getHeaders,21,46,Default task
2021-11-19T11:44:52.271+09:00,user,IdeState,Active,11,Editor,C:/Users/user/IdeaProjects/11/src/HTTPHeaderViewer.java,HTTPHeaderViewer::getHeaders,21,57,Default task
2021-11-19T11:44:53.275+09:00,user,IdeState,Active,11,Editor,C:/Users/user/IdeaProjects/11/src/HTTPHeaderViewer.java,HTTPHeaderViewer::getHeaders,21,58,Default task
2021-11-19T11:44:54.288+09:00,user,IdeState,Active,11,Editor,C:/Users/user/IdeaProjects/11/src/HTTPHeaderViewer.java,HTTPHeaderViewer::getHeaders,23,14,Default task
2021-11-19T11:44:55.289+09:00,user,IdeState,Active,11,Editor,C:/Users/user/IdeaProjects/11/src/HTTPHeaderViewer.java,HTTPHeaderViewer::getHeaders,23,19,Default task
2021-11-19T11:44:56.293+09:00,user,IdeState,Active,11,Editor,C:/Users/user/IdeaProjects/11/src/HTTPHeaderViewer.java,HTTPHeaderViewer::getHeaders,23,20,Default task
2021-11-19T11:44:57.298+09:00,user,IdeState,Active,11,Editor,C:/Users/user/IdeaProjects/11/src/HTTPHeaderViewer.java,HTTPHeaderViewer::getHeaders,23,22,Default task
2021-11-19T11:44:58.300+09:00,user,IdeState,Active,11,Editor,C:/Users/user/IdeaProjects/11/src/HTTPHeaderViewer.java,HTTPHeaderViewer::getHeaders,23,24,Default task
2021-11-19T11:44:59.316+09:00,user,IdeState,Active,11,Editor,C:/Users/user/IdeaProjects/11/src/HTTPHeaderViewer.java,HTTPHeaderViewer::getHeaders,23,27,Default task
2021-11-19T11:45:00.321+09:00,user,IdeState,Active,11,Editor,C:/Users/user/IdeaProjects/11/src/HTTPHeaderViewer.java,HTTPHeaderViewer::getHeaders,23,27,Default task
2021-11-19T11:45:01.332+09:00,user,IdeState,Active,11,Editor,C:/Users/user/IdeaProjects/11/src/HTTPHeaderViewer.java,HTTPHeaderViewer::getHeaders,23,30,Default task
2021-11-19T11:45:02.335+09:00,user,IdeState,Active,11,Editor,C:/Users/user/IdeaProjects/11/src/HTTPHeaderViewer.java,HTTPHeaderViewer::getHeaders,23,32,Default task
2021-11-19T11:45:03.338+09:00,user,IdeState,Active,11,Editor,C:/Users/user/IdeaProjects/11/src/HTTPHeaderViewer.java,HTTPHeaderViewer::getHeaders,23,33,Default task
2021-11-19T11:45:04.340+09:00,user,IdeState,Active,11,Editor,C:/Users/user/IdeaProjects/11/src/HTTPHeaderViewer.java,HTTPHeaderViewer::getHeaders,24,15,Default task
2021-11-19T11:45:05.348+09:00,user,IdeState,Active,11,Editor,C:/Users/user/IdeaProjects/11/src/HTTPHeaderViewer.java,HTTPHeaderViewer::getHeaders,24,15,Default task
2021-11-19T11:45:06.363+09:00,user,IdeState,Active,11,Editor,C:/Users/user/IdeaProjects/11/src/HTTPHeaderViewer.java,HTTPHeaderViewer::getHeaders,24,16,Default task
2021-11-19T11:45:07.379+09:00,user,IdeState,Active,11,Editor,C:/Users/user/IdeaProjects/11/src/HTTPHeaderViewer.java,HTTPHeaderViewer::getHeaders,24,16,Default task
2021-11-19T11:45:08.394+09:00,user,IdeState,Active,11,Editor,C:/Users/user/IdeaProjects/11/src/HTTPHeaderViewer.java,HTTPHeaderViewer::getHeaders,24,16,Default task
2021-11-19T11:45:09.398+09:00,user,IdeState,Active,11,Editor,C:/Users/user/IdeaProjects/11/src/HTTPHeaderViewer.java,HTTPHeaderViewer::getHeaders,24,16,Default task
2021-11-19T11:45:10.400+09:00,user,IdeState,Active,11,Editor,C:/Users/user/IdeaProjects/11/src/HTTPHeaderViewer.java,HTTPHeaderViewer::getHeaders,24,24,Default task
2021-11-19T11:45:11.415+09:00,user,IdeState,Active,11,Editor,C:/Users/user/IdeaProjects/11/src/HTTPHeaderViewer.java,HTTPHeaderViewer::getHeaders,24,24,Default task
2021-11-19T11:45:12.422+09:00,user,IdeState,Active,11,Editor,C:/Users/user/IdeaProjects/11/src/HTTPHeaderViewer.java,HTTPHeaderViewer::getHeaders,24,27,Default task
2021-11-19T11:45:13.423+09:00,user,IdeState,Active,11,Editor,C:/Users/user/IdeaProjects/11/src/HTTPHeaderViewer.java,HTTPHeaderViewer::getHeaders,24,27,Default task
2021-11-19T11:45:14.437+09:00,user,IdeState,Active,11,Editor,C:/Users/user/IdeaProjects/11/src/HTTPHeaderViewer.java,HTTPHeaderViewer::getHeaders,24,27,Default task
2021-11-19T11:45:15.439+09:00,user,IdeState,Active,11,Editor,C:/Users/user/IdeaProjects/11/src/HTTPHeaderViewer.java,HTTPHeaderViewer::getHeaders,24,23,Default task
2021-11-19T11:45:16.454+09:00,user,IdeState,Active,11,Editor,C:/Users/user/IdeaProjects/11/src/HTTPHeaderViewer.java,HTTPHeaderViewer::getHeaders,24,24,Default task
2021-11-19T11:45:17.455+09:00,user,IdeState,Active,11,Editor,C:/Users/user/IdeaProjects/11/src/HTTPHeaderViewer.java,HTTPHeaderViewer::getHeaders,24,25,Default task
2021-11-19T11:45:18.468+09:00,user,IdeState,Active,11,Editor,C:/Users/user/IdeaProjects/11/src/HTTPHeaderViewer.java,HTTPHeaderViewer::getHeaders,24,26,Default task
2021-11-19T11:45:19.483+09:00,user,IdeState,Active,11,Editor,C:/Users/user/IdeaProjects/11/src/HTTPHeaderViewer.java,HTTPHeaderViewer::getHeaders,24,28,Default task
2021-11-19T11:45:20.486+09:00,user,IdeState,Active,11,Editor,C:/Users/user/IdeaProjects/11/src/HTTPHeaderViewer.java,HTTPHeaderViewer::getHeaders,24,29,Default task
2021-11-19T11:45:21.500+09:00,user,IdeState,Active,11,Editor,C:/Users/user/IdeaProjects/11/src/HTTPHeaderViewer.java,HTTPHeaderViewer::getHeaders,24,32,Default task
2021-11-19T11:45:22.511+09:00,user,IdeState,Active,11,Editor,C:/Users/user/IdeaProjects/11/src/HTTPHeaderViewer.java,HTTPHeaderViewer::getHeaders,24,36,Default task
2021-11-19T11:45:23.524+09:00,user,IdeState,Active,11,Editor,C:/Users/user/IdeaProjects/11/src/HTTPHeaderViewer.java,HTTPHeaderViewer::getHeaders,24,39,Default task
2021-11-19T11:45:24.528+09:00,user,IdeState,Active,11,Editor,C:/Users/user/IdeaProjects/11/src/HTTPHeaderViewer.java,HTTPHeaderViewer::getHeaders,24,39,Default task
2021-11-19T11:45:25.541+09:00,user,IdeState,Active,11,Editor,C:/Users/user/IdeaProjects/11/src/HTTPHeaderViewer.java,HTTPHeaderViewer::getHeaders,24,55,Default task
2021-11-19T11:45:26.542+09:00,user,IdeState,Active,11,Editor,C:/Users/user/IdeaProjects/11/src/HTTPHeaderViewer.java,HTTPHeaderViewer::getHeaders,24,57,Default task
2021-11-19T11:45:27.546+09:00,user,IdeState,Active,11,Editor,C:/Users/user/IdeaProjects/11/src/HTTPHeaderViewer.java,HTTPHeaderViewer::getHeaders,24,55,Default task
2021-11-19T11:45:28.562+09:00,user,IdeState,Active,11,Editor,C:/Users/user/IdeaProjects/11/src/HTTPHeaderViewer.java,HTTPHeaderViewer::getHeaders,24,55,Default task
2021-11-19T11:45:29.577+09:00,user,IdeState,Active,11,Editor,C:/Users/user/IdeaProjects/11/src/HTTPHeaderViewer.java,HTTPHeaderViewer::getHeaders,25,15,Default task
2021-11-19T11:45:30.594+09:00,user,IdeState,Active,11,Editor,C:/Users/user/IdeaProjects/11/src/HTTPHeaderViewer.java,HTTPHeaderViewer::getHeaders,25,16,Default task
2021-11-19T11:45:31.599+09:00,user,IdeState,Active,11,Editor,C:/Users/user/IdeaProjects/11/src/HTTPHeaderViewer.java,HTTPHeaderViewer::getHeaders,25,26,Default task
2021-11-19T11:45:32.612+09:00,user,IdeState,Active,11,Editor,C:/Users/user/IdeaProjects/11/src/HTTPHeaderViewer.java,HTTPHeaderViewer::getHeaders,25,28,Default task
2021-11-19T11:45:33.630+09:00,user,IdeState,Active,11,Editor,C:/Users/user/IdeaProjects/11/src/HTTPHeaderViewer.java,HTTPHeaderViewer::getHeaders,25,30,Default task
2021-11-19T11:45:34.646+09:00,user,IdeState,Active,11,Editor,C:/Users/user/IdeaProjects/11/src/HTTPHeaderViewer.java,HTTPHeaderViewer::getHeaders,25,31,Default task
2021-11-19T11:45:35.649+09:00,user,IdeState,Active,11,Editor,C:/Users/user/IdeaProjects/11/src/HTTPHeaderViewer.java,HTTPHeaderViewer::getHeaders,25,31,Default task
2021-11-19T11:45:36.651+09:00,user,IdeState,Active,11,Editor,C:/Users/user/IdeaProjects/11/src/HTTPHeaderViewer.java,HTTPHeaderViewer::getHeaders,25,32,Default task
2021-11-19T11:45:37.667+09:00,user,IdeState,Active,11,Editor,C:/Users/user/IdeaProjects/11/src/HTTPHeaderViewer.java,HTTPHeaderViewer::getHeaders,25,33,Default task
2021-11-19T11:45:38.695+09:00,user,IdeState,Active,11,Editor,C:/Users/user/IdeaProjects/11/src/HTTPHeaderViewer.java,HTTPHeaderViewer::getHeaders,25,39,Default task
2021-11-19T11:45:39.710+09:00,user,IdeState,Active,11,Editor,C:/Users/user/IdeaProjects/11/src/HTTPHeaderViewer.java,HTTPHeaderViewer::getHeaders,25,40,Default task
2021-11-19T11:45:40.717+09:00,user,IdeState,Active,11,Editor,C:/Users/user/IdeaProjects/11/src/HTTPHeaderViewer.java,HTTPHeaderViewer::getHeaders,25,40,Default task
2021-11-19T11:45:41.718+09:00,user,IdeState,Active,11,Editor,C:/Users/user/IdeaProjects/11/src/HTTPHeaderViewer.java,HTTPHeaderViewer::getHeaders,25,53,Default task
2021-11-19T11:45:42.720+09:00,user,IdeState,Active,11,Editor,C:/Users/user/IdeaProjects/11/src/HTTPHeaderViewer.java,HTTPHeaderViewer::getHeaders,25,54,Default task
2021-11-19T11:45:43.727+09:00,user,IdeState,Active,11,Editor,C:/Users/user/IdeaProjects/11/src/HTTPHeaderViewer.java,HTTPHeaderViewer::getHeaders,25,55,Default task
2021-11-19T11:45:44.728+09:00,user,IdeState,Active,11,Editor,C:/Users/user/IdeaProjects/11/src/HTTPHeaderViewer.java,HTTPHeaderViewer::getHeaders,25,55,Default task
2021-11-19T11:45:45.734+09:00,user,IdeState,Active,11,Editor,C:/Users/user/IdeaProjects/11/src/HTTPHeaderViewer.java,HTTPHeaderViewer::getHeaders,26,15,Default task
2021-11-19T11:45:46.745+09:00,user,IdeState,Active,11,Editor,C:/Users/user/IdeaProjects/11/src/HTTPHeaderViewer.java,HTTPHeaderViewer::getHeaders,26,15,Default task
2021-11-19T11:45:47.750+09:00,user,IdeState,Active,11,Editor,C:/Users/user/IdeaProjects/11/src/HTTPHeaderViewer.java,HTTPHeaderViewer::getHeaders,26,15,Default task
2021-11-19T11:45:48.754+09:00,user,IdeState,Active,11,Editor,C:/Users/user/IdeaProjects/11/src/HTTPHeaderViewer.java,HTTPHeaderViewer::getHeaders,26,15,Default task
2021-11-19T11:45:49.755+09:00,user,IdeState,Active,11,Editor,C:/Users/user/IdeaProjects/11/src/HTTPHeaderViewer.java,HTTPHeaderViewer::getHeaders,25,27,Default task
2021-11-19T11:45:50.761+09:00,user,IdeState,Active,11,Editor,C:/Users/user/IdeaProjects/11/src/HTTPHeaderViewer.java,HTTPHeaderViewer::getHeaders,25,27,Default task
2021-11-19T11:45:51.764+09:00,user,IdeState,Active,11,Editor,C:/Users/user/IdeaProjects/11/src/HTTPHeaderViewer.java,HTTPHeaderViewer::getHeaders,26,15,Default task
2021-11-19T11:45:52.769+09:00,user,IdeState,Active,11,Editor,C:/Users/user/IdeaProjects/11/src/HTTPHeaderViewer.java,HTTPHeaderViewer::getHeaders,27,15,Default task
2021-11-19T11:45:53.772+09:00,user,IdeState,Active,11,Editor,C:/Users/user/IdeaProjects/11/src/HTTPHeaderViewer.java,HTTPHeaderViewer::getHeaders,27,18,Default task
2021-11-19T11:45:54.781+09:00,user,IdeState,Active,11,Editor,C:/Users/user/IdeaProjects/11/src/HTTPHeaderViewer.java,HTTPHeaderViewer::getHeaders,27,18,Default task
2021-11-19T11:45:55.794+09:00,user,IdeState,Active,11,Editor,C:/Users/user/IdeaProjects/11/src/HTTPHeaderViewer.java,HTTPHeaderViewer::getHeaders,27,20,Default task
2021-11-19T11:45:56.796+09:00,user,IdeState,Active,11,Editor,C:/Users/user/IdeaProjects/11/src/HTTPHeaderViewer.java,HTTPHeaderViewer::getHeaders,27,23,Default task
2021-11-19T11:45:57.800+09:00,user,IdeState,Active,11,Editor,C:/Users/user/IdeaProjects/11/src/HTTPHeaderViewer.java,HTTPHeaderViewer::getHeaders,27,26,Default task
2021-11-19T11:45:58.801+09:00,user,IdeState,Active,11,Editor,C:/Users/user/IdeaProjects/11/src/HTTPHeaderViewer.java,HTTPHeaderViewer::getHeaders,27,27,Default task
2021-11-19T11:45:59.815+09:00,user,IdeState,Active,11,Editor,C:/Users/user/IdeaProjects/11/src/HTTPHeaderViewer.java,HTTPHeaderViewer::getHeaders,27,28,Default task
2021-11-19T11:46:00.823+09:00,user,IdeState,Active,11,Editor,C:/Users/user/IdeaProjects/11/src/HTTPHeaderViewer.java,HTTPHeaderViewer::getHeaders,27,29,Default task
2021-11-19T11:46:01.838+09:00,user,IdeState,Active,11,Editor,C:/Users/user/IdeaProjects/11/src/HTTPHeaderViewer.java,HTTPHeaderViewer::getHeaders,27,31,Default task
2021-11-19T11:46:02.852+09:00,user,IdeState,Active,11,Editor,C:/Users/user/IdeaProjects/11/src/HTTPHeaderViewer.java,HTTPHeaderViewer::getHeaders,27,32,Default task
2021-11-19T11:46:03.867+09:00,user,IdeState,Active,11,Editor,C:/Users/user/IdeaProjects/11/src/HTTPHeaderViewer.java,HTTPHeaderViewer::getHeaders,27,34,Default task
2021-11-19T11:46:04.871+09:00,user,IdeState,Active,11,Editor,C:/Users/user/IdeaProjects/11/src/HTTPHeaderViewer.java,HTTPHeaderViewer::getHeaders,27,40,Default task
2021-11-19T11:46:05.887+09:00,user,IdeState,Active,11,Editor,C:/Users/user/IdeaProjects/11/src/HTTPHeaderViewer.java,HTTPHeaderViewer::getHeaders,27,41,Default task
2021-11-19T11:46:06.894+09:00,user,IdeState,Active,11,Editor,C:/Users/user/IdeaProjects/11/src/HTTPHeaderViewer.java,HTTPHeaderViewer::getHeaders,27,41,Default task
2021-11-19T11:46:07.925+09:00,user,IdeState,Active,11,Editor,C:/Users/user/IdeaProjects/11/src/HTTPHeaderViewer.java,HTTPHeaderViewer::getHeaders,27,41,Default task
2021-11-19T11:46:08.936+09:00,user,IdeState,Active,11,Editor,C:/Users/user/IdeaProjects/11/src/HTTPHeaderViewer.java,HTTPHeaderViewer::getHeaders,27,41,Default task
2021-11-19T11:46:09.945+09:00,user,IdeState,Active,11,Editor,C:/Users/user/IdeaProjects/11/src/HTTPHeaderViewer.java,HTTPHeaderViewer::getHeaders,27,41,Default task
2021-11-19T11:46:10.968+09:00,user,IdeState,Active,11,Editor,C:/Users/user/IdeaProjects/11/src/HTTPHeaderViewer.java,HTTPHeaderViewer::getHeaders,27,51,Default task
2021-11-19T11:46:11.982+09:00,user,IdeState,Active,11,Editor,C:/Users/user/IdeaProjects/11/src/HTTPHeaderViewer.java,HTTPHeaderViewer::getHeaders,27,52,Default task
2021-11-19T11:46:12.997+09:00,user,IdeState,Active,11,Editor,C:/Users/user/IdeaProjects/11/src/HTTPHeaderViewer.java,HTTPHeaderViewer::getHeaders,27,51,Default task
2021-11-19T11:46:14.007+09:00,user,IdeState,Active,11,Editor,C:/Users/user/IdeaProjects/11/src/HTTPHeaderViewer.java,HTTPHeaderViewer::getHeaders,27,52,Default task
2021-11-19T11:46:15.022+09:00,user,IdeState,Active,11,Editor,C:/Users/user/IdeaProjects/11/src/HTTPHeaderViewer.java,HTTPHeaderViewer::getHeaders,27,55,Default task
2021-11-19T11:46:16.028+09:00,user,IdeState,Active,11,Editor,C:/Users/user/IdeaProjects/11/src/HTTPHeaderViewer.java,HTTPHeaderViewer::getHeaders,28,19,Default task
2021-11-19T11:46:17.034+09:00,user,IdeState,Active,11,Editor,C:/Users/user/IdeaProjects/11/src/HTTPHeaderViewer.java,HTTPHeaderViewer::getHeaders,28,19,Default task
2021-11-19T11:46:18.050+09:00,user,IdeState,Active,11,Editor,C:/Users/user/IdeaProjects/11/src/HTTPHeaderViewer.java,HTTPHeaderViewer::getHeaders,28,21,Default task
2021-11-19T11:46:19.066+09:00,user,IdeState,Active,11,Editor,C:/Users/user/IdeaProjects/11/src/HTTPHeaderViewer.java,HTTPHeaderViewer::getHeaders,28,21,Default task
2021-11-19T11:46:20.082+09:00,user,IdeState,Active,11,Editor,C:/Users/user/IdeaProjects/11/src/HTTPHeaderViewer.java,HTTPHeaderViewer::getHeaders,28,30,Default task
2021-11-19T11:46:21.084+09:00,user,IdeState,Active,11,Editor,C:/Users/user/IdeaProjects/11/src/HTTPHeaderViewer.java,HTTPHeaderViewer::getHeaders,28,32,Default task
2021-11-19T11:46:22.091+09:00,user,IdeState,Active,11,Editor,C:/Users/user/IdeaProjects/11/src/HTTPHeaderViewer.java,HTTPHeaderViewer::getHeaders,28,32,Default task
2021-11-19T11:46:23.096+09:00,user,IdeState,Active,11,Editor,C:/Users/user/IdeaProjects/11/src/HTTPHeaderViewer.java,HTTPHeaderViewer::getHeaders,28,42,Default task
2021-11-19T11:46:24.117+09:00,user,IdeState,Active,11,Editor,C:/Users/user/IdeaProjects/11/src/HTTPHeaderViewer.java,HTTPHeaderViewer::getHeaders,28,43,Default task
2021-11-19T11:46:25.122+09:00,user,IdeState,Active,11,Editor,C:/Users/user/IdeaProjects/11/src/HTTPHeaderViewer.java,HTTPHeaderViewer::getHeaders,28,44,Default task
2021-11-19T11:46:26.125+09:00,user,IdeState,Active,11,Editor,C:/Users/user/IdeaProjects/11/src/HTTPHeaderViewer.java,HTTPHeaderViewer::getHeaders,28,43,Default task
2021-11-19T11:46:27.138+09:00,user,IdeState,Active,11,Editor,C:/Users/user/IdeaProjects/11/src/HTTPHeaderViewer.java,HTTPHeaderViewer::getHeaders,29,19,Default task
2021-11-19T11:46:28.151+09:00,user,IdeState,Active,11,Editor,C:/Users/user/IdeaProjects/11/src/HTTPHeaderViewer.java,HTTPHeaderViewer::getHeaders,29,20,Default task
2021-11-19T11:46:29.154+09:00,user,IdeState,Active,11,Editor,C:/Users/user/IdeaProjects/11/src/HTTPHeaderViewer.java,HTTPHeaderViewer::getHeaders,29,20,Default task
2021-11-19T11:46:30.156+09:00,user,IdeState,Active,11,Editor,C:/Users/user/IdeaProjects/11/src/HTTPHeaderViewer.java,HTTPHeaderViewer::getHeaders,29,20,Default task
2021-11-19T11:46:31.162+09:00,user,IdeState,Active,11,Editor,C:/Users/user/IdeaProjects/11/src/HTTPHeaderViewer.java,HTTPHeaderViewer::getHeaders,29,32,Default task
2021-11-19T11:46:32.169+09:00,user,IdeState,Active,11,Editor,C:/Users/user/IdeaProjects/11/src/HTTPHeaderViewer.java,HTTPHeaderViewer::getHeaders,29,33,Default task
2021-11-19T11:46:33.171+09:00,user,IdeState,Active,11,Editor,C:/Users/user/IdeaProjects/11/src/HTTPHeaderViewer.java,HTTPHeaderViewer::getHeaders,29,33,Default task
2021-11-19T11:46:34.181+09:00,user,IdeState,Active,11,Editor,C:/Users/user/IdeaProjects/11/src/HTTPHeaderViewer.java,HTTPHeaderViewer::getHeaders,29,45,Default task
2021-11-19T11:46:35.219+09:00,user,IdeState,Active,11,Editor,C:/Users/user/IdeaProjects/11/src/HTTPHeaderViewer.java,HTTPHeaderViewer::getHeaders,29,47,Default task
2021-11-19T11:46:36.227+09:00,user,IdeState,Active,11,Editor,C:/Users/user/IdeaProjects/11/src/HTTPHeaderViewer.java,HTTPHeaderViewer::getHeaders,30,19,Default task
2021-11-19T11:46:37.242+09:00,user,IdeState,Active,11,Editor,C:/Users/user/IdeaProjects/11/src/HTTPHeaderViewer.java,HTTPHeaderViewer::getHeaders,30,21,Default task
2021-11-19T11:46:38.261+09:00,user,IdeState,Active,11,Editor,C:/Users/user/IdeaProjects/11/src/HTTPHeaderViewer.java,HTTPHeaderViewer::getHeaders,30,29,Default task
2021-11-19T11:46:39.273+09:00,user,IdeState,Active,11,Editor,C:/Users/user/IdeaProjects/11/src/HTTPHeaderViewer.java,HTTPHeaderViewer::getHeaders,30,30,Default task
2021-11-19T11:46:40.275+09:00,user,IdeState,Active,11,Editor,C:/Users/user/IdeaProjects/11/src/HTTPHeaderViewer.java,HTTPHeaderViewer::getHeaders,30,33,Default task
2021-11-19T11:46:41.279+09:00,user,IdeState,Active,11,Editor,C:/Users/user/IdeaProjects/11/src/HTTPHeaderViewer.java,HTTPHeaderViewer::getHeaders,30,42,Default task
2021-11-19T11:46:42.301+09:00,user,IdeState,Active,11,Editor,C:/Users/user/IdeaProjects/11/src/HTTPHeaderViewer.java,HTTPHeaderViewer::getHeaders,30,44,Default task
2021-11-19T11:46:43.305+09:00,user,IdeState,Active,11,Editor,C:/Users/user/IdeaProjects/11/src/HTTPHeaderViewer.java,HTTPHeaderViewer::getHeaders,30,44,Default task
2021-11-19T11:46:44.306+09:00,user,IdeState,Active,11,Editor,C:/Users/user/IdeaProjects/11/src/HTTPHeaderViewer.java,HTTPHeaderViewer::getHeaders,30,55,Default task
2021-11-19T11:46:45.318+09:00,user,IdeState,Active,11,Editor,C:/Users/user/IdeaProjects/11/src/HTTPHeaderViewer.java,HTTPHeaderViewer::getHeaders,30,56,Default task
2021-11-19T11:46:46.333+09:00,user,IdeState,Active,11,Editor,C:/Users/user/IdeaProjects/11/src/HTTPHeaderViewer.java,HTTPHeaderViewer::getHeaders,31,20,Default task
2021-11-19T11:46:47.335+09:00,user,IdeState,Active,11,Editor,C:/Users/user/IdeaProjects/11/src/HTTPHeaderViewer.java,HTTPHeaderViewer::getHeaders,31,25,Default task
2021-11-19T11:46:48.337+09:00,user,IdeState,Active,11,Editor,C:/Users/user/IdeaProjects/11/src/HTTPHeaderViewer.java,HTTPHeaderViewer::getHeaders,32,16,Default task
2021-11-19T11:46:49.351+09:00,user,IdeState,Active,11,Editor,C:/Users/user/IdeaProjects/11/src/HTTPHeaderViewer.java,HTTPHeaderViewer::getHeaders,34,11,Default task
2021-11-19T11:46:50.363+09:00,user,IdeState,Active,11,Editor,C:/Users/user/IdeaProjects/11/src/HTTPHeaderViewer.java,HTTPHeaderViewer::getHeaders,34,18,Default task
2021-11-19T11:46:51.378+09:00,user,IdeState,Active,11,Editor,C:/Users/user/IdeaProjects/11/src/HTTPHeaderViewer.java,HTTPHeaderViewer::getHeaders,34,27,Default task
2021-11-19T11:46:52.395+09:00,user,IdeState,Active,11,Editor,C:/Users/user/IdeaProjects/11/src/HTTPHeaderViewer.java,HTTPHeaderViewer::getHeaders,35,8,Default task
2021-11-19T11:46:53.411+09:00,user,IdeState,Active,11,Editor,C:/Users/user/IdeaProjects/11/src/HTTPHeaderViewer.java,HTTPHeaderViewer::getHeaders,35,8,Default task
2021-11-19T11:46:54.426+09:00,user,IdeState,Active,11,Editor,C:/Users/user/IdeaProjects/11/src/HTTPHeaderViewer.java,HTTPHeaderViewer::getHeaders,35,9,Default task
2021-11-19T11:46:55.440+09:00,user,IdeState,Active,11,Editor,C:/Users/user/IdeaProjects/11/src/HTTPHeaderViewer.java,HTTPHeaderViewer::getHeaders,35,16,Default task
2021-11-19T11:46:56.445+09:00,user,IdeState,Active,11,Editor,C:/Users/user/IdeaProjects/11/src/HTTPHeaderViewer.java,HTTPHeaderViewer::getHeaders,35,15,Default task
2021-11-19T11:46:57.477+09:00,user,IdeState,Active,11,Editor,C:/Users/user/IdeaProjects/11/src/HTTPHeaderViewer.java,HTTPHeaderViewer::getHeaders,35,16,Default task
2021-11-19T11:46:58.503+09:00,user,IdeState,Active,11,Editor,C:/Users/user/IdeaProjects/11/src/HTTPHeaderViewer.java,HTTPHeaderViewer::getHeaders,35,28,Default task
2021-11-19T11:46:59.510+09:00,user,IdeState,Active,11,Editor,C:/Users/user/IdeaProjects/11/src/HTTPHeaderViewer.java,HTTPHeaderViewer::getHeaders,36,11,Default task
2021-11-19T11:47:00.512+09:00,user,IdeState,Active,11,Editor,C:/Users/user/IdeaProjects/11/src/HTTPHeaderViewer.java,HTTPHeaderViewer::getHeaders,36,11,Default task
2021-11-19T11:47:01.520+09:00,user,IdeState,Active,11,Editor,C:/Users/user/IdeaProjects/11/src/HTTPHeaderViewer.java,HTTPHeaderViewer::getHeaders,36,12,Default task
2021-11-19T11:47:02.535+09:00,user,IdeState,Active,11,Editor,C:/Users/user/IdeaProjects/11/src/HTTPHeaderViewer.java,HTTPHeaderViewer::getHeaders,36,14,Default task
2021-11-19T11:47:03.548+09:00,user,IdeState,Active,11,Editor,C:/Users/user/IdeaProjects/11/src/HTTPHeaderViewer.java,HTTPHeaderViewer::getHeaders,36,16,Default task
2021-11-19T11:47:04.564+09:00,user,IdeState,Active,11,Editor,C:/Users/user/IdeaProjects/11/src/HTTPHeaderViewer.java,HTTPHeaderViewer::getHeaders,36,22,Default task
2021-11-19T11:47:05.608+09:00,user,IdeState,Active,11,Editor,C:/Users/user/IdeaProjects/11/src/HTTPHeaderViewer.java,HTTPHeaderViewer::getHeaders,36,28,Default task
2021-11-19T11:47:06.610+09:00,user,IdeState,Active,11,Editor,C:/Users/user/IdeaProjects/11/src/HTTPHeaderViewer.java,HTTPHeaderViewer::getHeaders,36,28,Default task
2021-11-19T11:47:07.622+09:00,user,IdeState,Active,11,Editor,C:/Users/user/IdeaProjects/11/src/HTTPHeaderViewer.java,HTTPHeaderViewer::getHeaders,36,30,Default task
2021-11-19T11:47:08.626+09:00,user,IdeState,Active,11,Editor,C:/Users/user/IdeaProjects/11/src/HTTPHeaderViewer.java,HTTPHeaderViewer::getHeaders,36,39,Default task
2021-11-19T11:47:09.632+09:00,user,IdeState,Active,11,Editor,C:/Users/user/IdeaProjects/11/src/HTTPHeaderViewer.java,HTTPHeaderViewer::getHeaders,37,0,Default task
2021-11-19T11:47:10.636+09:00,user,IdeState,Active,11,Editor,C:/Users/user/IdeaProjects/11/src/HTTPHeaderViewer.java,HTTPHeaderViewer::getHeaders,36,40,Default task
2021-11-19T11:47:11.647+09:00,user,IdeState,Active,11,Editor,C:/Users/user/IdeaProjects/11/src/HTTPHeaderViewer.java,HTTPHeaderViewer::getHeaders,36,46,Default task
2021-11-19T11:47:12.650+09:00,user,IdeState,Active,11,Editor,C:/Users/user/IdeaProjects/11/src/HTTPHeaderViewer.java,HTTPHeaderViewer::getHeaders,36,57,Default task
2021-11-19T11:47:13.654+09:00,user,IdeState,Active,11,Editor,C:/Users/user/IdeaProjects/11/src/HTTPHeaderViewer.java,HTTPHeaderViewer::getHeaders,37,11,Default task
2021-11-19T11:47:14.669+09:00,user,IdeState,Active,11,Editor,C:/Users/user/IdeaProjects/11/src/HTTPHeaderViewer.java,HTTPHeaderViewer::getHeaders,37,12,Default task
2021-11-19T11:47:15.678+09:00,user,IdeState,Active,11,Editor,C:/Users/user/IdeaProjects/11/src/HTTPHeaderViewer.java,HTTPHeaderViewer::getHeaders,37,20,Default task
2021-11-19T11:47:16.691+09:00,user,IdeState,Active,11,Editor,C:/Users/user/IdeaProjects/11/src/HTTPHeaderViewer.java,HTTPHeaderViewer::getHeaders,37,21,Default task
2021-11-19T11:47:17.709+09:00,user,IdeState,Active,11,Editor,C:/Users/user/IdeaProjects/11/src/HTTPHeaderViewer.java,HTTPHeaderViewer::getHeaders,37,26,Default task
2021-11-19T11:47:18.719+09:00,user,IdeState,Active,11,Editor,C:/Users/user/IdeaProjects/11/src/HTTPHeaderViewer.java,HTTPHeaderViewer::getHeaders,37,27,Default task
2021-11-19T11:47:19.734+09:00,user,IdeState,Active,11,Editor,C:/Users/user/IdeaProjects/11/src/HTTPHeaderViewer.java,HTTPHeaderViewer::getHeaders,37,27,Default task
2021-11-19T11:47:20.736+09:00,user,IdeState,Active,11,Editor,C:/Users/user/IdeaProjects/11/src/HTTPHeaderViewer.java,HTTPHeaderViewer::getHeaders,37,48,Default task
2021-11-19T11:47:21.745+09:00,user,IdeState,Active,11,Editor,C:/Users/user/IdeaProjects/11/src/HTTPHeaderViewer.java,HTTPHeaderViewer::getHeaders,37,49,Default task
2021-11-19T11:47:22.760+09:00,user,IdeState,Active,11,Editor,C:/Users/user/IdeaProjects/11/src/HTTPHeaderViewer.java,HTTPHeaderViewer::getHeaders,37,50,Default task
2021-11-19T11:47:23.776+09:00,user,IdeState,Active,11,Editor,C:/Users/user/IdeaProjects/11/src/HTTPHeaderViewer.java,HTTPHeaderViewer::getHeaders,37,51,Default task
2021-11-19T11:47:24.788+09:00,user,IdeState,Active,11,Editor,C:/Users/user/IdeaProjects/11/src/HTTPHeaderViewer.java,HTTPHeaderViewer::getHeaders,37,64,Default task
2021-11-19T11:47:25.801+09:00,user,IdeState,Active,11,Editor,C:/Users/user/IdeaProjects/11/src/HTTPHeaderViewer.java,HTTPHeaderViewer::getHeaders,38,12,Default task
2021-11-19T11:47:26.814+09:00,user,IdeState,Active,11,Editor,C:/Users/user/IdeaProjects/11/src/HTTPHeaderViewer.java,HTTPHeaderViewer::getHeaders,38,19,Default task
2021-11-19T11:47:27.853+09:00,user,IdeState,Active,11,Editor,C:/Users/user/IdeaProjects/11/src/HTTPHeaderViewer.java,HTTPHeaderViewer::getHeaders,38,27,Default task
2021-11-19T11:47:28.866+09:00,user,IdeState,Active,11,Editor,C:/Users/user/IdeaProjects/11/src/HTTPHeaderViewer.java,HTTPHeaderViewer::getHeaders,38,28,Default task
2021-11-19T11:47:29.877+09:00,user,IdeState,Active,11,Editor,C:/Users/user/IdeaProjects/11/src/HTTPHeaderViewer.java,HTTPHeaderViewer::getHeaders,38,28,Default task
2021-11-19T11:47:30.881+09:00,user,IdeState,Active,11,Editor,C:/Users/user/IdeaProjects/11/src/HTTPHeaderViewer.java,HTTPHeaderViewer::getHeaders,38,28,Default task
2021-11-19T11:47:31.890+09:00,user,IdeState,Active,11,Editor,C:/Users/user/IdeaProjects/11/src/HTTPHeaderViewer.java,HTTPHeaderViewer::getHeaders,38,28,Default task
2021-11-19T11:47:32.905+09:00,user,IdeState,Active,11,Editor,C:/Users/user/IdeaProjects/11/src/HTTPHeaderViewer.java,HTTPHeaderViewer::getHeaders,38,28,Default task
2021-11-19T11:47:33.906+09:00,user,IdeState,Active,11,Editor,C:/Users/user/IdeaProjects/11/src/HTTPHeaderViewer.java,HTTPHeaderViewer::getHeaders,38,28,Default task
2021-11-19T11:47:34.960+09:00,user,IdeState,Active,11,Editor,C:/Users/user/IdeaProjects/11/src/HTTPHeaderViewer.java,HTTPHeaderViewer::getHeaders,38,28,Default task
2021-11-19T11:47:35.980+09:00,user,IdeState,Active,11,Editor,C:/Users/user/IdeaProjects/11/src/HTTPHeaderViewer.java,HTTPHeaderViewer::getHeaders,38,28,Default task
2021-11-19T11:47:36.995+09:00,user,IdeState,Active,11,Editor,C:/Users/user/IdeaProjects/11/src/HTTPHeaderViewer.java,HTTPHeaderViewer::getHeaders,38,28,Default task
2021-11-19T11:47:38.007+09:00,user,IdeState,Inactive,,,,,-1,-1,
2021-11-19T11:47:39.020+09:00,user,IdeState,Inactive,,,,,-1,-1,
2021-11-19T11:47:40.026+09:00,user,IdeState,Active,11,Editor,C:/Users/user/IdeaProjects/11/src/HTTPHeaderViewer.java,HTTPHeaderViewer::getHeaders,38,28,Default task
2021-11-19T11:47:41.035+09:00,user,IdeState,Active,11,Editor,C:/Users/user/IdeaProjects/11/src/HTTPHeaderViewer.java,HTTPHeaderViewer::getHeaders,38,28,Default task
2021-11-19T11:47:42.048+09:00,user,IdeState,Active,11,Editor,C:/Users/user/IdeaProjects/11/src/HTTPHeaderViewer.java,HTTPHeaderViewer::getHeaders,38,28,Default task
2021-11-19T11:47:43.064+09:00,user,IdeState,Active,11,Editor,C:/Users/user/IdeaProjects/11/src/HTTPHeaderViewer.java,HTTPHeaderViewer::getHeaders,38,28,Default task
2021-11-19T11:47:44.077+09:00,user,IdeState,Active,11,Editor,C:/Users/user/IdeaProjects/11/src/HTTPHeaderViewer.java,HTTPHeaderViewer::getHeaders,38,28,Default task
2021-11-19T11:47:45.091+09:00,user,IdeState,Inactive,,,,,-1,-1,
2021-11-19T11:47:46.092+09:00,user,IdeState,Inactive,,,,,-1,-1,
2021-11-19T11:47:47.107+09:00,user,IdeState,Active,11,Editor,C:/Users/user/IdeaProjects/11/src/HTTPHeaderViewer.java,HTTPHeaderViewer::getHeaders,38,28,Default task
2021-11-19T11:47:48.121+09:00,user,IdeState,Active,11,Editor,C:/Users/user/IdeaProjects/11/src/HTTPHeaderViewer.java,HTTPHeaderViewer::getHeaders,38,28,Default task
2021-11-19T11:47:49.146+09:00,user,IdeState,Active,11,Editor,C:/Users/user/IdeaProjects/11/src/HTTPHeaderViewer.java,HTTPHeaderViewer::getHeaders,38,28,Default task
2021-11-19T11:47:50.148+09:00,user,IdeState,Active,11,Editor,C:/Users/user/IdeaProjects/11/src/HTTPHeaderViewer.java,HTTPHeaderViewer::getHeaders,38,28,Default task
2021-11-19T11:47:51.160+09:00,user,IdeState,Active,11,Editor,C:/Users/user/IdeaProjects/11/src/HTTPHeaderViewer.java,HTTPHeaderViewer::getHeaders,38,28,Default task
2021-11-19T11:47:52.178+09:00,user,IdeState,Active,11,Editor,C:/Users/user/IdeaProjects/11/src/HTTPHeaderViewer.java,HTTPHeaderViewer::getHeaders,38,28,Default task
2021-11-19T11:47:53.185+09:00,user,IdeState,Active,11,Popup,C:/Users/user/IdeaProjects/11/src/HTTPHeaderViewer.java,HTTPHeaderViewer::getHeaders,38,28,Default task
2021-11-19T11:47:54.201+09:00,user,IdeState,Active,11,Editor,C:/Users/user/IdeaProjects/11/src/HTTPHeaderViewer.java,HTTPHeaderViewer::getHeaders,38,28,Default task
