2021-09-18T09:06:28.051+09:00,user,IdeState,Active,MultipleMain,Editor,C:/Users/user/IdeaProjects/MultipleMain/src/MultipleMain.java,,1,4,Default task
2021-09-18T09:06:29.154+09:00,user,IdeState,Active,MultipleMain,Editor,C:/Users/user/IdeaProjects/MultipleMain/src/MultipleMain.java,,1,4,Default task
2021-09-18T09:06:30.170+09:00,user,IdeState,Active,MultipleMain,Editor,C:/Users/user/IdeaProjects/MultipleMain/src/MultipleMain.java,,1,4,Default task
2021-09-18T09:06:31.186+09:00,user,IdeState,Active,MultipleMain,Editor,C:/Users/user/IdeaProjects/MultipleMain/src/MultipleMain.java,,1,4,Default task
2021-09-18T09:06:32.277+09:00,user,IdeState,Active,MultipleMain,Editor,C:/Users/user/IdeaProjects/MultipleMain/src/MultipleMain.java,,1,6,Default task
2021-09-18T09:06:33.291+09:00,user,IdeState,Active,MultipleMain,Editor,C:/Users/user/IdeaProjects/MultipleMain/src/MultipleMain.java,,1,11,Default task
2021-09-18T09:06:34.344+09:00,user,IdeState,Active,MultipleMain,Editor,C:/Users/user/IdeaProjects/MultipleMain/src/MultipleMain.java,,1,18,Default task
2021-09-18T09:06:35.347+09:00,user,IdeState,Active,MultipleMain,Editor,C:/Users/user/IdeaProjects/MultipleMain/src/MultipleMain.java,,1,18,Default task
2021-09-18T09:06:36.356+09:00,user,IdeState,Active,MultipleMain,Editor,C:/Users/user/IdeaProjects/MultipleMain/src/MultipleMain.java,,1,23,Default task
2021-09-18T09:06:37.366+09:00,user,IdeState,Active,MultipleMain,Editor,C:/Users/user/IdeaProjects/MultipleMain/src/MultipleMain.java,,1,25,Default task
2021-09-18T09:06:38.381+09:00,user,IdeState,Active,MultipleMain,Editor,C:/Users/user/IdeaProjects/MultipleMain/src/MultipleMain.java,,1,28,Default task
2021-09-18T09:06:39.395+09:00,user,IdeState,Active,MultipleMain,Editor,C:/Users/user/IdeaProjects/MultipleMain/src/MultipleMain.java,,1,27,Default task
2021-09-18T09:06:40.396+09:00,user,IdeState,Active,MultipleMain,Editor,C:/Users/user/IdeaProjects/MultipleMain/src/MultipleMain.java,MultipleMain::main,1,28,Default task
2021-09-18T09:06:41.412+09:00,user,IdeState,Active,MultipleMain,Editor,C:/Users/user/IdeaProjects/MultipleMain/src/MultipleMain.java,MultipleMain::main,1,29,Default task
2021-09-18T09:06:42.420+09:00,user,IdeState,Active,MultipleMain,Editor,C:/Users/user/IdeaProjects/MultipleMain/src/MultipleMain.java,MultipleMain::main,1,34,Default task
2021-09-18T09:06:43.430+09:00,user,IdeState,Active,MultipleMain,Editor,C:/Users/user/IdeaProjects/MultipleMain/src/MultipleMain.java,MultipleMain::main,1,35,Default task
2021-09-18T09:06:44.433+09:00,user,IdeState,Active,MultipleMain,Editor,C:/Users/user/IdeaProjects/MultipleMain/src/MultipleMain.java,MultipleMain::main,1,39,Default task
2021-09-18T09:06:45.443+09:00,user,IdeState,Active,MultipleMain,Editor,C:/Users/user/IdeaProjects/MultipleMain/src/MultipleMain.java,,1,42,Default task
2021-09-18T09:06:46.458+09:00,user,IdeState,Active,MultipleMain,Editor,C:/Users/user/IdeaProjects/MultipleMain/src/MultipleMain.java,MultipleMain::main,2,8,Default task
2021-09-18T09:06:47.471+09:00,user,IdeState,Active,MultipleMain,Editor,C:/Users/user/IdeaProjects/MultipleMain/src/MultipleMain.java,MultipleMain::main,2,8,Default task
2021-09-18T09:06:48.476+09:00,user,IdeState,Active,MultipleMain,Editor,C:/Users/user/IdeaProjects/MultipleMain/src/MultipleMain.java,MultipleMain::main,2,8,Default task
2021-09-18T09:06:49.487+09:00,user,IdeState,Active,MultipleMain,Editor,C:/Users/user/IdeaProjects/MultipleMain/src/MultipleMain.java,MultipleMain::main,2,8,Default task
2021-09-18T09:06:50.488+09:00,user,IdeState,Active,MultipleMain,Editor,C:/Users/user/IdeaProjects/MultipleMain/src/MultipleMain.java,MultipleMain::main,2,8,Default task
2021-09-18T09:06:51.496+09:00,user,IdeState,Active,MultipleMain,Editor,C:/Users/user/IdeaProjects/MultipleMain/src/MultipleMain.java,MultipleMain::main,2,10,Default task
2021-09-18T09:06:52.498+09:00,user,IdeState,Active,MultipleMain,Editor,C:/Users/user/IdeaProjects/MultipleMain/src/MultipleMain.java,MultipleMain::main,2,14,Default task
2021-09-18T09:06:53.512+09:00,user,IdeState,Active,MultipleMain,Editor,C:/Users/user/IdeaProjects/MultipleMain/src/MultipleMain.java,MultipleMain::main,2,14,Default task
2021-09-18T09:06:54.517+09:00,user,IdeState,Active,MultipleMain,Editor,C:/Users/user/IdeaProjects/MultipleMain/src/MultipleMain.java,MultipleMain::main,2,13,Default task
2021-09-18T09:06:55.526+09:00,user,IdeState,Active,MultipleMain,Editor,C:/Users/user/IdeaProjects/MultipleMain/src/MultipleMain.java,MultipleMain::main,2,14,Default task
2021-09-18T09:06:56.542+09:00,user,IdeState,Active,MultipleMain,Editor,C:/Users/user/IdeaProjects/MultipleMain/src/MultipleMain.java,MultipleMain::main,2,17,Default task
2021-09-18T09:06:57.557+09:00,user,IdeState,Active,MultipleMain,Editor,C:/Users/user/IdeaProjects/MultipleMain/src/MultipleMain.java,MultipleMain::main,4,21,Default task
2021-09-18T09:06:58.571+09:00,user,IdeState,Active,MultipleMain,Editor,C:/Users/user/IdeaProjects/MultipleMain/src/MultipleMain.java,MultipleMain::main,4,25,Default task
2021-09-18T09:06:59.615+09:00,user,IdeState,Active,MultipleMain,Editor,C:/Users/user/IdeaProjects/MultipleMain/src/MultipleMain.java,MultipleMain::main,4,30,Default task
2021-09-18T09:07:00.616+09:00,user,IdeState,Active,MultipleMain,Editor,C:/Users/user/IdeaProjects/MultipleMain/src/MultipleMain.java,MultipleMain::main,4,32,Default task
2021-09-18T09:07:01.629+09:00,user,IdeState,Active,MultipleMain,Editor,C:/Users/user/IdeaProjects/MultipleMain/src/MultipleMain.java,MultipleMain::main,4,35,Default task
2021-09-18T09:07:02.643+09:00,user,IdeState,Active,MultipleMain,Editor,C:/Users/user/IdeaProjects/MultipleMain/src/MultipleMain.java,MultipleMain::main,4,36,Default task
2021-09-18T09:07:03.657+09:00,user,IdeState,Active,MultipleMain,Editor,C:/Users/user/IdeaProjects/MultipleMain/src/MultipleMain.java,MultipleMain::main,4,36,Default task
2021-09-18T09:07:04.671+09:00,user,IdeState,Active,MultipleMain,Editor,C:/Users/user/IdeaProjects/MultipleMain/src/MultipleMain.java,MultipleMain::main,4,44,Default task
2021-09-18T09:07:06.348+09:00,user,IdeState,Active,MultipleMain,Editor,C:/Users/user/IdeaProjects/MultipleMain/src/MultipleMain.java,MultipleMain::main,4,44,Default task
2021-09-18T09:07:07.364+09:00,user,IdeState,Active,MultipleMain,Editor,C:/Users/user/IdeaProjects/MultipleMain/src/MultipleMain.java,MultipleMain::main,4,44,Default task
2021-09-18T09:07:08.368+09:00,user,IdeState,Active,MultipleMain,Editor,C:/Users/user/IdeaProjects/MultipleMain/src/MultipleMain.java,MultipleMain::main,4,46,Default task
2021-09-18T09:07:09.376+09:00,user,IdeState,Active,MultipleMain,Editor,C:/Users/user/IdeaProjects/MultipleMain/src/MultipleMain.java,MultipleMain::main,4,50,Default task
2021-09-18T09:07:10.392+09:00,user,IdeState,Active,MultipleMain,Editor,C:/Users/user/IdeaProjects/MultipleMain/src/MultipleMain.java,MultipleMain::main,4,52,Default task
2021-09-18T09:07:11.399+09:00,user,IdeState,Active,MultipleMain,Editor,C:/Users/user/IdeaProjects/MultipleMain/src/MultipleMain.java,MultipleMain::main,4,54,Default task
2021-09-18T09:07:12.415+09:00,user,IdeState,Active,MultipleMain,Editor,C:/Users/user/IdeaProjects/MultipleMain/src/MultipleMain.java,MultipleMain::main,4,55,Default task
2021-09-18T09:07:13.416+09:00,user,IdeState,Active,MultipleMain,Editor,C:/Users/user/IdeaProjects/MultipleMain/src/MultipleMain.java,MultipleMain::main,5,8,Default task
2021-09-18T09:07:14.432+09:00,user,IdeState,Active,MultipleMain,Editor,C:/Users/user/IdeaProjects/MultipleMain/src/MultipleMain.java,MultipleMain::main,5,8,Default task
2021-09-18T09:07:15.447+09:00,user,IdeState,Active,MultipleMain,Editor,C:/Users/user/IdeaProjects/MultipleMain/src/MultipleMain.java,MultipleMain::main,5,8,Default task
2021-09-18T09:07:16.462+09:00,user,IdeState,Active,MultipleMain,Editor,C:/Users/user/IdeaProjects/MultipleMain/src/MultipleMain.java,MultipleMain::main,5,8,Default task
2021-09-18T09:07:17.478+09:00,user,IdeState,Active,MultipleMain,Editor,C:/Users/user/IdeaProjects/MultipleMain/src/MultipleMain.java,MultipleMain::main,5,8,Default task
2021-09-18T09:07:18.491+09:00,user,IdeState,Active,MultipleMain,Editor,C:/Users/user/IdeaProjects/MultipleMain/src/MultipleMain.java,MultipleMain::main,5,8,Default task
2021-09-18T09:07:19.500+09:00,user,IdeState,Active,MultipleMain,Editor,C:/Users/user/IdeaProjects/MultipleMain/src/MultipleMain.java,MultipleMain::main,5,12,Default task
2021-09-18T09:07:20.508+09:00,user,IdeState,Active,MultipleMain,Editor,C:/Users/user/IdeaProjects/MultipleMain/src/MultipleMain.java,MultipleMain::main,5,8,Default task
2021-09-18T09:07:21.525+09:00,user,IdeState,Active,MultipleMain,Editor,C:/Users/user/IdeaProjects/MultipleMain/src/MultipleMain.java,MultipleMain::main,5,10,Default task
2021-09-18T09:07:22.532+09:00,user,IdeState,Active,MultipleMain,Editor,C:/Users/user/IdeaProjects/MultipleMain/src/MultipleMain.java,MultipleMain::main,5,12,Default task
2021-09-18T09:07:23.544+09:00,user,IdeState,Active,MultipleMain,Editor,C:/Users/user/IdeaProjects/MultipleMain/src/MultipleMain.java,MultipleMain::main,5,11,Default task
2021-09-18T09:07:24.557+09:00,user,IdeState,Active,MultipleMain,Editor,C:/Users/user/IdeaProjects/MultipleMain/src/MultipleMain.java,MultipleMain::main,5,14,Default task
2021-09-18T09:07:25.573+09:00,user,IdeState,Active,MultipleMain,Editor,C:/Users/user/IdeaProjects/MultipleMain/src/MultipleMain.java,MultipleMain::main,5,18,Default task
2021-09-18T09:07:26.588+09:00,user,IdeState,Active,MultipleMain,Editor,C:/Users/user/IdeaProjects/MultipleMain/src/MultipleMain.java,MultipleMain::main,5,20,Default task
2021-09-18T09:07:27.602+09:00,user,IdeState,Active,MultipleMain,Editor,C:/Users/user/IdeaProjects/MultipleMain/src/MultipleMain.java,MultipleMain::main,5,23,Default task
2021-09-18T09:07:28.615+09:00,user,IdeState,Active,MultipleMain,Editor,C:/Users/user/IdeaProjects/MultipleMain/src/MultipleMain.java,MultipleMain::main,5,24,Default task
2021-09-18T09:07:29.628+09:00,user,IdeState,Active,MultipleMain,Editor,C:/Users/user/IdeaProjects/MultipleMain/src/MultipleMain.java,MultipleMain::main,5,31,Default task
2021-09-18T09:07:30.641+09:00,user,IdeState,Active,MultipleMain,Editor,C:/Users/user/IdeaProjects/MultipleMain/src/MultipleMain.java,MultipleMain::main,5,32,Default task
2021-09-18T09:07:31.654+09:00,user,IdeState,Active,MultipleMain,Editor,C:/Users/user/IdeaProjects/MultipleMain/src/MultipleMain.java,MultipleMain::main,5,41,Default task
2021-09-18T09:07:32.667+09:00,user,IdeState,Active,MultipleMain,Editor,C:/Users/user/IdeaProjects/MultipleMain/src/MultipleMain.java,MultipleMain::main,6,8,Default task
2021-09-18T09:07:33.679+09:00,user,IdeState,Active,MultipleMain,Editor,C:/Users/user/IdeaProjects/MultipleMain/src/MultipleMain.java,MultipleMain::main,7,8,Default task
2021-09-18T09:07:34.684+09:00,user,IdeState,Active,MultipleMain,Editor,C:/Users/user/IdeaProjects/MultipleMain/src/MultipleMain.java,MultipleMain::main,7,8,Default task
2021-09-18T09:07:35.687+09:00,user,IdeState,Active,MultipleMain,Editor,C:/Users/user/IdeaProjects/MultipleMain/src/MultipleMain.java,MultipleMain::main,7,8,Default task
2021-09-18T09:07:36.689+09:00,user,IdeState,Active,MultipleMain,Editor,C:/Users/user/IdeaProjects/MultipleMain/src/MultipleMain.java,MultipleMain::main,7,8,Default task
2021-09-18T09:07:37.693+09:00,user,IdeState,Active,MultipleMain,Editor,C:/Users/user/IdeaProjects/MultipleMain/src/MultipleMain.java,MultipleMain::main,7,8,Default task
2021-09-18T09:07:38.695+09:00,user,IdeState,Active,MultipleMain,Editor,C:/Users/user/IdeaProjects/MultipleMain/src/MultipleMain.java,MultipleMain::main,7,8,Default task
2021-09-18T09:07:39.699+09:00,user,IdeState,Active,MultipleMain,Editor,C:/Users/user/IdeaProjects/MultipleMain/src/MultipleMain.java,MultipleMain::main,7,8,Default task
2021-09-18T09:07:40.713+09:00,user,IdeState,Active,MultipleMain,Editor,C:/Users/user/IdeaProjects/MultipleMain/src/MultipleMain.java,MultipleMain::main,7,8,Default task
2021-09-18T09:07:41.727+09:00,user,IdeState,Active,MultipleMain,Editor,C:/Users/user/IdeaProjects/MultipleMain/src/MultipleMain.java,MultipleMain::main,7,8,Default task
2021-09-18T09:07:42.730+09:00,user,IdeState,Active,MultipleMain,Editor,C:/Users/user/IdeaProjects/MultipleMain/src/MultipleMain.java,MultipleMain::main,7,8,Default task
2021-09-18T09:07:43.733+09:00,user,IdeState,Active,MultipleMain,Editor,C:/Users/user/IdeaProjects/MultipleMain/src/MultipleMain.java,MultipleMain::main,7,8,Default task
2021-09-18T09:07:44.747+09:00,user,IdeState,Active,MultipleMain,Editor,C:/Users/user/IdeaProjects/MultipleMain/src/MultipleMain.java,MultipleMain::main,7,8,Default task
2021-09-18T09:07:45.748+09:00,user,IdeState,Active,MultipleMain,Editor,C:/Users/user/IdeaProjects/MultipleMain/src/MultipleMain.java,MultipleMain::main,7,8,Default task
2021-09-18T09:07:46.751+09:00,user,IdeState,Active,MultipleMain,Editor,C:/Users/user/IdeaProjects/MultipleMain/src/MultipleMain.java,MultipleMain::main,7,8,Default task
2021-09-18T09:07:47.755+09:00,user,IdeState,Active,MultipleMain,Editor,C:/Users/user/IdeaProjects/MultipleMain/src/MultipleMain.java,MultipleMain::main,7,10,Default task
2021-09-18T09:07:48.757+09:00,user,IdeState,Active,MultipleMain,Editor,C:/Users/user/IdeaProjects/MultipleMain/src/MultipleMain.java,MultipleMain::main,7,8,Default task
2021-09-18T09:07:49.764+09:00,user,IdeState,Active,MultipleMain,Editor,C:/Users/user/IdeaProjects/MultipleMain/src/MultipleMain.java,MultipleMain::main,7,11,Default task
2021-09-18T09:07:50.776+09:00,user,IdeState,Active,MultipleMain,Editor,C:/Users/user/IdeaProjects/MultipleMain/src/MultipleMain.java,MultipleMain::main,7,14,Default task
2021-09-18T09:07:51.791+09:00,user,IdeState,Active,MultipleMain,Editor,C:/Users/user/IdeaProjects/MultipleMain/src/MultipleMain.java,MultipleMain::main,7,14,Default task
2021-09-18T09:07:52.804+09:00,user,IdeState,Active,MultipleMain,Editor,C:/Users/user/IdeaProjects/MultipleMain/src/MultipleMain.java,MultipleMain::main,7,14,Default task
2021-09-18T09:07:53.818+09:00,user,IdeState,Active,MultipleMain,Editor,C:/Users/user/IdeaProjects/MultipleMain/src/MultipleMain.java,MultipleMain::main,7,15,Default task
2021-09-18T09:07:54.820+09:00,user,IdeState,Active,MultipleMain,Editor,C:/Users/user/IdeaProjects/MultipleMain/src/MultipleMain.java,MultipleMain::main,7,14,Default task
2021-09-18T09:07:55.825+09:00,user,IdeState,Active,MultipleMain,Editor,C:/Users/user/IdeaProjects/MultipleMain/src/MultipleMain.java,MultipleMain::main,7,15,Default task
2021-09-18T09:07:56.838+09:00,user,IdeState,Active,MultipleMain,Editor,C:/Users/user/IdeaProjects/MultipleMain/src/MultipleMain.java,MultipleMain::main,7,14,Default task
2021-09-18T09:07:57.850+09:00,user,IdeState,Active,MultipleMain,Editor,C:/Users/user/IdeaProjects/MultipleMain/src/MultipleMain.java,MultipleMain::main,7,15,Default task
2021-09-18T09:07:58.863+09:00,user,IdeState,Active,MultipleMain,Editor,C:/Users/user/IdeaProjects/MultipleMain/src/MultipleMain.java,MultipleMain::main,7,16,Default task
2021-09-18T09:07:59.877+09:00,user,IdeState,Active,MultipleMain,Editor,C:/Users/user/IdeaProjects/MultipleMain/src/MultipleMain.java,MultipleMain::main,7,19,Default task
2021-09-18T09:08:00.893+09:00,user,IdeState,Active,MultipleMain,Editor,C:/Users/user/IdeaProjects/MultipleMain/src/MultipleMain.java,MultipleMain::main,7,19,Default task
2021-09-18T09:08:01.907+09:00,user,IdeState,Active,MultipleMain,Editor,C:/Users/user/IdeaProjects/MultipleMain/src/MultipleMain.java,MultipleMain::main,7,19,Default task
2021-09-18T09:08:02.923+09:00,user,IdeState,Active,MultipleMain,Editor,C:/Users/user/IdeaProjects/MultipleMain/src/MultipleMain.java,MultipleMain::main,7,20,Default task
2021-09-18T09:08:03.928+09:00,user,IdeState,Active,MultipleMain,Editor,C:/Users/user/IdeaProjects/MultipleMain/src/MultipleMain.java,MultipleMain::main,7,19,Default task
2021-09-18T09:08:04.942+09:00,user,IdeState,Active,MultipleMain,Editor,C:/Users/user/IdeaProjects/MultipleMain/src/MultipleMain.java,MultipleMain::main,7,20,Default task
2021-09-18T09:08:05.955+09:00,user,IdeState,Active,MultipleMain,Editor,C:/Users/user/IdeaProjects/MultipleMain/src/MultipleMain.java,MultipleMain::main,7,23,Default task
2021-09-18T09:08:06.970+09:00,user,IdeState,Active,MultipleMain,Editor,C:/Users/user/IdeaProjects/MultipleMain/src/MultipleMain.java,MultipleMain::main,7,24,Default task
2021-09-18T09:08:07.984+09:00,user,IdeState,Active,MultipleMain,Editor,C:/Users/user/IdeaProjects/MultipleMain/src/MultipleMain.java,MultipleMain::main,7,25,Default task
2021-09-18T09:08:08.999+09:00,user,IdeState,Active,MultipleMain,Editor,C:/Users/user/IdeaProjects/MultipleMain/src/MultipleMain.java,MultipleMain::main,7,26,Default task
2021-09-18T09:08:10.015+09:00,user,IdeState,Active,MultipleMain,Editor,C:/Users/user/IdeaProjects/MultipleMain/src/MultipleMain.java,MultipleMain::main,7,28,Default task
2021-09-18T09:08:11.025+09:00,user,IdeState,Active,MultipleMain,Editor,C:/Users/user/IdeaProjects/MultipleMain/src/MultipleMain.java,MultipleMain::main,7,28,Default task
2021-09-18T09:08:12.036+09:00,user,IdeState,Active,MultipleMain,Editor,C:/Users/user/IdeaProjects/MultipleMain/src/MultipleMain.java,MultipleMain::main,7,29,Default task
2021-09-18T09:08:13.040+09:00,user,IdeState,Active,MultipleMain,Editor,C:/Users/user/IdeaProjects/MultipleMain/src/MultipleMain.java,MultipleMain::main,8,12,Default task
2021-09-18T09:08:14.053+09:00,user,IdeState,Active,MultipleMain,Editor,C:/Users/user/IdeaProjects/MultipleMain/src/MultipleMain.java,MultipleMain::main,8,12,Default task
2021-09-18T09:08:15.065+09:00,user,IdeState,Active,MultipleMain,Editor,C:/Users/user/IdeaProjects/MultipleMain/src/MultipleMain.java,MultipleMain::main,8,12,Default task
2021-09-18T09:08:16.081+09:00,user,IdeState,Active,MultipleMain,Editor,C:/Users/user/IdeaProjects/MultipleMain/src/MultipleMain.java,MultipleMain::main,8,12,Default task
2021-09-18T09:08:17.088+09:00,user,IdeState,Active,MultipleMain,Editor,C:/Users/user/IdeaProjects/MultipleMain/src/MultipleMain.java,MultipleMain::main,8,12,Default task
2021-09-18T09:08:18.092+09:00,user,IdeState,Active,MultipleMain,Editor,C:/Users/user/IdeaProjects/MultipleMain/src/MultipleMain.java,MultipleMain::main,8,12,Default task
2021-09-18T09:08:19.107+09:00,user,IdeState,Active,MultipleMain,Editor,C:/Users/user/IdeaProjects/MultipleMain/src/MultipleMain.java,MultipleMain::main,8,12,Default task
2021-09-18T09:08:20.122+09:00,user,IdeState,Active,MultipleMain,Editor,C:/Users/user/IdeaProjects/MultipleMain/src/MultipleMain.java,MultipleMain::main,8,12,Default task
2021-09-18T09:08:21.129+09:00,user,IdeState,Active,MultipleMain,Editor,C:/Users/user/IdeaProjects/MultipleMain/src/MultipleMain.java,MultipleMain::main,8,12,Default task
2021-09-18T09:08:22.140+09:00,user,IdeState,Active,MultipleMain,Editor,C:/Users/user/IdeaProjects/MultipleMain/src/MultipleMain.java,MultipleMain::main,8,14,Default task
2021-09-18T09:08:23.152+09:00,user,IdeState,Active,MultipleMain,Editor,C:/Users/user/IdeaProjects/MultipleMain/src/MultipleMain.java,MultipleMain::main,8,13,Default task
2021-09-18T09:08:24.164+09:00,user,IdeState,Active,MultipleMain,Editor,C:/Users/user/IdeaProjects/MultipleMain/src/MultipleMain.java,MultipleMain::main,8,13,Default task
2021-09-18T09:08:25.175+09:00,user,IdeState,Active,MultipleMain,Editor,C:/Users/user/IdeaProjects/MultipleMain/src/MultipleMain.java,MultipleMain::main,8,18,Default task
2021-09-18T09:08:26.183+09:00,user,IdeState,Active,MultipleMain,Editor,C:/Users/user/IdeaProjects/MultipleMain/src/MultipleMain.java,MultipleMain::main,8,22,Default task
2021-09-18T09:08:27.199+09:00,user,IdeState,Active,MultipleMain,Editor,C:/Users/user/IdeaProjects/MultipleMain/src/MultipleMain.java,MultipleMain::main,8,23,Default task
2021-09-18T09:08:28.210+09:00,user,IdeState,Active,MultipleMain,Editor,C:/Users/user/IdeaProjects/MultipleMain/src/MultipleMain.java,MultipleMain::main,8,31,Default task
2021-09-18T09:08:29.225+09:00,user,IdeState,Active,MultipleMain,Editor,C:/Users/user/IdeaProjects/MultipleMain/src/MultipleMain.java,MultipleMain::main,8,31,Default task
2021-09-18T09:08:30.234+09:00,user,IdeState,Active,MultipleMain,Editor,C:/Users/user/IdeaProjects/MultipleMain/src/MultipleMain.java,MultipleMain::main,8,31,Default task
2021-09-18T09:08:31.251+09:00,user,IdeState,Active,MultipleMain,Editor,C:/Users/user/IdeaProjects/MultipleMain/src/MultipleMain.java,MultipleMain::main,8,31,Default task
2021-09-18T09:08:32.253+09:00,user,IdeState,Active,MultipleMain,Editor,C:/Users/user/IdeaProjects/MultipleMain/src/MultipleMain.java,MultipleMain::main,8,31,Default task
2021-09-18T09:08:33.255+09:00,user,IdeState,Active,MultipleMain,Editor,C:/Users/user/IdeaProjects/MultipleMain/src/MultipleMain.java,MultipleMain::main,8,31,Default task
2021-09-18T09:08:34.269+09:00,user,IdeState,Active,MultipleMain,Editor,C:/Users/user/IdeaProjects/MultipleMain/src/MultipleMain.java,MultipleMain::main,8,31,Default task
2021-09-18T09:08:35.284+09:00,user,IdeState,Active,MultipleMain,Editor,C:/Users/user/IdeaProjects/MultipleMain/src/MultipleMain.java,MultipleMain::main,8,31,Default task
2021-09-18T09:08:36.285+09:00,user,IdeState,Active,MultipleMain,Editor,C:/Users/user/IdeaProjects/MultipleMain/src/MultipleMain.java,MultipleMain::main,8,31,Default task
2021-09-18T09:08:37.287+09:00,user,IdeState,Active,MultipleMain,Editor,C:/Users/user/IdeaProjects/MultipleMain/src/MultipleMain.java,MultipleMain::main,8,31,Default task
2021-09-18T09:08:38.304+09:00,user,IdeState,Active,MultipleMain,Editor,C:/Users/user/IdeaProjects/MultipleMain/src/MultipleMain.java,MultipleMain::main,8,33,Default task
2021-09-18T09:08:39.317+09:00,user,IdeState,Active,MultipleMain,Editor,C:/Users/user/IdeaProjects/MultipleMain/src/MultipleMain.java,MultipleMain::main,8,34,Default task
2021-09-18T09:08:40.317+09:00,user,IdeState,Active,MultipleMain,Editor,C:/Users/user/IdeaProjects/MultipleMain/src/MultipleMain.java,MultipleMain::main,8,34,Default task
2021-09-18T09:08:41.331+09:00,user,IdeState,Active,MultipleMain,Editor,C:/Users/user/IdeaProjects/MultipleMain/src/MultipleMain.java,MultipleMain::main,8,35,Default task
2021-09-18T09:08:42.337+09:00,user,IdeState,Active,MultipleMain,Editor,C:/Users/user/IdeaProjects/MultipleMain/src/MultipleMain.java,MultipleMain::main,8,36,Default task
2021-09-18T09:08:43.340+09:00,user,IdeState,Active,MultipleMain,Editor,C:/Users/user/IdeaProjects/MultipleMain/src/MultipleMain.java,MultipleMain::main,8,38,Default task
2021-09-18T09:08:44.352+09:00,user,IdeState,Active,MultipleMain,Editor,C:/Users/user/IdeaProjects/MultipleMain/src/MultipleMain.java,MultipleMain::main,8,42,Default task
2021-09-18T09:08:45.362+09:00,user,IdeState,Active,MultipleMain,Editor,C:/Users/user/IdeaProjects/MultipleMain/src/MultipleMain.java,MultipleMain::main,8,45,Default task
2021-09-18T09:08:46.376+09:00,user,IdeState,Active,MultipleMain,Editor,C:/Users/user/IdeaProjects/MultipleMain/src/MultipleMain.java,MultipleMain::main,8,48,Default task
2021-09-18T09:08:47.390+09:00,user,IdeState,Active,MultipleMain,Editor,C:/Users/user/IdeaProjects/MultipleMain/src/MultipleMain.java,MultipleMain::main,8,50,Default task
2021-09-18T09:08:48.402+09:00,user,IdeState,Active,MultipleMain,Editor,C:/Users/user/IdeaProjects/MultipleMain/src/MultipleMain.java,MultipleMain::main,8,50,Default task
2021-09-18T09:08:49.405+09:00,user,IdeState,Active,MultipleMain,Editor,C:/Users/user/IdeaProjects/MultipleMain/src/MultipleMain.java,MultipleMain::main,8,50,Default task
2021-09-18T09:08:50.414+09:00,user,IdeState,Active,MultipleMain,Editor,C:/Users/user/IdeaProjects/MultipleMain/src/MultipleMain.java,MultipleMain::main,8,50,Default task
2021-09-18T09:08:51.431+09:00,user,IdeState,Active,MultipleMain,Editor,C:/Users/user/IdeaProjects/MultipleMain/src/MultipleMain.java,MultipleMain::main,8,54,Default task
2021-09-18T09:08:52.437+09:00,user,IdeState,Active,MultipleMain,Editor,C:/Users/user/IdeaProjects/MultipleMain/src/MultipleMain.java,MultipleMain::main,8,56,Default task
2021-09-18T09:08:53.452+09:00,user,IdeState,Active,MultipleMain,Editor,C:/Users/user/IdeaProjects/MultipleMain/src/MultipleMain.java,MultipleMain::main,8,59,Default task
2021-09-18T09:08:54.458+09:00,user,IdeState,Active,MultipleMain,Editor,C:/Users/user/IdeaProjects/MultipleMain/src/MultipleMain.java,MultipleMain::main,8,61,Default task
2021-09-18T09:08:55.460+09:00,user,IdeState,Active,MultipleMain,Editor,C:/Users/user/IdeaProjects/MultipleMain/src/MultipleMain.java,MultipleMain::main,8,61,Default task
2021-09-18T09:08:56.465+09:00,user,IdeState,Active,MultipleMain,Editor,C:/Users/user/IdeaProjects/MultipleMain/src/MultipleMain.java,MultipleMain::main,8,63,Default task
2021-09-18T09:08:57.480+09:00,user,IdeState,Active,MultipleMain,Editor,C:/Users/user/IdeaProjects/MultipleMain/src/MultipleMain.java,MultipleMain::main,9,12,Default task
2021-09-18T09:08:58.493+09:00,user,IdeState,Active,MultipleMain,Editor,C:/Users/user/IdeaProjects/MultipleMain/src/MultipleMain.java,MultipleMain::main,9,12,Default task
2021-09-18T09:08:59.507+09:00,user,IdeState,Active,MultipleMain,Editor,C:/Users/user/IdeaProjects/MultipleMain/src/MultipleMain.java,MultipleMain::main,9,12,Default task
2021-09-18T09:09:00.518+09:00,user,IdeState,Active,MultipleMain,Editor,C:/Users/user/IdeaProjects/MultipleMain/src/MultipleMain.java,MultipleMain::main,7,19,Default task
2021-09-18T09:09:01.532+09:00,user,IdeState,Active,MultipleMain,Editor,C:/Users/user/IdeaProjects/MultipleMain/src/MultipleMain.java,MultipleMain::main,7,18,Default task
2021-09-18T09:09:02.537+09:00,user,IdeState,Active,MultipleMain,Editor,C:/Users/user/IdeaProjects/MultipleMain/src/MultipleMain.java,MultipleMain::main,7,19,Default task
2021-09-18T09:09:03.551+09:00,user,IdeState,Active,MultipleMain,Editor,C:/Users/user/IdeaProjects/MultipleMain/src/MultipleMain.java,MultipleMain::main,7,19,Default task
2021-09-18T09:09:04.565+09:00,user,IdeState,Active,MultipleMain,Editor,C:/Users/user/IdeaProjects/MultipleMain/src/MultipleMain.java,MultipleMain::main,7,19,Default task
2021-09-18T09:09:05.579+09:00,user,IdeState,Active,MultipleMain,Editor,C:/Users/user/IdeaProjects/MultipleMain/src/MultipleMain.java,MultipleMain::main,7,19,Default task
2021-09-18T09:09:06.587+09:00,user,IdeState,Active,MultipleMain,Editor,C:/Users/user/IdeaProjects/MultipleMain/src/MultipleMain.java,MultipleMain::main,7,19,Default task
2021-09-18T09:09:07.588+09:00,user,IdeState,Active,MultipleMain,Editor,C:/Users/user/IdeaProjects/MultipleMain/src/MultipleMain.java,MultipleMain::main,8,22,Default task
2021-09-18T09:09:08.592+09:00,user,IdeState,Active,MultipleMain,Editor,C:/Users/user/IdeaProjects/MultipleMain/src/MultipleMain.java,MultipleMain::main,7,18,Default task
2021-09-18T09:09:09.606+09:00,user,IdeState,Active,MultipleMain,Editor,C:/Users/user/IdeaProjects/MultipleMain/src/MultipleMain.java,MultipleMain::main,7,19,Default task
2021-09-18T09:09:10.621+09:00,user,IdeState,Active,MultipleMain,Editor,C:/Users/user/IdeaProjects/MultipleMain/src/MultipleMain.java,MultipleMain::main,7,20,Default task
2021-09-18T09:09:11.635+09:00,user,IdeState,Active,MultipleMain,Editor,C:/Users/user/IdeaProjects/MultipleMain/src/MultipleMain.java,MultipleMain::main,9,12,Default task
2021-09-18T09:09:12.648+09:00,user,IdeState,Active,MultipleMain,Editor,C:/Users/user/IdeaProjects/MultipleMain/src/MultipleMain.java,MultipleMain::main,7,23,Default task
2021-09-18T09:09:13.661+09:00,user,IdeState,Active,MultipleMain,Editor,C:/Users/user/IdeaProjects/MultipleMain/src/MultipleMain.java,MultipleMain::main,8,64,Default task
2021-09-18T09:09:14.663+09:00,user,IdeState,Active,MultipleMain,Editor,C:/Users/user/IdeaProjects/MultipleMain/src/MultipleMain.java,MultipleMain::main,8,64,Default task
2021-09-18T09:09:15.665+09:00,user,IdeState,Active,MultipleMain,Editor,C:/Users/user/IdeaProjects/MultipleMain/src/MultipleMain.java,MultipleMain::main,9,12,Default task
2021-09-18T09:09:16.666+09:00,user,IdeState,Active,MultipleMain,Editor,C:/Users/user/IdeaProjects/MultipleMain/src/MultipleMain.java,MultipleMain::main,8,64,Default task
2021-09-18T09:09:17.676+09:00,user,IdeState,Active,MultipleMain,Editor,C:/Users/user/IdeaProjects/MultipleMain/src/MultipleMain.java,MultipleMain::main,8,64,Default task
2021-09-18T09:09:18.679+09:00,user,IdeState,Active,MultipleMain,Editor,C:/Users/user/IdeaProjects/MultipleMain/src/MultipleMain.java,MultipleMain::main,10,8,Default task
2021-09-18T09:09:19.681+09:00,user,IdeState,Active,MultipleMain,Editor,C:/Users/user/IdeaProjects/MultipleMain/src/MultipleMain.java,MultipleMain::main,10,8,Default task
2021-09-18T09:09:20.688+09:00,user,IdeState,Active,MultipleMain,Editor,C:/Users/user/IdeaProjects/MultipleMain/src/MultipleMain.java,MultipleMain::main,10,8,Default task
2021-09-18T09:09:21.702+09:00,user,IdeState,Active,MultipleMain,Editor,C:/Users/user/IdeaProjects/MultipleMain/src/MultipleMain.java,MultipleMain::main,10,8,Default task
2021-09-18T09:09:22.714+09:00,user,IdeState,Active,MultipleMain,Editor,C:/Users/user/IdeaProjects/MultipleMain/src/MultipleMain.java,MultipleMain::main,10,8,Default task
2021-09-18T09:09:23.718+09:00,user,IdeState,Active,MultipleMain,Editor,C:/Users/user/IdeaProjects/MultipleMain/src/MultipleMain.java,MultipleMain::main,10,8,Default task
2021-09-18T09:09:24.729+09:00,user,IdeState,Active,MultipleMain,Editor,C:/Users/user/IdeaProjects/MultipleMain/src/MultipleMain.java,MultipleMain::main,10,8,Default task
2021-09-18T09:09:25.739+09:00,user,IdeState,Active,MultipleMain,Editor,C:/Users/user/IdeaProjects/MultipleMain/src/MultipleMain.java,MultipleMain::main,10,8,Default task
2021-09-18T09:09:26.748+09:00,user,IdeState,Active,MultipleMain,Editor,C:/Users/user/IdeaProjects/MultipleMain/src/MultipleMain.java,MultipleMain::main,9,9,Default task
2021-09-18T09:09:27.763+09:00,user,IdeState,Active,MultipleMain,Editor,C:/Users/user/IdeaProjects/MultipleMain/src/MultipleMain.java,MultipleMain::main,9,12,Default task
2021-09-18T09:09:28.778+09:00,user,IdeState,Active,MultipleMain,Editor,C:/Users/user/IdeaProjects/MultipleMain/src/MultipleMain.java,MultipleMain::main,9,17,Default task
2021-09-18T09:09:29.791+09:00,user,IdeState,Active,MultipleMain,Editor,C:/Users/user/IdeaProjects/MultipleMain/src/MultipleMain.java,MultipleMain::main,9,16,Default task
2021-09-18T09:09:30.804+09:00,user,IdeState,Active,MultipleMain,Editor,C:/Users/user/IdeaProjects/MultipleMain/src/MultipleMain.java,MultipleMain::main,9,17,Default task
2021-09-18T09:09:31.814+09:00,user,IdeState,Active,MultipleMain,Editor,C:/Users/user/IdeaProjects/MultipleMain/src/MultipleMain.java,MultipleMain::main,9,17,Default task
2021-09-18T09:09:32.818+09:00,user,IdeState,Active,MultipleMain,Editor,C:/Users/user/IdeaProjects/MultipleMain/src/MultipleMain.java,MultipleMain::main,9,17,Default task
2021-09-18T09:09:33.831+09:00,user,IdeState,Active,MultipleMain,Editor,C:/Users/user/IdeaProjects/MultipleMain/src/MultipleMain.java,MultipleMain::main,9,17,Default task
2021-09-18T09:09:34.843+09:00,user,IdeState,Active,MultipleMain,Editor,C:/Users/user/IdeaProjects/MultipleMain/src/MultipleMain.java,MultipleMain::main,9,17,Default task
2021-09-18T09:09:35.857+09:00,user,IdeState,Active,MultipleMain,Editor,C:/Users/user/IdeaProjects/MultipleMain/src/MultipleMain.java,MultipleMain::main,9,17,Default task
2021-09-18T09:09:36.861+09:00,user,IdeState,Active,MultipleMain,Editor,C:/Users/user/IdeaProjects/MultipleMain/src/MultipleMain.java,MultipleMain::main,9,17,Default task
2021-09-18T09:09:37.864+09:00,user,IdeState,Active,MultipleMain,Editor,C:/Users/user/IdeaProjects/MultipleMain/src/MultipleMain.java,MultipleMain::main,9,17,Default task
2021-09-18T09:09:38.875+09:00,user,IdeState,Active,MultipleMain,Editor,C:/Users/user/IdeaProjects/MultipleMain/src/MultipleMain.java,MultipleMain::main,9,17,Default task
2021-09-18T09:09:39.878+09:00,user,IdeState,Active,MultipleMain,Editor,C:/Users/user/IdeaProjects/MultipleMain/src/MultipleMain.java,MultipleMain::main,9,17,Default task
2021-09-18T09:09:40.889+09:00,user,IdeState,Active,MultipleMain,Editor,C:/Users/user/IdeaProjects/MultipleMain/src/MultipleMain.java,MultipleMain::main,9,17,Default task
2021-09-18T09:09:41.893+09:00,user,IdeState,Active,MultipleMain,Editor,C:/Users/user/IdeaProjects/MultipleMain/src/MultipleMain.java,MultipleMain::main,9,17,Default task
2021-09-18T09:09:42.895+09:00,user,IdeState,Active,MultipleMain,Editor,C:/Users/user/IdeaProjects/MultipleMain/src/MultipleMain.java,MultipleMain::main,9,17,Default task
2021-09-18T09:09:43.902+09:00,user,IdeState,Active,MultipleMain,Editor,C:/Users/user/IdeaProjects/MultipleMain/src/MultipleMain.java,MultipleMain::main,9,17,Default task
2021-09-18T09:09:44.917+09:00,user,IdeState,Active,MultipleMain,Editor,C:/Users/user/IdeaProjects/MultipleMain/src/MultipleMain.java,MultipleMain::main,9,17,Default task
2021-09-18T09:09:45.932+09:00,user,IdeState,Active,MultipleMain,Editor,C:/Users/user/IdeaProjects/MultipleMain/src/MultipleMain.java,MultipleMain::main,9,17,Default task
2021-09-18T09:09:46.936+09:00,user,IdeState,Active,MultipleMain,Editor,C:/Users/user/IdeaProjects/MultipleMain/src/MultipleMain.java,MultipleMain::main,9,17,Default task
2021-09-18T09:09:47.950+09:00,user,IdeState,Active,MultipleMain,Editor,C:/Users/user/IdeaProjects/MultipleMain/src/MultipleMain.java,MultipleMain::main,9,17,Default task
2021-09-18T09:09:48.967+09:00,user,IdeState,Active,MultipleMain,Editor,C:/Users/user/IdeaProjects/MultipleMain/src/MultipleMain.java,MultipleMain::main,9,17,Default task
2021-09-18T09:09:49.982+09:00,user,IdeState,Active,MultipleMain,Editor,C:/Users/user/IdeaProjects/MultipleMain/src/MultipleMain.java,MultipleMain::main,9,17,Default task
2021-09-18T09:09:50.994+09:00,user,IdeState,Active,MultipleMain,Editor,C:/Users/user/IdeaProjects/MultipleMain/src/MultipleMain.java,MultipleMain::main,9,17,Default task
2021-09-18T09:09:52.008+09:00,user,IdeState,Active,MultipleMain,Editor,C:/Users/user/IdeaProjects/MultipleMain/src/MultipleMain.java,MultipleMain::main,9,17,Default task
2021-09-18T09:09:53.010+09:00,user,IdeState,Active,MultipleMain,Editor,C:/Users/user/IdeaProjects/MultipleMain/src/MultipleMain.java,MultipleMain::main,9,17,Default task
2021-09-18T09:09:54.025+09:00,user,IdeState,Active,MultipleMain,Editor,C:/Users/user/IdeaProjects/MultipleMain/src/MultipleMain.java,MultipleMain::main,9,17,Default task
2021-09-18T09:09:55.028+09:00,user,IdeState,Active,MultipleMain,Editor,C:/Users/user/IdeaProjects/MultipleMain/src/MultipleMain.java,MultipleMain::main,9,17,Default task
2021-09-18T09:09:56.032+09:00,user,IdeState,Active,MultipleMain,Editor,C:/Users/user/IdeaProjects/MultipleMain/src/MultipleMain.java,MultipleMain::main,9,17,Default task
2021-09-18T09:09:57.044+09:00,user,IdeState,Active,MultipleMain,Editor,C:/Users/user/IdeaProjects/MultipleMain/src/MultipleMain.java,MultipleMain::main,9,17,Default task
2021-09-18T09:09:58.046+09:00,user,IdeState,Active,MultipleMain,Editor,C:/Users/user/IdeaProjects/MultipleMain/src/MultipleMain.java,MultipleMain::main,9,17,Default task
2021-09-18T09:09:59.063+09:00,user,IdeState,Active,MultipleMain,Editor,C:/Users/user/IdeaProjects/MultipleMain/src/MultipleMain.java,MultipleMain::main,9,17,Default task
2021-09-18T09:10:00.072+09:00,user,IdeState,Active,MultipleMain,Editor,C:/Users/user/IdeaProjects/MultipleMain/src/MultipleMain.java,MultipleMain::main,9,17,Default task
2021-09-18T09:10:01.088+09:00,user,IdeState,Active,MultipleMain,Editor,C:/Users/user/IdeaProjects/MultipleMain/src/MultipleMain.java,MultipleMain::main,9,17,Default task
2021-09-18T09:10:02.093+09:00,user,IdeState,Active,MultipleMain,Editor,C:/Users/user/IdeaProjects/MultipleMain/src/MultipleMain.java,MultipleMain::main,9,17,Default task
2021-09-18T09:10:03.099+09:00,user,IdeState,Active,MultipleMain,Editor,C:/Users/user/IdeaProjects/MultipleMain/src/MultipleMain.java,MultipleMain::main,9,17,Default task
2021-09-18T09:10:04.111+09:00,user,IdeState,Active,MultipleMain,Editor,C:/Users/user/IdeaProjects/MultipleMain/src/MultipleMain.java,MultipleMain::main,9,17,Default task
2021-09-18T09:10:05.124+09:00,user,IdeState,Active,MultipleMain,Editor,C:/Users/user/IdeaProjects/MultipleMain/src/MultipleMain.java,MultipleMain::main,9,17,Default task
2021-09-18T09:10:06.137+09:00,user,IdeState,Active,MultipleMain,Editor,C:/Users/user/IdeaProjects/MultipleMain/src/MultipleMain.java,MultipleMain::main,9,18,Default task
2021-09-18T09:10:07.144+09:00,user,IdeState,Active,MultipleMain,Editor,C:/Users/user/IdeaProjects/MultipleMain/src/MultipleMain.java,MultipleMain::main,9,20,Default task
2021-09-18T09:10:08.158+09:00,user,IdeState,Active,MultipleMain,Editor,C:/Users/user/IdeaProjects/MultipleMain/src/MultipleMain.java,MultipleMain::main,9,21,Default task
2021-09-18T09:10:09.165+09:00,user,IdeState,Active,MultipleMain,Editor,C:/Users/user/IdeaProjects/MultipleMain/src/MultipleMain.java,MultipleMain::main,9,21,Default task
2021-09-18T09:10:10.181+09:00,user,IdeState,Active,MultipleMain,Editor,C:/Users/user/IdeaProjects/MultipleMain/src/MultipleMain.java,MultipleMain::main,9,17,Default task
2021-09-18T09:10:11.193+09:00,user,IdeState,Active,MultipleMain,Editor,C:/Users/user/IdeaProjects/MultipleMain/src/MultipleMain.java,MultipleMain::main,9,17,Default task
2021-09-18T09:10:12.205+09:00,user,IdeState,Active,MultipleMain,Editor,C:/Users/user/IdeaProjects/MultipleMain/src/MultipleMain.java,MultipleMain::main,9,17,Default task
2021-09-18T09:10:13.208+09:00,user,IdeState,Active,MultipleMain,Editor,C:/Users/user/IdeaProjects/MultipleMain/src/MultipleMain.java,MultipleMain::main,9,17,Default task
2021-09-18T09:10:14.215+09:00,user,IdeState,Active,MultipleMain,Editor,C:/Users/user/IdeaProjects/MultipleMain/src/MultipleMain.java,MultipleMain::main,9,17,Default task
2021-09-18T09:10:15.216+09:00,user,IdeState,Active,MultipleMain,Editor,C:/Users/user/IdeaProjects/MultipleMain/src/MultipleMain.java,MultipleMain::main,9,17,Default task
2021-09-18T09:10:16.232+09:00,user,IdeState,Active,MultipleMain,Editor,C:/Users/user/IdeaProjects/MultipleMain/src/MultipleMain.java,MultipleMain::main,9,17,Default task
2021-09-18T09:10:17.248+09:00,user,IdeState,Active,MultipleMain,Editor,C:/Users/user/IdeaProjects/MultipleMain/src/MultipleMain.java,MultipleMain::main,9,18,Default task
2021-09-18T09:10:18.262+09:00,user,IdeState,Active,MultipleMain,Editor,C:/Users/user/IdeaProjects/MultipleMain/src/MultipleMain.java,MultipleMain::main,9,20,Default task
2021-09-18T09:10:19.274+09:00,user,IdeState,Active,MultipleMain,Editor,C:/Users/user/IdeaProjects/MultipleMain/src/MultipleMain.java,MultipleMain::main,9,21,Default task
2021-09-18T09:10:20.275+09:00,user,IdeState,Active,MultipleMain,Editor,C:/Users/user/IdeaProjects/MultipleMain/src/MultipleMain.java,MultipleMain::main,9,22,Default task
2021-09-18T09:10:21.276+09:00,user,IdeState,Active,MultipleMain,Editor,C:/Users/user/IdeaProjects/MultipleMain/src/MultipleMain.java,MultipleMain::main,9,24,Default task
2021-09-18T09:10:22.288+09:00,user,IdeState,Active,MultipleMain,Editor,C:/Users/user/IdeaProjects/MultipleMain/src/MultipleMain.java,MultipleMain::main,9,26,Default task
2021-09-18T09:10:23.302+09:00,user,IdeState,Active,MultipleMain,Editor,C:/Users/user/IdeaProjects/MultipleMain/src/MultipleMain.java,MultipleMain::main,10,12,Default task
2021-09-18T09:10:24.304+09:00,user,IdeState,Active,MultipleMain,Editor,C:/Users/user/IdeaProjects/MultipleMain/src/MultipleMain.java,MultipleMain::main,10,12,Default task
2021-09-18T09:10:25.320+09:00,user,IdeState,Active,MultipleMain,Editor,C:/Users/user/IdeaProjects/MultipleMain/src/MultipleMain.java,MultipleMain::main,10,14,Default task
2021-09-18T09:10:26.331+09:00,user,IdeState,Active,MultipleMain,Editor,C:/Users/user/IdeaProjects/MultipleMain/src/MultipleMain.java,MultipleMain::main,10,19,Default task
2021-09-18T09:10:27.342+09:00,user,IdeState,Active,MultipleMain,Editor,C:/Users/user/IdeaProjects/MultipleMain/src/MultipleMain.java,MultipleMain::main,10,23,Default task
2021-09-18T09:10:28.357+09:00,user,IdeState,Active,MultipleMain,Editor,C:/Users/user/IdeaProjects/MultipleMain/src/MultipleMain.java,MultipleMain::main,10,31,Default task
2021-09-18T09:10:29.371+09:00,user,IdeState,Active,MultipleMain,Editor,C:/Users/user/IdeaProjects/MultipleMain/src/MultipleMain.java,MultipleMain::main,10,31,Default task
2021-09-18T09:10:30.376+09:00,user,IdeState,Active,MultipleMain,Editor,C:/Users/user/IdeaProjects/MultipleMain/src/MultipleMain.java,MultipleMain::main,10,33,Default task
2021-09-18T09:10:31.388+09:00,user,IdeState,Active,MultipleMain,Editor,C:/Users/user/IdeaProjects/MultipleMain/src/MultipleMain.java,MultipleMain::main,10,34,Default task
2021-09-18T09:10:32.403+09:00,user,IdeState,Active,MultipleMain,Editor,C:/Users/user/IdeaProjects/MultipleMain/src/MultipleMain.java,MultipleMain::main,10,36,Default task
2021-09-18T09:10:33.413+09:00,user,IdeState,Active,MultipleMain,Editor,C:/Users/user/IdeaProjects/MultipleMain/src/MultipleMain.java,MultipleMain::main,10,37,Default task
2021-09-18T09:10:34.429+09:00,user,IdeState,Active,MultipleMain,Editor,C:/Users/user/IdeaProjects/MultipleMain/src/MultipleMain.java,MultipleMain::main,10,40,Default task
2021-09-18T09:10:35.441+09:00,user,IdeState,Active,MultipleMain,Editor,C:/Users/user/IdeaProjects/MultipleMain/src/MultipleMain.java,MultipleMain::main,10,45,Default task
2021-09-18T09:10:36.455+09:00,user,IdeState,Active,MultipleMain,Editor,C:/Users/user/IdeaProjects/MultipleMain/src/MultipleMain.java,MultipleMain::main,10,50,Default task
2021-09-18T09:10:37.463+09:00,user,IdeState,Active,MultipleMain,Editor,C:/Users/user/IdeaProjects/MultipleMain/src/MultipleMain.java,MultipleMain::main,10,52,Default task
2021-09-18T09:10:38.474+09:00,user,IdeState,Active,MultipleMain,Editor,C:/Users/user/IdeaProjects/MultipleMain/src/MultipleMain.java,MultipleMain::main,10,53,Default task
2021-09-18T09:10:39.476+09:00,user,IdeState,Active,MultipleMain,Editor,C:/Users/user/IdeaProjects/MultipleMain/src/MultipleMain.java,MultipleMain::main,10,54,Default task
2021-09-18T09:10:40.487+09:00,user,IdeState,Active,MultipleMain,Editor,C:/Users/user/IdeaProjects/MultipleMain/src/MultipleMain.java,MultipleMain::main,10,56,Default task
2021-09-18T09:10:41.501+09:00,user,IdeState,Active,MultipleMain,Editor,C:/Users/user/IdeaProjects/MultipleMain/src/MultipleMain.java,MultipleMain::main,10,58,Default task
2021-09-18T09:10:42.502+09:00,user,IdeState,Active,MultipleMain,Editor,C:/Users/user/IdeaProjects/MultipleMain/src/MultipleMain.java,MultipleMain::main,10,58,Default task
2021-09-18T09:10:43.517+09:00,user,IdeState,Active,MultipleMain,Editor,C:/Users/user/IdeaProjects/MultipleMain/src/MultipleMain.java,MultipleMain::main,11,13,Default task
2021-09-18T09:10:44.528+09:00,user,IdeState,Active,MultipleMain,Editor,C:/Users/user/IdeaProjects/MultipleMain/src/MultipleMain.java,MultipleMain::main,11,17,Default task
2021-09-18T09:10:45.544+09:00,user,IdeState,Active,MultipleMain,Editor,C:/Users/user/IdeaProjects/MultipleMain/src/MultipleMain.java,MultipleMain::main,11,16,Default task
2021-09-18T09:10:46.557+09:00,user,IdeState,Active,MultipleMain,Editor,C:/Users/user/IdeaProjects/MultipleMain/src/MultipleMain.java,MultipleMain::main,11,17,Default task
2021-09-18T09:10:47.572+09:00,user,IdeState,Active,MultipleMain,Editor,C:/Users/user/IdeaProjects/MultipleMain/src/MultipleMain.java,MultipleMain::main,11,20,Default task
2021-09-18T09:10:48.579+09:00,user,IdeState,Active,MultipleMain,Editor,C:/Users/user/IdeaProjects/MultipleMain/src/MultipleMain.java,MultipleMain::main,11,20,Default task
2021-09-18T09:10:49.590+09:00,user,IdeState,Active,MultipleMain,Editor,C:/Users/user/IdeaProjects/MultipleMain/src/MultipleMain.java,MultipleMain::main,11,21,Default task
2021-09-18T09:10:50.602+09:00,user,IdeState,Active,MultipleMain,Editor,C:/Users/user/IdeaProjects/MultipleMain/src/MultipleMain.java,MultipleMain::main,11,22,Default task
2021-09-18T09:10:51.614+09:00,user,IdeState,Active,MultipleMain,Editor,C:/Users/user/IdeaProjects/MultipleMain/src/MultipleMain.java,MultipleMain::main,11,25,Default task
2021-09-18T09:10:52.619+09:00,user,IdeState,Active,MultipleMain,Editor,C:/Users/user/IdeaProjects/MultipleMain/src/MultipleMain.java,MultipleMain::main,11,26,Default task
2021-09-18T09:10:53.632+09:00,user,IdeState,Active,MultipleMain,Editor,C:/Users/user/IdeaProjects/MultipleMain/src/MultipleMain.java,MultipleMain::main,12,12,Default task
2021-09-18T09:10:54.666+09:00,user,IdeState,Active,MultipleMain,Editor,C:/Users/user/IdeaProjects/MultipleMain/src/MultipleMain.java,MultipleMain::main,12,13,Default task
2021-09-18T09:10:55.712+09:00,user,IdeState,Active,MultipleMain,Editor,C:/Users/user/IdeaProjects/MultipleMain/src/MultipleMain.java,MultipleMain::main,12,13,Default task
2021-09-18T09:10:56.724+09:00,user,IdeState,Active,MultipleMain,Editor,C:/Users/user/IdeaProjects/MultipleMain/src/MultipleMain.java,MultipleMain::main,12,19,Default task
2021-09-18T09:10:57.737+09:00,user,IdeState,Active,MultipleMain,Editor,C:/Users/user/IdeaProjects/MultipleMain/src/MultipleMain.java,MultipleMain::main,12,31,Default task
2021-09-18T09:10:58.793+09:00,user,IdeState,Active,MultipleMain,Editor,C:/Users/user/IdeaProjects/MultipleMain/src/MultipleMain.java,MultipleMain::main,12,31,Default task
2021-09-18T09:10:59.806+09:00,user,IdeState,Active,MultipleMain,Editor,C:/Users/user/IdeaProjects/MultipleMain/src/MultipleMain.java,MultipleMain::main,12,34,Default task
2021-09-18T09:11:00.820+09:00,user,IdeState,Active,MultipleMain,Editor,C:/Users/user/IdeaProjects/MultipleMain/src/MultipleMain.java,MultipleMain::main,12,36,Default task
2021-09-18T09:11:01.821+09:00,user,IdeState,Active,MultipleMain,Editor,C:/Users/user/IdeaProjects/MultipleMain/src/MultipleMain.java,MultipleMain::main,12,37,Default task
2021-09-18T09:11:02.837+09:00,user,IdeState,Active,MultipleMain,Editor,C:/Users/user/IdeaProjects/MultipleMain/src/MultipleMain.java,MultipleMain::main,12,37,Default task
2021-09-18T09:11:03.841+09:00,user,IdeState,Active,MultipleMain,Editor,C:/Users/user/IdeaProjects/MultipleMain/src/MultipleMain.java,MultipleMain::main,12,44,Default task
2021-09-18T09:11:04.856+09:00,user,IdeState,Active,MultipleMain,Editor,C:/Users/user/IdeaProjects/MultipleMain/src/MultipleMain.java,MultipleMain::main,12,45,Default task
2021-09-18T09:11:05.860+09:00,user,IdeState,Active,MultipleMain,Editor,C:/Users/user/IdeaProjects/MultipleMain/src/MultipleMain.java,MultipleMain::main,12,50,Default task
2021-09-18T09:11:06.873+09:00,user,IdeState,Active,MultipleMain,Editor,C:/Users/user/IdeaProjects/MultipleMain/src/MultipleMain.java,MultipleMain::main,12,54,Default task
2021-09-18T09:11:07.877+09:00,user,IdeState,Active,MultipleMain,Editor,C:/Users/user/IdeaProjects/MultipleMain/src/MultipleMain.java,MultipleMain::main,12,54,Default task
2021-09-18T09:11:08.885+09:00,user,IdeState,Active,MultipleMain,Editor,C:/Users/user/IdeaProjects/MultipleMain/src/MultipleMain.java,MultipleMain::main,12,55,Default task
2021-09-18T09:11:09.887+09:00,user,IdeState,Active,MultipleMain,Editor,C:/Users/user/IdeaProjects/MultipleMain/src/MultipleMain.java,MultipleMain::main,12,55,Default task
2021-09-18T09:11:10.900+09:00,user,IdeState,Active,MultipleMain,Editor,C:/Users/user/IdeaProjects/MultipleMain/src/MultipleMain.java,MultipleMain::main,12,55,Default task
2021-09-18T09:11:11.903+09:00,user,IdeState,Active,MultipleMain,Editor,C:/Users/user/IdeaProjects/MultipleMain/src/MultipleMain.java,MultipleMain::main,12,55,Default task
2021-09-18T09:11:12.920+09:00,user,IdeState,Active,MultipleMain,Editor,C:/Users/user/IdeaProjects/MultipleMain/src/MultipleMain.java,MultipleMain::main,12,55,Default task
2021-09-18T09:11:13.935+09:00,user,IdeState,Active,MultipleMain,Editor,C:/Users/user/IdeaProjects/MultipleMain/src/MultipleMain.java,MultipleMain::main,12,55,Default task
2021-09-18T09:11:14.942+09:00,user,IdeState,Active,MultipleMain,Editor,C:/Users/user/IdeaProjects/MultipleMain/src/MultipleMain.java,MultipleMain::main,12,56,Default task
2021-09-18T09:11:15.955+09:00,user,IdeState,Active,MultipleMain,Editor,C:/Users/user/IdeaProjects/MultipleMain/src/MultipleMain.java,MultipleMain::main,12,57,Default task
2021-09-18T09:11:16.970+09:00,user,IdeState,Active,MultipleMain,Editor,C:/Users/user/IdeaProjects/MultipleMain/src/MultipleMain.java,MultipleMain::main,12,58,Default task
2021-09-18T09:11:17.986+09:00,user,IdeState,Active,MultipleMain,Editor,C:/Users/user/IdeaProjects/MultipleMain/src/MultipleMain.java,MultipleMain::main,13,9,Default task
2021-09-18T09:11:19.015+09:00,user,IdeState,Active,MultipleMain,Editor,C:/Users/user/IdeaProjects/MultipleMain/src/MultipleMain.java,MultipleMain::main,13,11,Default task
2021-09-18T09:11:20.031+09:00,user,IdeState,Active,MultipleMain,Editor,C:/Users/user/IdeaProjects/MultipleMain/src/MultipleMain.java,MultipleMain::main,13,14,Default task
2021-09-18T09:11:21.043+09:00,user,IdeState,Active,MultipleMain,Editor,C:/Users/user/IdeaProjects/MultipleMain/src/MultipleMain.java,MultipleMain::main,13,16,Default task
2021-09-18T09:11:22.056+09:00,user,IdeState,Active,MultipleMain,Editor,C:/Users/user/IdeaProjects/MultipleMain/src/MultipleMain.java,MultipleMain::main,13,16,Default task
2021-09-18T09:11:23.060+09:00,user,IdeState,Active,MultipleMain,Editor,C:/Users/user/IdeaProjects/MultipleMain/src/MultipleMain.java,MultipleMain::main,13,16,Default task
2021-09-18T09:11:24.073+09:00,user,IdeState,Active,MultipleMain,Editor,C:/Users/user/IdeaProjects/MultipleMain/src/MultipleMain.java,MultipleMain::main,13,16,Default task
2021-09-18T09:11:25.087+09:00,user,IdeState,Active,MultipleMain,Editor,C:/Users/user/IdeaProjects/MultipleMain/src/MultipleMain.java,MultipleMain::main,13,16,Default task
2021-09-18T09:11:26.094+09:00,user,IdeState,Active,MultipleMain,Editor,C:/Users/user/IdeaProjects/MultipleMain/src/MultipleMain.java,MultipleMain::main,13,16,Default task
2021-09-18T09:11:27.106+09:00,user,IdeState,Active,MultipleMain,Editor,C:/Users/user/IdeaProjects/MultipleMain/src/MultipleMain.java,MultipleMain::main,13,16,Default task
2021-09-18T09:11:28.120+09:00,user,IdeState,Active,MultipleMain,Editor,C:/Users/user/IdeaProjects/MultipleMain/src/MultipleMain.java,MultipleMain::main,13,17,Default task
2021-09-18T09:11:29.132+09:00,user,IdeState,Active,MultipleMain,Editor,C:/Users/user/IdeaProjects/MultipleMain/src/MultipleMain.java,MultipleMain::main,13,16,Default task
2021-09-18T09:11:30.145+09:00,user,IdeState,Active,MultipleMain,Editor,C:/Users/user/IdeaProjects/MultipleMain/src/MultipleMain.java,MultipleMain::main,13,16,Default task
2021-09-18T09:11:31.158+09:00,user,IdeState,Active,MultipleMain,Editor,C:/Users/user/IdeaProjects/MultipleMain/src/MultipleMain.java,MultipleMain::main,14,8,Default task
2021-09-18T09:11:32.171+09:00,user,IdeState,Active,MultipleMain,Editor,C:/Users/user/IdeaProjects/MultipleMain/src/MultipleMain.java,MultipleMain::main,14,8,Default task
2021-09-18T09:11:33.173+09:00,user,IdeState,Active,MultipleMain,Editor,C:/Users/user/IdeaProjects/MultipleMain/src/MultipleMain.java,MultipleMain::main,14,8,Default task
2021-09-18T09:11:34.185+09:00,user,IdeState,Active,MultipleMain,Editor,C:/Users/user/IdeaProjects/MultipleMain/src/MultipleMain.java,MultipleMain::main,14,8,Default task
2021-09-18T09:11:35.197+09:00,user,IdeState,Active,MultipleMain,Editor,C:/Users/user/IdeaProjects/MultipleMain/src/MultipleMain.java,MultipleMain::main,14,8,Default task
2021-09-18T09:11:36.213+09:00,user,IdeState,Active,MultipleMain,Editor,C:/Users/user/IdeaProjects/MultipleMain/src/MultipleMain.java,MultipleMain::main,13,16,Default task
2021-09-18T09:11:37.215+09:00,user,IdeState,Active,MultipleMain,Editor,C:/Users/user/IdeaProjects/MultipleMain/src/MultipleMain.java,MultipleMain::main,14,12,Default task
2021-09-18T09:11:38.227+09:00,user,IdeState,Active,MultipleMain,Editor,C:/Users/user/IdeaProjects/MultipleMain/src/MultipleMain.java,MultipleMain::main,14,12,Default task
2021-09-18T09:11:39.229+09:00,user,IdeState,Active,MultipleMain,Editor,C:/Users/user/IdeaProjects/MultipleMain/src/MultipleMain.java,MultipleMain::main,14,12,Default task
2021-09-18T09:11:40.231+09:00,user,IdeState,Active,MultipleMain,Editor,C:/Users/user/IdeaProjects/MultipleMain/src/MultipleMain.java,MultipleMain::main,14,12,Default task
2021-09-18T09:11:41.247+09:00,user,IdeState,Active,MultipleMain,Editor,C:/Users/user/IdeaProjects/MultipleMain/src/MultipleMain.java,MultipleMain::main,14,12,Default task
2021-09-18T09:11:42.251+09:00,user,IdeState,Active,MultipleMain,Editor,C:/Users/user/IdeaProjects/MultipleMain/src/MultipleMain.java,MultipleMain::main,14,12,Default task
2021-09-18T09:11:43.254+09:00,user,IdeState,Active,MultipleMain,Editor,C:/Users/user/IdeaProjects/MultipleMain/src/MultipleMain.java,MultipleMain::main,14,13,Default task
2021-09-18T09:11:44.262+09:00,user,IdeState,Active,MultipleMain,Editor,C:/Users/user/IdeaProjects/MultipleMain/src/MultipleMain.java,MultipleMain::main,14,18,Default task
2021-09-18T09:11:45.275+09:00,user,IdeState,Active,MultipleMain,Editor,C:/Users/user/IdeaProjects/MultipleMain/src/MultipleMain.java,MultipleMain::main,14,23,Default task
2021-09-18T09:11:46.288+09:00,user,IdeState,Active,MultipleMain,Editor,C:/Users/user/IdeaProjects/MultipleMain/src/MultipleMain.java,MultipleMain::main,14,31,Default task
2021-09-18T09:11:47.317+09:00,user,IdeState,Active,MultipleMain,Editor,C:/Users/user/IdeaProjects/MultipleMain/src/MultipleMain.java,MultipleMain::main,14,31,Default task
2021-09-18T09:11:48.385+09:00,user,IdeState,Active,MultipleMain,Editor,C:/Users/user/IdeaProjects/MultipleMain/src/MultipleMain.java,MultipleMain::main,14,34,Default task
2021-09-18T09:11:49.392+09:00,user,IdeState,Active,MultipleMain,Editor,C:/Users/user/IdeaProjects/MultipleMain/src/MultipleMain.java,MultipleMain::main,14,34,Default task
2021-09-18T09:11:50.415+09:00,user,IdeState,Active,MultipleMain,Editor,C:/Users/user/IdeaProjects/MultipleMain/src/MultipleMain.java,MultipleMain::main,14,36,Default task
2021-09-18T09:11:51.449+09:00,user,IdeState,Active,MultipleMain,Editor,C:/Users/user/IdeaProjects/MultipleMain/src/MultipleMain.java,MultipleMain::main,14,37,Default task
2021-09-18T09:11:52.450+09:00,user,IdeState,Active,MultipleMain,Editor,C:/Users/user/IdeaProjects/MultipleMain/src/MultipleMain.java,MultipleMain::main,14,37,Default task
2021-09-18T09:11:53.461+09:00,user,IdeState,Active,MultipleMain,Editor,C:/Users/user/IdeaProjects/MultipleMain/src/MultipleMain.java,MultipleMain::main,14,42,Default task
2021-09-18T09:11:54.473+09:00,user,IdeState,Active,MultipleMain,Editor,C:/Users/user/IdeaProjects/MultipleMain/src/MultipleMain.java,MultipleMain::main,14,46,Default task
2021-09-18T09:11:55.483+09:00,user,IdeState,Active,MultipleMain,Editor,C:/Users/user/IdeaProjects/MultipleMain/src/MultipleMain.java,MultipleMain::main,14,48,Default task
2021-09-18T09:11:56.496+09:00,user,IdeState,Active,MultipleMain,Editor,C:/Users/user/IdeaProjects/MultipleMain/src/MultipleMain.java,MultipleMain::main,14,53,Default task
2021-09-18T09:11:57.506+09:00,user,IdeState,Active,MultipleMain,Editor,C:/Users/user/IdeaProjects/MultipleMain/src/MultipleMain.java,MultipleMain::main,14,58,Default task
2021-09-18T09:11:58.512+09:00,user,IdeState,Active,MultipleMain,Editor,C:/Users/user/IdeaProjects/MultipleMain/src/MultipleMain.java,MultipleMain::main,14,58,Default task
2021-09-18T09:11:59.528+09:00,user,IdeState,Active,MultipleMain,Editor,C:/Users/user/IdeaProjects/MultipleMain/src/MultipleMain.java,MultipleMain::main,14,60,Default task
2021-09-18T09:12:00.577+09:00,user,IdeState,Active,MultipleMain,Editor,C:/Users/user/IdeaProjects/MultipleMain/src/MultipleMain.java,MultipleMain::main,14,65,Default task
2021-09-18T09:12:01.580+09:00,user,IdeState,Active,MultipleMain,Editor,C:/Users/user/IdeaProjects/MultipleMain/src/MultipleMain.java,MultipleMain::main,14,66,Default task
2021-09-18T09:12:02.585+09:00,user,IdeState,Active,MultipleMain,Editor,C:/Users/user/IdeaProjects/MultipleMain/src/MultipleMain.java,MultipleMain::main,14,68,Default task
2021-09-18T09:12:03.586+09:00,user,IdeState,Active,MultipleMain,Editor,C:/Users/user/IdeaProjects/MultipleMain/src/MultipleMain.java,MultipleMain::main,15,9,Default task
2021-09-18T09:12:04.599+09:00,user,IdeState,Active,MultipleMain,Editor,C:/Users/user/IdeaProjects/MultipleMain/src/MultipleMain.java,MultipleMain::main,15,9,Default task
2021-09-18T09:12:05.615+09:00,user,IdeState,Active,MultipleMain,Editor,C:/Users/user/IdeaProjects/MultipleMain/src/MultipleMain.java,MultipleMain::main,16,8,Default task
2021-09-18T09:12:06.627+09:00,user,IdeState,Active,MultipleMain,Editor,C:/Users/user/IdeaProjects/MultipleMain/src/MultipleMain.java,MultipleMain::main,16,8,Default task
2021-09-18T09:12:07.640+09:00,user,IdeState,Active,MultipleMain,Editor,C:/Users/user/IdeaProjects/MultipleMain/src/MultipleMain.java,MultipleMain::main,16,8,Default task
2021-09-18T09:12:08.647+09:00,user,IdeState,Active,MultipleMain,Editor,C:/Users/user/IdeaProjects/MultipleMain/src/MultipleMain.java,MultipleMain::main,16,8,Default task
2021-09-18T09:12:09.660+09:00,user,IdeState,Active,MultipleMain,Editor,C:/Users/user/IdeaProjects/MultipleMain/src/MultipleMain.java,MultipleMain::main,13,17,Default task
2021-09-18T09:12:10.673+09:00,user,IdeState,Active,MultipleMain,Editor,C:/Users/user/IdeaProjects/MultipleMain/src/MultipleMain.java,MultipleMain::main,13,17,Default task
2021-09-18T09:12:11.684+09:00,user,IdeState,Active,MultipleMain,Editor,C:/Users/user/IdeaProjects/MultipleMain/src/MultipleMain.java,MultipleMain::main,13,17,Default task
2021-09-18T09:12:12.686+09:00,user,IdeState,Active,MultipleMain,Editor,C:/Users/user/IdeaProjects/MultipleMain/src/MultipleMain.java,MultipleMain::main,13,17,Default task
2021-09-18T09:12:13.697+09:00,user,IdeState,Active,MultipleMain,Editor,C:/Users/user/IdeaProjects/MultipleMain/src/MultipleMain.java,MultipleMain::main,13,16,Default task
2021-09-18T09:12:14.698+09:00,user,IdeState,Active,MultipleMain,Editor,C:/Users/user/IdeaProjects/MultipleMain/src/MultipleMain.java,MultipleMain::main,13,16,Default task
2021-09-18T09:12:15.705+09:00,user,IdeState,Active,MultipleMain,Editor,C:/Users/user/IdeaProjects/MultipleMain/src/MultipleMain.java,MultipleMain::main,13,17,Default task
2021-09-18T09:12:16.711+09:00,user,IdeState,Active,MultipleMain,Editor,C:/Users/user/IdeaProjects/MultipleMain/src/MultipleMain.java,MultipleMain::main,13,17,Default task
2021-09-18T09:12:17.723+09:00,user,IdeState,Active,MultipleMain,Editor,C:/Users/user/IdeaProjects/MultipleMain/src/MultipleMain.java,MultipleMain::main,13,15,Default task
2021-09-18T09:12:18.736+09:00,user,IdeState,Active,MultipleMain,Editor,C:/Users/user/IdeaProjects/MultipleMain/src/MultipleMain.java,MultipleMain::main,13,14,Default task
2021-09-18T09:12:19.751+09:00,user,IdeState,Active,MultipleMain,Editor,C:/Users/user/IdeaProjects/MultipleMain/src/MultipleMain.java,MultipleMain::main,13,16,Default task
2021-09-18T09:12:20.771+09:00,user,IdeState,Active,MultipleMain,Editor,C:/Users/user/IdeaProjects/MultipleMain/src/MultipleMain.java,,19,0,Default task
2021-09-18T09:12:21.773+09:00,user,IdeState,Active,MultipleMain,Editor,C:/Users/user/IdeaProjects/MultipleMain/src/MultipleMain.java,,19,0,Default task
2021-09-18T09:12:22.783+09:00,user,IdeState,Active,MultipleMain,Editor,C:/Users/user/IdeaProjects/MultipleMain/src/MultipleMain.java,MultipleMain::main,13,18,Default task
2021-09-18T09:12:23.797+09:00,user,IdeState,Active,MultipleMain,Editor,C:/Users/user/IdeaProjects/MultipleMain/src/MultipleMain.java,MultipleMain::main,13,18,Default task
2021-09-18T09:12:24.810+09:00,user,IdeState,Active,MultipleMain,Editor,C:/Users/user/IdeaProjects/MultipleMain/src/MultipleMain.java,MultipleMain::main,13,16,Default task
2021-09-18T09:12:25.822+09:00,user,IdeState,Active,MultipleMain,Editor,C:/Users/user/IdeaProjects/MultipleMain/src/MultipleMain.java,MultipleMain::main,13,16,Default task
2021-09-18T09:12:26.838+09:00,user,IdeState,Active,MultipleMain,Editor,C:/Users/user/IdeaProjects/MultipleMain/src/MultipleMain.java,MultipleMain::main,13,16,Default task
2021-09-18T09:12:27.841+09:00,user,IdeState,Active,MultipleMain,Editor,C:/Users/user/IdeaProjects/MultipleMain/src/MultipleMain.java,MultipleMain::main,13,18,Default task
2021-09-18T09:12:28.844+09:00,user,IdeState,Active,MultipleMain,Editor,C:/Users/user/IdeaProjects/MultipleMain/src/MultipleMain.java,MultipleMain::main,13,17,Default task
2021-09-18T09:12:29.856+09:00,user,IdeState,Active,MultipleMain,Editor,C:/Users/user/IdeaProjects/MultipleMain/src/MultipleMain.java,MultipleMain::main,13,16,Default task
2021-09-18T09:12:30.867+09:00,user,IdeState,Active,MultipleMain,Editor,C:/Users/user/IdeaProjects/MultipleMain/src/MultipleMain.java,MultipleMain::main,15,8,Default task
2021-09-18T09:12:31.875+09:00,user,IdeState,Active,MultipleMain,Editor,C:/Users/user/IdeaProjects/MultipleMain/src/MultipleMain.java,MultipleMain::main,15,8,Default task
2021-09-18T09:12:32.885+09:00,user,IdeState,Active,MultipleMain,Editor,C:/Users/user/IdeaProjects/MultipleMain/src/MultipleMain.java,,19,0,Default task
2021-09-18T09:12:33.898+09:00,user,IdeState,Active,MultipleMain,Editor,C:/Users/user/IdeaProjects/MultipleMain/src/MultipleMain.java,,19,0,Default task
2021-09-18T09:12:34.912+09:00,user,IdeState,Active,MultipleMain,Editor,C:/Users/user/IdeaProjects/MultipleMain/src/MultipleMain.java,MultipleMain::main,13,16,Default task
2021-09-18T09:12:35.924+09:00,user,IdeState,Active,MultipleMain,Editor,C:/Users/user/IdeaProjects/MultipleMain/src/MultipleMain.java,MultipleMain::main,13,16,Default task
2021-09-18T09:12:36.946+09:00,user,IdeState,Active,MultipleMain,Editor,C:/Users/user/IdeaProjects/MultipleMain/src/MultipleMain.java,MultipleMain::main,13,16,Default task
2021-09-18T09:12:37.949+09:00,user,IdeState,Active,MultipleMain,Editor,C:/Users/user/IdeaProjects/MultipleMain/src/MultipleMain.java,MultipleMain::main,13,16,Default task
2021-09-18T09:12:38.962+09:00,user,IdeState,Active,MultipleMain,Editor,C:/Users/user/IdeaProjects/MultipleMain/src/MultipleMain.java,MultipleMain::main,13,16,Default task
2021-09-18T09:12:39.976+09:00,user,IdeState,Active,MultipleMain,Editor,C:/Users/user/IdeaProjects/MultipleMain/src/MultipleMain.java,MultipleMain::main,13,17,Default task
2021-09-18T09:12:40.990+09:00,user,IdeState,Active,MultipleMain,Editor,C:/Users/user/IdeaProjects/MultipleMain/src/MultipleMain.java,MultipleMain::main,13,17,Default task
2021-09-18T09:12:41.995+09:00,user,IdeState,Active,MultipleMain,Editor,C:/Users/user/IdeaProjects/MultipleMain/src/MultipleMain.java,MultipleMain::main,13,17,Default task
2021-09-18T09:12:43.005+09:00,user,IdeState,Active,MultipleMain,Editor,C:/Users/user/IdeaProjects/MultipleMain/src/MultipleMain.java,MultipleMain::main,13,20,Default task
2021-09-18T09:12:44.016+09:00,user,IdeState,Active,MultipleMain,Editor,C:/Users/user/IdeaProjects/MultipleMain/src/MultipleMain.java,MultipleMain::main,13,20,Default task
2021-09-18T09:12:45.030+09:00,user,IdeState,Active,MultipleMain,Editor,C:/Users/user/IdeaProjects/MultipleMain/src/MultipleMain.java,MultipleMain::main,13,20,Default task
2021-09-18T09:12:46.044+09:00,user,IdeState,Active,MultipleMain,Editor,C:/Users/user/IdeaProjects/MultipleMain/src/MultipleMain.java,MultipleMain::main,13,20,Default task
2021-09-18T09:12:47.049+09:00,user,IdeState,Active,MultipleMain,Editor,C:/Users/user/IdeaProjects/MultipleMain/src/MultipleMain.java,MultipleMain::main,13,20,Default task
2021-09-18T09:12:48.061+09:00,user,IdeState,Active,MultipleMain,Editor,C:/Users/user/IdeaProjects/MultipleMain/src/MultipleMain.java,MultipleMain::main,13,20,Default task
2021-09-18T09:12:49.068+09:00,user,IdeState,Active,MultipleMain,Editor,C:/Users/user/IdeaProjects/MultipleMain/src/MultipleMain.java,MultipleMain::main,13,20,Default task
2021-09-18T09:12:50.072+09:00,user,IdeState,Active,MultipleMain,Editor,C:/Users/user/IdeaProjects/MultipleMain/src/MultipleMain.java,MultipleMain::main,13,20,Default task
2021-09-18T09:12:51.085+09:00,user,IdeState,Active,MultipleMain,Editor,C:/Users/user/IdeaProjects/MultipleMain/src/MultipleMain.java,MultipleMain::main,13,20,Default task
2021-09-18T09:12:52.088+09:00,user,IdeState,Active,MultipleMain,Editor,C:/Users/user/IdeaProjects/MultipleMain/src/MultipleMain.java,MultipleMain::main,13,20,Default task
2021-09-18T09:12:53.090+09:00,user,IdeState,Active,MultipleMain,Editor,C:/Users/user/IdeaProjects/MultipleMain/src/MultipleMain.java,MultipleMain::main,13,20,Default task
2021-09-18T09:12:54.093+09:00,user,IdeState,Active,MultipleMain,Editor,C:/Users/user/IdeaProjects/MultipleMain/src/MultipleMain.java,MultipleMain::main,13,20,Default task
2021-09-18T09:12:55.107+09:00,user,IdeState,Active,MultipleMain,Editor,C:/Users/user/IdeaProjects/MultipleMain/src/MultipleMain.java,MultipleMain::main,13,20,Default task
2021-09-18T09:12:56.109+09:00,user,IdeState,Active,MultipleMain,Editor,C:/Users/user/IdeaProjects/MultipleMain/src/MultipleMain.java,MultipleMain::main,13,20,Default task
2021-09-18T09:12:57.119+09:00,user,IdeState,Active,MultipleMain,Editor,C:/Users/user/IdeaProjects/MultipleMain/src/MultipleMain.java,MultipleMain::main,13,20,Default task
2021-09-18T09:12:58.123+09:00,user,IdeState,Active,MultipleMain,Editor,C:/Users/user/IdeaProjects/MultipleMain/src/MultipleMain.java,MultipleMain::main,14,1,Default task
2021-09-18T09:12:59.137+09:00,user,IdeState,Active,MultipleMain,Editor,C:/Users/user/IdeaProjects/MultipleMain/src/MultipleMain.java,MultipleMain::main,14,1,Default task
2021-09-18T09:13:00.151+09:00,user,IdeState,Active,MultipleMain,Editor,C:/Users/user/IdeaProjects/MultipleMain/src/MultipleMain.java,MultipleMain::main,13,21,Default task
2021-09-18T09:13:01.152+09:00,user,IdeState,Active,MultipleMain,Editor,C:/Users/user/IdeaProjects/MultipleMain/src/MultipleMain.java,MultipleMain::main,13,16,Default task
2021-09-18T09:13:02.154+09:00,user,IdeState,Active,MultipleMain,Editor,C:/Users/user/IdeaProjects/MultipleMain/src/MultipleMain.java,MultipleMain::main,13,13,Default task
2021-09-18T09:13:03.161+09:00,user,IdeState,Active,MultipleMain,Editor,C:/Users/user/IdeaProjects/MultipleMain/src/MultipleMain.java,MultipleMain::main,13,14,Default task
2021-09-18T09:13:04.162+09:00,user,IdeState,Active,MultipleMain,Editor,C:/Users/user/IdeaProjects/MultipleMain/src/MultipleMain.java,MultipleMain::main,13,14,Default task
2021-09-18T09:13:05.173+09:00,user,IdeState,Active,MultipleMain,Editor,C:/Users/user/IdeaProjects/MultipleMain/src/MultipleMain.java,MultipleMain::main,15,8,Default task
2021-09-18T09:13:06.188+09:00,user,IdeState,Active,MultipleMain,Editor,C:/Users/user/IdeaProjects/MultipleMain/src/MultipleMain.java,MultipleMain::main,15,8,Default task
2021-09-18T09:13:07.197+09:00,user,IdeState,Active,MultipleMain,Editor,C:/Users/user/IdeaProjects/MultipleMain/src/MultipleMain.java,MultipleMain::main,15,9,Default task
2021-09-18T09:13:08.207+09:00,user,IdeState,Active,MultipleMain,Editor,C:/Users/user/IdeaProjects/MultipleMain/src/MultipleMain.java,,19,0,Default task
2021-09-18T09:13:09.220+09:00,user,IdeState,Active,MultipleMain,Editor,C:/Users/user/IdeaProjects/MultipleMain/src/MultipleMain.java,,19,0,Default task
2021-09-18T09:13:10.234+09:00,user,IdeState,Active,MultipleMain,Editor,C:/Users/user/IdeaProjects/MultipleMain/src/MultipleMain.java,,19,0,Default task
2021-09-18T09:13:11.237+09:00,user,IdeState,Active,MultipleMain,Editor,C:/Users/user/IdeaProjects/MultipleMain/src/MultipleMain.java,,19,0,Default task
2021-09-18T09:13:12.245+09:00,user,IdeState,Active,MultipleMain,Editor,C:/Users/user/IdeaProjects/MultipleMain/src/MultipleMain.java,,19,0,Default task
2021-09-18T09:13:13.259+09:00,user,IdeState,Active,MultipleMain,Popup,C:/Users/user/IdeaProjects/MultipleMain/src/MultipleMain.java,,19,0,Default task
2021-09-18T09:13:14.275+09:00,user,IdeState,Active,MultipleMain,Popup,C:/Users/user/IdeaProjects/MultipleMain/src/MultipleMain.java,,19,0,Default task
2021-09-18T09:13:15.280+09:00,user,IdeState,Active,MultipleMain,Editor,C:/Users/user/IdeaProjects/MultipleMain/src/MultipleMain.java,,19,0,Default task
2021-09-18T09:13:16.282+09:00,user,IdeState,Active,MultipleMain,Editor,C:/Users/user/IdeaProjects/MultipleMain/src/MultipleMain.java,,19,0,Default task
2021-09-18T09:13:17.300+09:00,user,IdeState,Active,MultipleMain,Editor,C:/Users/user/IdeaProjects/MultipleMain/src/MultipleMain.java,,19,0,Default task
2021-09-18T09:13:18.302+09:00,user,IdeState,Active,MultipleMain,Editor,C:/Users/user/IdeaProjects/MultipleMain/src/MultipleMain.java,,19,0,Default task
2021-09-18T09:13:19.314+09:00,user,IdeState,Active,MultipleMain,Editor,C:/Users/user/IdeaProjects/MultipleMain/src/MultipleMain.java,,19,0,Default task
2021-09-18T09:13:20.323+09:00,user,IdeState,Active,MultipleMain,Editor,C:/Users/user/IdeaProjects/MultipleMain/src/MultipleMain.java,,19,0,Default task
2021-09-18T09:13:21.329+09:00,user,IdeState,Active,MultipleMain,Editor,C:/Users/user/IdeaProjects/MultipleMain/src/MultipleMain.java,,19,0,Default task
2021-09-18T09:13:22.378+09:00,user,IdeState,Active,MultipleMain,Editor,C:/Users/user/IdeaProjects/MultipleMain/src/MultipleMain.java,,19,0,Default task
2021-09-18T09:13:23.425+09:00,user,IdeState,Active,MultipleMain,Editor,C:/Users/user/IdeaProjects/MultipleMain/src/MultipleMain.java,,19,0,Default task
2021-09-18T09:13:24.448+09:00,user,IdeState,Active,MultipleMain,Editor,C:/Users/user/IdeaProjects/MultipleMain/src/MultipleMain.java,,19,0,Default task
2021-09-18T09:13:25.464+09:00,user,IdeState,Active,MultipleMain,Editor,C:/Users/user/IdeaProjects/MultipleMain/src/MultipleMain.java,,19,0,Default task
2021-09-18T09:13:26.467+09:00,user,IdeState,Active,MultipleMain,Editor,C:/Users/user/IdeaProjects/MultipleMain/src/MultipleMain.java,,19,0,Default task
2021-09-18T09:13:27.480+09:00,user,IdeState,Active,MultipleMain,Editor,C:/Users/user/IdeaProjects/MultipleMain/src/MultipleMain.java,,19,0,Default task
2021-09-18T09:13:28.485+09:00,user,IdeState,Active,MultipleMain,Editor,C:/Users/user/IdeaProjects/MultipleMain/src/MultipleMain.java,,19,0,Default task
2021-09-18T09:13:29.486+09:00,user,IdeState,Active,MultipleMain,Editor,C:/Users/user/IdeaProjects/MultipleMain/src/MultipleMain.java,,19,0,Default task
2021-09-18T09:13:30.502+09:00,user,IdeState,Active,MultipleMain,Editor,C:/Users/user/IdeaProjects/MultipleMain/src/MultipleMain.java,,19,0,Default task
2021-09-18T09:13:31.600+09:00,user,IdeState,Active,MultipleMain,Editor,C:/Users/user/IdeaProjects/MultipleMain/src/MultipleMain.java,,19,0,Default task
2021-09-18T09:13:32.605+09:00,user,IdeState,Active,MultipleMain,Editor,C:/Users/user/IdeaProjects/MultipleMain/src/MultipleMain.java,,19,0,Default task
2021-09-18T09:13:33.615+09:00,user,IdeState,Active,MultipleMain,Editor,C:/Users/user/IdeaProjects/MultipleMain/src/MultipleMain.java,,19,0,Default task
2021-09-18T09:13:34.631+09:00,user,IdeState,Active,MultipleMain,Editor,C:/Users/user/IdeaProjects/MultipleMain/src/MultipleMain.java,,19,0,Default task
2021-09-18T09:13:35.640+09:00,user,IdeState,Active,MultipleMain,Editor,C:/Users/user/IdeaProjects/MultipleMain/src/MultipleMain.java,,19,0,Default task
2021-09-18T09:13:36.647+09:00,user,IdeState,Active,MultipleMain,Popup,C:/Users/user/IdeaProjects/MultipleMain/src/MultipleMain.java,,19,0,Default task
2021-09-18T09:13:37.657+09:00,user,IdeState,Active,MultipleMain,Editor,C:/Users/user/IdeaProjects/MultipleMain/src/MultipleMain.java,,19,0,Default task
2021-09-18T09:13:38.671+09:00,user,IdeState,Active,MultipleMain,Editor,C:/Users/user/IdeaProjects/MultipleMain/src/MultipleMain.java,,19,0,Default task
2021-09-18T09:13:39.673+09:00,user,IdeState,Active,MultipleMain,Editor,C:/Users/user/IdeaProjects/MultipleMain/src/MultipleMain.java,,19,0,Default task
2021-09-18T09:13:40.685+09:00,user,IdeState,Active,MultipleMain,Editor,C:/Users/user/IdeaProjects/MultipleMain/src/MultipleMain.java,,19,0,Default task
2021-09-18T09:13:41.698+09:00,user,IdeState,Active,MultipleMain,Editor,C:/Users/user/IdeaProjects/MultipleMain/src/MultipleMain.java,,19,0,Default task
2021-09-18T09:13:42.715+09:00,user,IdeState,Active,MultipleMain,Editor,C:/Users/user/IdeaProjects/MultipleMain/src/MultipleMain.java,,19,0,Default task
2021-09-18T09:13:43.720+09:00,user,IdeState,Active,MultipleMain,Popup,C:/Users/user/IdeaProjects/MultipleMain/src/MultipleMain.java,,19,0,Default task
2021-09-18T09:13:44.732+09:00,user,IdeState,Active,MultipleMain,Popup,C:/Users/user/IdeaProjects/MultipleMain/src/MultipleMain.java,,19,0,Default task
2021-09-18T09:13:45.740+09:00,user,IdeState,Active,MultipleMain,Editor,C:/Users/user/IdeaProjects/MultipleMain/src/MultipleMain.java,,19,0,Default task
2021-09-18T09:13:46.747+09:00,user,IdeState,Active,MultipleMain,Editor,C:/Users/user/IdeaProjects/MultipleMain/src/MultipleMain.java,,19,0,Default task
2021-09-18T09:13:47.756+09:00,user,IdeState,Active,MultipleMain,Editor,C:/Users/user/IdeaProjects/MultipleMain/src/MultipleMain.java,,19,0,Default task
2021-09-18T09:13:48.767+09:00,user,IdeState,Active,MultipleMain,Editor,C:/Users/user/IdeaProjects/MultipleMain/src/MultipleMain.java,,19,0,Default task
2021-09-18T09:13:49.783+09:00,user,IdeState,Active,MultipleMain,Editor,C:/Users/user/IdeaProjects/MultipleMain/src/MultipleMain.java,,19,0,Default task
2021-09-18T09:13:50.798+09:00,user,IdeState,Active,MultipleMain,Editor,C:/Users/user/IdeaProjects/MultipleMain/src/MultipleMain.java,,19,0,Default task
2021-09-18T09:13:51.805+09:00,user,IdeState,Active,MultipleMain,Popup,C:/Users/user/IdeaProjects/MultipleMain/src/MultipleMain.java,,19,0,Default task
2021-09-18T09:13:52.819+09:00,user,IdeState,Active,MultipleMain,Editor,C:/Users/user/IdeaProjects/MultipleMain/src/MultipleMain.java,,19,0,Default task
2021-09-18T09:13:53.821+09:00,user,IdeState,Active,MultipleMain,Editor,C:/Users/user/IdeaProjects/MultipleMain/src/MultipleMain.java,,19,0,Default task
2021-09-18T09:13:54.834+09:00,user,IdeState,Active,MultipleMain,Editor,C:/Users/user/IdeaProjects/MultipleMain/src/MultipleMain.java,,19,0,Default task
2021-09-18T09:13:55.843+09:00,user,IdeState,Active,MultipleMain,Editor,C:/Users/user/IdeaProjects/MultipleMain/src/MultipleMain.java,,19,0,Default task
2021-09-18T09:13:56.845+09:00,user,IdeState,Active,MultipleMain,Editor,C:/Users/user/IdeaProjects/MultipleMain/src/MultipleMain.java,,19,0,Default task
2021-09-18T09:13:57.857+09:00,user,IdeState,Active,MultipleMain,Editor,C:/Users/user/IdeaProjects/MultipleMain/src/MultipleMain.java,,19,0,Default task
2021-09-18T09:13:58.866+09:00,user,IdeState,Active,MultipleMain,Editor,C:/Users/user/IdeaProjects/MultipleMain/src/MultipleMain.java,,19,0,Default task
2021-09-18T09:13:59.881+09:00,user,IdeState,Active,MultipleMain,Editor,C:/Users/user/IdeaProjects/MultipleMain/src/MultipleMain.java,,19,0,Default task
2021-09-18T09:14:00.895+09:00,user,IdeState,Active,MultipleMain,Editor,C:/Users/user/IdeaProjects/MultipleMain/src/MultipleMain.java,,19,0,Default task
2021-09-18T09:14:01.915+09:00,user,IdeState,Active,MultipleMain,Popup,C:/Users/user/IdeaProjects/MultipleMain/src/MultipleMain.java,,19,0,Default task
2021-09-18T09:14:02.920+09:00,user,IdeState,Active,MultipleMain,Editor,C:/Users/user/IdeaProjects/MultipleMain/src/MultipleMain.java,,19,0,Default task
2021-09-18T09:14:03.929+09:00,user,IdeState,Active,MultipleMain,Editor,C:/Users/user/IdeaProjects/MultipleMain/src/MultipleMain.java,,19,0,Default task
2021-09-18T09:14:04.941+09:00,user,IdeState,Active,MultipleMain,Popup,C:/Users/user/IdeaProjects/MultipleMain/src/MultipleMain.java,,19,0,Default task
2021-09-18T09:14:05.943+09:00,user,IdeState,Active,MultipleMain,Popup,C:/Users/user/IdeaProjects/MultipleMain/src/MultipleMain.java,,19,0,Default task
