2021-11-20T14:40:52.014+09:00,user,IdeState,Active,11,Editor,C:/Users/user/IdeaProjects/11/src/HttpServerTest.java,,14,4,Default task
2021-11-20T14:40:53.028+09:00,user,IdeState,Active,11,Editor,C:/Users/user/IdeaProjects/11/src/HttpServerTest.java,,14,4,Default task
2021-11-20T14:40:54.067+09:00,user,IdeState,Active,11,Editor,C:/Users/user/IdeaProjects/11/src/HttpServerTest.java,,14,6,Default task
2021-11-20T14:40:55.073+09:00,user,IdeState,Active,11,Editor,C:/Users/user/IdeaProjects/11/src/HttpServerTest.java,,14,14,Default task
2021-11-20T14:40:56.085+09:00,user,IdeState,Active,11,Editor,C:/Users/user/IdeaProjects/11/src/HttpServerTest.java,,14,19,Default task
2021-11-20T14:40:57.099+09:00,user,IdeState,Active,11,Editor,C:/Users/user/IdeaProjects/11/src/HttpServerTest.java,,14,25,Default task
2021-11-20T14:40:58.114+09:00,user,IdeState,Active,11,Editor,C:/Users/user/IdeaProjects/11/src/HttpServerTest.java,HttpServerTest::main,14,29,Default task
2021-11-20T14:40:59.125+09:00,user,IdeState,Active,11,Editor,C:/Users/user/IdeaProjects/11/src/HttpServerTest.java,HttpServerTest::main,14,34,Default task
2021-11-20T14:41:00.125+09:00,user,IdeState,Active,11,Editor,C:/Users/user/IdeaProjects/11/src/HttpServerTest.java,HttpServerTest::main,14,36,Default task
2021-11-20T14:41:01.139+09:00,user,IdeState,Active,11,Editor,C:/Users/user/IdeaProjects/11/src/HttpServerTest.java,HttpServerTest::main,14,40,Default task
2021-11-20T14:41:02.148+09:00,user,IdeState,Active,11,Editor,C:/Users/user/IdeaProjects/11/src/HttpServerTest.java,,14,43,Default task
2021-11-20T14:41:03.162+09:00,user,IdeState,Active,11,Editor,C:/Users/user/IdeaProjects/11/src/HttpServerTest.java,HttpServerTest::main,15,8,Default task
2021-11-20T14:41:04.181+09:00,user,IdeState,Active,11,Editor,C:/Users/user/IdeaProjects/11/src/HttpServerTest.java,HttpServerTest::main,15,9,Default task
2021-11-20T14:41:05.183+09:00,user,IdeState,Active,11,Editor,C:/Users/user/IdeaProjects/11/src/HttpServerTest.java,HttpServerTest::main,15,9,Default task
2021-11-20T14:41:06.217+09:00,user,IdeState,Active,11,Editor,C:/Users/user/IdeaProjects/11/src/HttpServerTest.java,HttpServerTest::main,15,9,Default task
2021-11-20T14:41:07.228+09:00,user,IdeState,Active,11,Editor,C:/Users/user/IdeaProjects/11/src/HttpServerTest.java,HttpServerTest::main,15,15,Default task
2021-11-20T14:41:08.242+09:00,user,IdeState,Active,11,Editor,C:/Users/user/IdeaProjects/11/src/HttpServerTest.java,HttpServerTest::main,15,17,Default task
2021-11-20T14:41:09.254+09:00,user,IdeState,Active,11,Editor,C:/Users/user/IdeaProjects/11/src/HttpServerTest.java,HttpServerTest::main,15,18,Default task
2021-11-20T14:41:10.267+09:00,user,IdeState,Active,11,Editor,C:/Users/user/IdeaProjects/11/src/HttpServerTest.java,HttpServerTest::main,15,20,Default task
2021-11-20T14:41:11.280+09:00,user,IdeState,Active,11,Editor,C:/Users/user/IdeaProjects/11/src/HttpServerTest.java,HttpServerTest::main,15,23,Default task
2021-11-20T14:41:12.293+09:00,user,IdeState,Active,11,Editor,C:/Users/user/IdeaProjects/11/src/HttpServerTest.java,HttpServerTest::main,15,26,Default task
2021-11-20T14:41:13.295+09:00,user,IdeState,Active,11,Editor,C:/Users/user/IdeaProjects/11/src/HttpServerTest.java,HttpServerTest::main,15,28,Default task
2021-11-20T14:41:14.307+09:00,user,IdeState,Active,11,Editor,C:/Users/user/IdeaProjects/11/src/HttpServerTest.java,HttpServerTest::main,15,32,Default task
2021-11-20T14:41:15.321+09:00,user,IdeState,Active,11,Editor,C:/Users/user/IdeaProjects/11/src/HttpServerTest.java,HttpServerTest::main,15,37,Default task
2021-11-20T14:41:16.344+09:00,user,IdeState,Active,11,Editor,C:/Users/user/IdeaProjects/11/src/HttpServerTest.java,HttpServerTest::main,16,8,Default task
2021-11-20T14:41:17.413+09:00,user,IdeState,Active,11,Editor,C:/Users/user/IdeaProjects/11/src/HttpServerTest.java,HttpServerTest::main,16,10,Default task
2021-11-20T14:41:18.425+09:00,user,IdeState,Active,11,Editor,C:/Users/user/IdeaProjects/11/src/HttpServerTest.java,HttpServerTest::main,16,13,Default task
2021-11-20T14:41:19.440+09:00,user,IdeState,Active,11,Editor,C:/Users/user/IdeaProjects/11/src/HttpServerTest.java,HttpServerTest::main,16,15,Default task
2021-11-20T14:41:20.452+09:00,user,IdeState,Active,11,Editor,C:/Users/user/IdeaProjects/11/src/HttpServerTest.java,HttpServerTest::main,16,17,Default task
2021-11-20T14:41:21.461+09:00,user,IdeState,Active,11,Editor,C:/Users/user/IdeaProjects/11/src/HttpServerTest.java,HttpServerTest::main,16,20,Default task
2021-11-20T14:41:22.469+09:00,user,IdeState,Active,11,Editor,C:/Users/user/IdeaProjects/11/src/HttpServerTest.java,HttpServerTest::main,16,24,Default task
2021-11-20T14:41:23.485+09:00,user,IdeState,Active,11,Editor,C:/Users/user/IdeaProjects/11/src/HttpServerTest.java,HttpServerTest::main,17,8,Default task
2021-11-20T14:41:24.491+09:00,user,IdeState,Active,11,Editor,C:/Users/user/IdeaProjects/11/src/HttpServerTest.java,HttpServerTest::main,17,12,Default task
2021-11-20T14:41:25.494+09:00,user,IdeState,Active,11,Editor,C:/Users/user/IdeaProjects/11/src/HttpServerTest.java,HttpServerTest::main,17,15,Default task
2021-11-20T14:41:26.496+09:00,user,IdeState,Active,11,Editor,C:/Users/user/IdeaProjects/11/src/HttpServerTest.java,HttpServerTest::main,17,16,Default task
2021-11-20T14:41:27.500+09:00,user,IdeState,Active,11,Editor,C:/Users/user/IdeaProjects/11/src/HttpServerTest.java,HttpServerTest::main,17,19,Default task
2021-11-20T14:41:28.515+09:00,user,IdeState,Active,11,Editor,C:/Users/user/IdeaProjects/11/src/HttpServerTest.java,HttpServerTest::main,17,20,Default task
2021-11-20T14:41:29.530+09:00,user,IdeState,Active,11,Editor,C:/Users/user/IdeaProjects/11/src/HttpServerTest.java,HttpServerTest::main,17,24,Default task
2021-11-20T14:41:30.545+09:00,user,IdeState,Active,11,Editor,C:/Users/user/IdeaProjects/11/src/HttpServerTest.java,HttpServerTest::main,17,24,Default task
2021-11-20T14:41:31.587+09:00,user,IdeState,Active,11,Editor,C:/Users/user/IdeaProjects/11/src/HttpServerTest.java,HttpServerTest::main,19,9,Default task
2021-11-20T14:41:32.597+09:00,user,IdeState,Active,11,Editor,C:/Users/user/IdeaProjects/11/src/HttpServerTest.java,HttpServerTest::main,19,12,Default task
2021-11-20T14:41:33.612+09:00,user,IdeState,Active,11,Editor,C:/Users/user/IdeaProjects/11/src/HttpServerTest.java,HttpServerTest::main,20,12,Default task
2021-11-20T14:41:34.627+09:00,user,IdeState,Active,11,Editor,C:/Users/user/IdeaProjects/11/src/HttpServerTest.java,HttpServerTest::main,20,15,Default task
2021-11-20T14:41:35.639+09:00,user,IdeState,Active,11,Editor,C:/Users/user/IdeaProjects/11/src/HttpServerTest.java,HttpServerTest::main,20,13,Default task
2021-11-20T14:41:36.653+09:00,user,IdeState,Active,11,Editor,C:/Users/user/IdeaProjects/11/src/HttpServerTest.java,HttpServerTest::main,20,17,Default task
2021-11-20T14:41:37.666+09:00,user,IdeState,Active,11,Editor,C:/Users/user/IdeaProjects/11/src/HttpServerTest.java,HttpServerTest::main,20,17,Default task
2021-11-20T14:41:38.680+09:00,user,IdeState,Active,11,Editor,C:/Users/user/IdeaProjects/11/src/HttpServerTest.java,HttpServerTest::main,20,23,Default task
2021-11-20T14:41:39.696+09:00,user,IdeState,Active,11,Editor,C:/Users/user/IdeaProjects/11/src/HttpServerTest.java,HttpServerTest::main,20,24,Default task
2021-11-20T14:41:40.710+09:00,user,IdeState,Active,11,Editor,C:/Users/user/IdeaProjects/11/src/HttpServerTest.java,HttpServerTest::main,20,32,Default task
2021-11-20T14:41:41.720+09:00,user,IdeState,Active,11,Editor,C:/Users/user/IdeaProjects/11/src/HttpServerTest.java,HttpServerTest::main,20,32,Default task
2021-11-20T14:41:42.722+09:00,user,IdeState,Active,11,Editor,C:/Users/user/IdeaProjects/11/src/HttpServerTest.java,HttpServerTest::main,20,33,Default task
2021-11-20T14:41:43.733+09:00,user,IdeState,Active,11,Editor,C:/Users/user/IdeaProjects/11/src/HttpServerTest.java,HttpServerTest::main,20,42,Default task
2021-11-20T14:41:44.743+09:00,user,IdeState,Active,11,Editor,C:/Users/user/IdeaProjects/11/src/HttpServerTest.java,HttpServerTest::main,20,44,Default task
2021-11-20T14:41:45.757+09:00,user,IdeState,Active,11,Editor,C:/Users/user/IdeaProjects/11/src/HttpServerTest.java,HttpServerTest::main,20,44,Default task
2021-11-20T14:41:46.771+09:00,user,IdeState,Active,11,Editor,C:/Users/user/IdeaProjects/11/src/HttpServerTest.java,HttpServerTest::main,20,50,Default task
2021-11-20T14:41:47.774+09:00,user,IdeState,Active,11,Editor,C:/Users/user/IdeaProjects/11/src/HttpServerTest.java,HttpServerTest::main,20,50,Default task
2021-11-20T14:41:48.803+09:00,user,IdeState,Active,11,Editor,C:/Users/user/IdeaProjects/11/src/HttpServerTest.java,HttpServerTest::main,20,54,Default task
2021-11-20T14:41:49.819+09:00,user,IdeState,Active,11,Editor,C:/Users/user/IdeaProjects/11/src/HttpServerTest.java,HttpServerTest::main,20,72,Default task
2021-11-20T14:41:50.835+09:00,user,IdeState,Active,11,Editor,C:/Users/user/IdeaProjects/11/src/HttpServerTest.java,HttpServerTest::main,20,72,Default task
2021-11-20T14:41:51.842+09:00,user,IdeState,Active,11,Editor,C:/Users/user/IdeaProjects/11/src/HttpServerTest.java,HttpServerTest::main,20,80,Default task
2021-11-20T14:41:52.853+09:00,user,IdeState,Active,11,Editor,C:/Users/user/IdeaProjects/11/src/HttpServerTest.java,HttpServerTest::main,20,81,Default task
2021-11-20T14:41:53.954+09:00,user,IdeState,Active,11,Editor,C:/Users/user/IdeaProjects/11/src/HttpServerTest.java,HttpServerTest::main,20,82,Default task
2021-11-20T14:41:54.966+09:00,user,IdeState,Active,11,Editor,C:/Users/user/IdeaProjects/11/src/HttpServerTest.java,HttpServerTest::main,20,85,Default task
2021-11-20T14:41:56.019+09:00,user,IdeState,Active,11,Editor,C:/Users/user/IdeaProjects/11/src/HttpServerTest.java,HttpServerTest::main,20,87,Default task
2021-11-20T14:41:57.027+09:00,user,IdeState,Active,11,Editor,C:/Users/user/IdeaProjects/11/src/HttpServerTest.java,HttpServerTest::main,20,88,Default task
2021-11-20T14:41:58.042+09:00,user,IdeState,Active,11,Editor,C:/Users/user/IdeaProjects/11/src/HttpServerTest.java,HttpServerTest::main,20,94,Default task
2021-11-20T14:41:59.044+09:00,user,IdeState,Active,11,Editor,C:/Users/user/IdeaProjects/11/src/HttpServerTest.java,HttpServerTest::main,20,95,Default task
2021-11-20T14:42:00.058+09:00,user,IdeState,Active,11,Editor,C:/Users/user/IdeaProjects/11/src/HttpServerTest.java,HttpServerTest::main,21,12,Default task
2021-11-20T14:42:01.071+09:00,user,IdeState,Active,11,Editor,C:/Users/user/IdeaProjects/11/src/HttpServerTest.java,HttpServerTest::main,21,13,Default task
2021-11-20T14:42:02.081+09:00,user,IdeState,Active,11,Editor,C:/Users/user/IdeaProjects/11/src/HttpServerTest.java,HttpServerTest::main,21,13,Default task
2021-11-20T14:42:03.086+09:00,user,IdeState,Active,11,Editor,C:/Users/user/IdeaProjects/11/src/HttpServerTest.java,HttpServerTest::main,21,15,Default task
2021-11-20T14:42:04.099+09:00,user,IdeState,Active,11,Editor,C:/Users/user/IdeaProjects/11/src/HttpServerTest.java,HttpServerTest::main,21,18,Default task
2021-11-20T14:42:05.114+09:00,user,IdeState,Active,11,Editor,C:/Users/user/IdeaProjects/11/src/HttpServerTest.java,HttpServerTest::main,21,18,Default task
2021-11-20T14:42:06.128+09:00,user,IdeState,Active,11,Editor,C:/Users/user/IdeaProjects/11/src/HttpServerTest.java,HttpServerTest::main,21,13,Default task
2021-11-20T14:42:07.139+09:00,user,IdeState,Active,11,Editor,C:/Users/user/IdeaProjects/11/src/HttpServerTest.java,HttpServerTest::main,21,19,Default task
2021-11-20T14:42:08.141+09:00,user,IdeState,Active,11,Editor,C:/Users/user/IdeaProjects/11/src/HttpServerTest.java,HttpServerTest::main,21,19,Default task
2021-11-20T14:42:09.157+09:00,user,IdeState,Active,11,Editor,C:/Users/user/IdeaProjects/11/src/HttpServerTest.java,HttpServerTest::main,21,33,Default task
2021-11-20T14:42:10.215+09:00,user,IdeState,Active,11,Editor,C:/Users/user/IdeaProjects/11/src/HttpServerTest.java,HttpServerTest::main,21,33,Default task
2021-11-20T14:42:11.228+09:00,user,IdeState,Active,11,Editor,C:/Users/user/IdeaProjects/11/src/HttpServerTest.java,HttpServerTest::main,21,35,Default task
2021-11-20T14:42:12.240+09:00,user,IdeState,Active,11,Editor,C:/Users/user/IdeaProjects/11/src/HttpServerTest.java,HttpServerTest::main,21,40,Default task
2021-11-20T14:42:13.255+09:00,user,IdeState,Active,11,Editor,C:/Users/user/IdeaProjects/11/src/HttpServerTest.java,HttpServerTest::main,21,41,Default task
2021-11-20T14:42:14.260+09:00,user,IdeState,Active,11,Editor,C:/Users/user/IdeaProjects/11/src/HttpServerTest.java,HttpServerTest::main,21,42,Default task
2021-11-20T14:42:15.290+09:00,user,IdeState,Active,11,Editor,C:/Users/user/IdeaProjects/11/src/HttpServerTest.java,HttpServerTest::main,21,47,Default task
2021-11-20T14:42:16.317+09:00,user,IdeState,Active,11,Editor,C:/Users/user/IdeaProjects/11/src/HttpServerTest.java,HttpServerTest::main,21,47,Default task
2021-11-20T14:42:17.327+09:00,user,IdeState,Active,11,Editor,C:/Users/user/IdeaProjects/11/src/HttpServerTest.java,HttpServerTest::main::[HttpHandler]::handle,24,20,Default task
2021-11-20T14:42:18.342+09:00,user,IdeState,Active,11,Editor,C:/Users/user/IdeaProjects/11/src/HttpServerTest.java,HttpServerTest::main::[HttpHandler]::handle,24,20,Default task
2021-11-20T14:42:19.362+09:00,user,IdeState,Active,11,Editor,C:/Users/user/IdeaProjects/11/src/HttpServerTest.java,HttpServerTest::main::[HttpHandler]::handle,24,26,Default task
2021-11-20T14:42:20.375+09:00,user,IdeState,Active,11,Editor,C:/Users/user/IdeaProjects/11/src/HttpServerTest.java,HttpServerTest::main::[HttpHandler]::handle,24,30,Default task
2021-11-20T14:42:21.383+09:00,user,IdeState,Active,11,Editor,C:/Users/user/IdeaProjects/11/src/HttpServerTest.java,HttpServerTest::main::[HttpHandler]::handle,24,33,Default task
2021-11-20T14:42:22.398+09:00,user,IdeState,Active,11,Editor,C:/Users/user/IdeaProjects/11/src/HttpServerTest.java,HttpServerTest::main::[HttpHandler]::handle,24,35,Default task
2021-11-20T14:42:23.409+09:00,user,IdeState,Active,11,Editor,C:/Users/user/IdeaProjects/11/src/HttpServerTest.java,HttpServerTest::main::[HttpHandler]::handle,24,39,Default task
2021-11-20T14:42:24.423+09:00,user,IdeState,Active,11,Editor,C:/Users/user/IdeaProjects/11/src/HttpServerTest.java,HttpServerTest::main::[HttpHandler]::handle,24,42,Default task
2021-11-20T14:42:25.443+09:00,user,IdeState,Active,11,Editor,C:/Users/user/IdeaProjects/11/src/HttpServerTest.java,HttpServerTest::main::[HttpHandler]::handle,24,43,Default task
2021-11-20T14:42:26.450+09:00,user,IdeState,Active,11,Editor,C:/Users/user/IdeaProjects/11/src/HttpServerTest.java,HttpServerTest::main::[HttpHandler]::handle,24,47,Default task
2021-11-20T14:42:27.465+09:00,user,IdeState,Active,11,Editor,C:/Users/user/IdeaProjects/11/src/HttpServerTest.java,HttpServerTest::main::[HttpHandler]::handle,24,49,Default task
2021-11-20T14:42:28.479+09:00,user,IdeState,Active,11,Editor,C:/Users/user/IdeaProjects/11/src/HttpServerTest.java,HttpServerTest::main::[HttpHandler]::handle,24,53,Default task
2021-11-20T14:42:29.494+09:00,user,IdeState,Active,11,Editor,C:/Users/user/IdeaProjects/11/src/HttpServerTest.java,HttpServerTest::main::[HttpHandler]::handle,24,54,Default task
2021-11-20T14:42:30.507+09:00,user,IdeState,Active,11,Editor,C:/Users/user/IdeaProjects/11/src/HttpServerTest.java,HttpServerTest::main::[HttpHandler]::handle,24,56,Default task
2021-11-20T14:42:31.520+09:00,user,IdeState,Active,11,Editor,C:/Users/user/IdeaProjects/11/src/HttpServerTest.java,HttpServerTest::main::[HttpHandler]::handle,24,57,Default task
2021-11-20T14:42:32.535+09:00,user,IdeState,Active,11,Editor,C:/Users/user/IdeaProjects/11/src/HttpServerTest.java,HttpServerTest::main::[HttpHandler]::handle,25,20,Default task
2021-11-20T14:42:33.544+09:00,user,IdeState,Active,11,Editor,C:/Users/user/IdeaProjects/11/src/HttpServerTest.java,HttpServerTest::main::[HttpHandler]::handle,25,20,Default task
2021-11-20T14:42:34.568+09:00,user,IdeState,Active,11,Editor,C:/Users/user/IdeaProjects/11/src/HttpServerTest.java,HttpServerTest::main::[HttpHandler]::handle,25,29,Default task
2021-11-20T14:42:35.574+09:00,user,IdeState,Active,11,Editor,C:/Users/user/IdeaProjects/11/src/HttpServerTest.java,HttpServerTest::main::[HttpHandler]::handle,25,29,Default task
2021-11-20T14:42:36.577+09:00,user,IdeState,Active,11,Editor,C:/Users/user/IdeaProjects/11/src/HttpServerTest.java,HttpServerTest::main::[HttpHandler]::handle,25,29,Default task
2021-11-20T14:42:37.584+09:00,user,IdeState,Active,11,Editor,C:/Users/user/IdeaProjects/11/src/HttpServerTest.java,HttpServerTest::main::[HttpHandler]::handle,25,29,Default task
2021-11-20T14:42:38.597+09:00,user,IdeState,Active,11,Editor,C:/Users/user/IdeaProjects/11/src/HttpServerTest.java,HttpServerTest::main::[HttpHandler]::handle,25,46,Default task
2021-11-20T14:42:39.599+09:00,user,IdeState,Active,11,Editor,C:/Users/user/IdeaProjects/11/src/HttpServerTest.java,HttpServerTest::main::[HttpHandler]::handle,25,46,Default task
2021-11-20T14:42:40.612+09:00,user,IdeState,Active,11,Editor,C:/Users/user/IdeaProjects/11/src/HttpServerTest.java,HttpServerTest::main::[HttpHandler]::handle,25,46,Default task
2021-11-20T14:42:41.626+09:00,user,IdeState,Active,11,Editor,C:/Users/user/IdeaProjects/11/src/HttpServerTest.java,HttpServerTest::main::[HttpHandler]::handle,25,39,Default task
2021-11-20T14:42:42.629+09:00,user,IdeState,Active,11,Editor,C:/Users/user/IdeaProjects/11/src/HttpServerTest.java,HttpServerTest::main::[HttpHandler]::handle,25,39,Default task
2021-11-20T14:42:43.640+09:00,user,IdeState,Active,11,Editor,C:/Users/user/IdeaProjects/11/src/HttpServerTest.java,HttpServerTest::main::[HttpHandler]::handle,25,40,Default task
2021-11-20T14:42:44.653+09:00,user,IdeState,Active,11,Editor,C:/Users/user/IdeaProjects/11/src/HttpServerTest.java,HttpServerTest::main::[HttpHandler]::handle,25,40,Default task
2021-11-20T14:42:45.655+09:00,user,IdeState,Active,11,Editor,C:/Users/user/IdeaProjects/11/src/HttpServerTest.java,HttpServerTest::main::[HttpHandler]::handle,25,49,Default task
2021-11-20T14:42:46.666+09:00,user,IdeState,Active,11,Editor,C:/Users/user/IdeaProjects/11/src/HttpServerTest.java,HttpServerTest::main::[HttpHandler]::handle,25,54,Default task
2021-11-20T14:42:47.681+09:00,user,IdeState,Active,11,Editor,C:/Users/user/IdeaProjects/11/src/HttpServerTest.java,HttpServerTest::main::[HttpHandler]::handle,25,54,Default task
2021-11-20T14:42:48.696+09:00,user,IdeState,Active,11,Editor,C:/Users/user/IdeaProjects/11/src/HttpServerTest.java,HttpServerTest::main::[HttpHandler]::handle,25,58,Default task
2021-11-20T14:42:49.707+09:00,user,IdeState,Active,11,Editor,C:/Users/user/IdeaProjects/11/src/HttpServerTest.java,HttpServerTest::main::[HttpHandler]::handle,25,61,Default task
2021-11-20T14:42:50.719+09:00,user,IdeState,Active,11,Editor,C:/Users/user/IdeaProjects/11/src/HttpServerTest.java,HttpServerTest::main::[HttpHandler]::handle,25,61,Default task
2021-11-20T14:42:51.732+09:00,user,IdeState,Active,11,Editor,C:/Users/user/IdeaProjects/11/src/HttpServerTest.java,HttpServerTest::main::[HttpHandler]::handle,25,62,Default task
2021-11-20T14:42:52.748+09:00,user,IdeState,Active,11,Editor,C:/Users/user/IdeaProjects/11/src/HttpServerTest.java,HttpServerTest::main::[HttpHandler]::handle,25,63,Default task
2021-11-20T14:42:53.764+09:00,user,IdeState,Active,11,Editor,C:/Users/user/IdeaProjects/11/src/HttpServerTest.java,HttpServerTest::main::[HttpHandler]::handle,25,67,Default task
2021-11-20T14:42:54.777+09:00,user,IdeState,Active,11,Editor,C:/Users/user/IdeaProjects/11/src/HttpServerTest.java,HttpServerTest::main::[HttpHandler]::handle,25,68,Default task
2021-11-20T14:42:55.793+09:00,user,IdeState,Active,11,Editor,C:/Users/user/IdeaProjects/11/src/HttpServerTest.java,HttpServerTest::main::[HttpHandler]::handle,25,70,Default task
2021-11-20T14:42:56.805+09:00,user,IdeState,Active,11,Editor,C:/Users/user/IdeaProjects/11/src/HttpServerTest.java,HttpServerTest::main::[HttpHandler]::handle,25,72,Default task
2021-11-20T14:42:57.825+09:00,user,IdeState,Active,11,Editor,C:/Users/user/IdeaProjects/11/src/HttpServerTest.java,HttpServerTest::main::[HttpHandler]::handle,25,72,Default task
2021-11-20T14:42:58.835+09:00,user,IdeState,Active,11,Editor,C:/Users/user/IdeaProjects/11/src/HttpServerTest.java,HttpServerTest::main::[HttpHandler]::handle,25,75,Default task
2021-11-20T14:42:59.849+09:00,user,IdeState,Active,11,Editor,C:/Users/user/IdeaProjects/11/src/HttpServerTest.java,HttpServerTest::main::[HttpHandler]::handle,25,81,Default task
2021-11-20T14:43:00.863+09:00,user,IdeState,Active,11,Editor,C:/Users/user/IdeaProjects/11/src/HttpServerTest.java,HttpServerTest::main::[HttpHandler]::handle,25,84,Default task
2021-11-20T14:43:01.873+09:00,user,IdeState,Active,11,Editor,C:/Users/user/IdeaProjects/11/src/HttpServerTest.java,HttpServerTest::main::[HttpHandler]::handle,25,86,Default task
2021-11-20T14:43:02.875+09:00,user,IdeState,Active,11,Editor,C:/Users/user/IdeaProjects/11/src/HttpServerTest.java,HttpServerTest::main::[HttpHandler]::handle,25,87,Default task
2021-11-20T14:43:03.882+09:00,user,IdeState,Active,11,Editor,C:/Users/user/IdeaProjects/11/src/HttpServerTest.java,HttpServerTest::main::[HttpHandler]::handle,25,89,Default task
2021-11-20T14:43:04.888+09:00,user,IdeState,Active,11,Editor,C:/Users/user/IdeaProjects/11/src/HttpServerTest.java,HttpServerTest::main::[HttpHandler]::handle,25,91,Default task
2021-11-20T14:43:05.907+09:00,user,IdeState,Active,11,Editor,C:/Users/user/IdeaProjects/11/src/HttpServerTest.java,HttpServerTest::main::[HttpHandler]::handle,25,92,Default task
2021-11-20T14:43:06.911+09:00,user,IdeState,Active,11,Editor,C:/Users/user/IdeaProjects/11/src/HttpServerTest.java,HttpServerTest::main::[HttpHandler]::handle,25,93,Default task
2021-11-20T14:43:07.913+09:00,user,IdeState,Active,11,Editor,C:/Users/user/IdeaProjects/11/src/HttpServerTest.java,HttpServerTest::main::[HttpHandler]::handle,25,95,Default task
2021-11-20T14:43:08.914+09:00,user,IdeState,Active,11,Editor,C:/Users/user/IdeaProjects/11/src/HttpServerTest.java,HttpServerTest::main::[HttpHandler]::handle,25,95,Default task
2021-11-20T14:43:09.917+09:00,user,IdeState,Active,11,Editor,C:/Users/user/IdeaProjects/11/src/HttpServerTest.java,HttpServerTest::main::[HttpHandler]::handle,25,95,Default task
2021-11-20T14:43:10.930+09:00,user,IdeState,Active,11,Editor,C:/Users/user/IdeaProjects/11/src/HttpServerTest.java,HttpServerTest::main::[HttpHandler]::handle,25,96,Default task
2021-11-20T14:43:11.942+09:00,user,IdeState,Active,11,Editor,C:/Users/user/IdeaProjects/11/src/HttpServerTest.java,HttpServerTest::main::[HttpHandler]::handle,25,96,Default task
2021-11-20T14:43:12.943+09:00,user,IdeState,Active,11,Editor,C:/Users/user/IdeaProjects/11/src/HttpServerTest.java,HttpServerTest::main::[HttpHandler]::handle,26,20,Default task
2021-11-20T14:43:13.946+09:00,user,IdeState,Active,11,Editor,C:/Users/user/IdeaProjects/11/src/HttpServerTest.java,HttpServerTest::main::[HttpHandler]::handle,26,20,Default task
2021-11-20T14:43:14.948+09:00,user,IdeState,Active,11,Editor,C:/Users/user/IdeaProjects/11/src/HttpServerTest.java,HttpServerTest::main::[HttpHandler]::handle,26,22,Default task
2021-11-20T14:43:15.955+09:00,user,IdeState,Active,11,Editor,C:/Users/user/IdeaProjects/11/src/HttpServerTest.java,HttpServerTest::main::[HttpHandler]::handle,26,31,Default task
2021-11-20T14:43:16.956+09:00,user,IdeState,Active,11,Editor,C:/Users/user/IdeaProjects/11/src/HttpServerTest.java,HttpServerTest::main::[HttpHandler]::handle,26,49,Default task
2021-11-20T14:43:18.015+09:00,user,IdeState,Active,11,Editor,C:/Users/user/IdeaProjects/11/src/HttpServerTest.java,HttpServerTest::main::[HttpHandler]::handle,27,28,Default task
2021-11-20T14:43:19.040+09:00,user,IdeState,Active,11,Editor,C:/Users/user/IdeaProjects/11/src/HttpServerTest.java,HttpServerTest::main::[HttpHandler]::handle,27,29,Default task
2021-11-20T14:43:20.044+09:00,user,IdeState,Active,11,Editor,C:/Users/user/IdeaProjects/11/src/HttpServerTest.java,HttpServerTest::main::[HttpHandler]::handle,27,31,Default task
2021-11-20T14:43:21.060+09:00,user,IdeState,Active,11,Editor,C:/Users/user/IdeaProjects/11/src/HttpServerTest.java,HttpServerTest::main::[HttpHandler]::handle,27,32,Default task
2021-11-20T14:43:22.096+09:00,user,IdeState,Active,11,Editor,C:/Users/user/IdeaProjects/11/src/HttpServerTest.java,HttpServerTest::main::[HttpHandler]::handle,27,33,Default task
2021-11-20T14:43:23.104+09:00,user,IdeState,Active,11,Editor,C:/Users/user/IdeaProjects/11/src/HttpServerTest.java,HttpServerTest::main::[HttpHandler]::handle,27,45,Default task
2021-11-20T14:43:24.113+09:00,user,IdeState,Active,11,Editor,C:/Users/user/IdeaProjects/11/src/HttpServerTest.java,HttpServerTest::main::[HttpHandler]::handle,27,45,Default task
2021-11-20T14:43:25.128+09:00,user,IdeState,Active,11,Editor,C:/Users/user/IdeaProjects/11/src/HttpServerTest.java,HttpServerTest::main::[HttpHandler]::handle,27,46,Default task
2021-11-20T14:43:26.141+09:00,user,IdeState,Active,11,Editor,C:/Users/user/IdeaProjects/11/src/HttpServerTest.java,HttpServerTest::main::[HttpHandler]::handle,27,53,Default task
2021-11-20T14:43:27.157+09:00,user,IdeState,Active,11,Editor,C:/Users/user/IdeaProjects/11/src/HttpServerTest.java,HttpServerTest::main::[HttpHandler]::handle,27,57,Default task
2021-11-20T14:43:28.169+09:00,user,IdeState,Active,11,Editor,C:/Users/user/IdeaProjects/11/src/HttpServerTest.java,HttpServerTest::main::[HttpHandler]::handle,27,66,Default task
2021-11-20T14:43:29.212+09:00,user,IdeState,Active,11,Editor,C:/Users/user/IdeaProjects/11/src/HttpServerTest.java,HttpServerTest::main::[HttpHandler]::handle,27,70,Default task
2021-11-20T14:43:30.217+09:00,user,IdeState,Active,11,Editor,C:/Users/user/IdeaProjects/11/src/HttpServerTest.java,HttpServerTest::main::[HttpHandler]::handle,27,70,Default task
2021-11-20T14:43:31.260+09:00,user,IdeState,Active,11,Editor,C:/Users/user/IdeaProjects/11/src/HttpServerTest.java,HttpServerTest::main::[HttpHandler]::handle,27,100,Default task
2021-11-20T14:43:32.262+09:00,user,IdeState,Active,11,Editor,C:/Users/user/IdeaProjects/11/src/HttpServerTest.java,HttpServerTest::main::[HttpHandler]::handle,27,100,Default task
2021-11-20T14:43:33.274+09:00,user,IdeState,Active,11,Editor,C:/Users/user/IdeaProjects/11/src/HttpServerTest.java,HttpServerTest::main::[HttpHandler]::handle,27,99,Default task
2021-11-20T14:43:34.289+09:00,user,IdeState,Active,11,Editor,C:/Users/user/IdeaProjects/11/src/HttpServerTest.java,HttpServerTest::main::[HttpHandler]::handle,27,99,Default task
2021-11-20T14:43:35.300+09:00,user,IdeState,Active,11,Editor,C:/Users/user/IdeaProjects/11/src/HttpServerTest.java,HttpServerTest::main::[HttpHandler]::handle,27,100,Default task
2021-11-20T14:43:36.315+09:00,user,IdeState,Active,11,Editor,C:/Users/user/IdeaProjects/11/src/HttpServerTest.java,HttpServerTest::main::[HttpHandler]::handle,27,100,Default task
2021-11-20T14:43:37.326+09:00,user,IdeState,Active,11,Editor,C:/Users/user/IdeaProjects/11/src/HttpServerTest.java,HttpServerTest::main::[HttpHandler]::handle,27,100,Default task
2021-11-20T14:43:38.344+09:00,user,IdeState,Inactive,,,,,-1,-1,
2021-11-20T14:43:39.352+09:00,user,IdeState,Inactive,,,,,-1,-1,
2021-11-20T14:43:40.358+09:00,user,IdeState,Inactive,,,,,-1,-1,
2021-11-20T14:43:41.377+09:00,user,IdeState,Inactive,,,,,-1,-1,
2021-11-20T14:43:42.387+09:00,user,IdeState,Active,11,Editor,C:/Users/user/IdeaProjects/11/src/HttpServerTest.java,HttpServerTest::main::[HttpHandler]::handle,27,99,Default task
2021-11-20T14:43:43.399+09:00,user,IdeState,Active,11,Editor,C:/Users/user/IdeaProjects/11/src/HttpServerTest.java,HttpServerTest::main::[HttpHandler]::handle,27,100,Default task
2021-11-20T14:43:44.411+09:00,user,IdeState,Active,11,Editor,C:/Users/user/IdeaProjects/11/src/HttpServerTest.java,HttpServerTest::main::[HttpHandler]::handle,27,106,Default task
2021-11-20T14:43:45.426+09:00,user,IdeState,Active,11,Editor,C:/Users/user/IdeaProjects/11/src/HttpServerTest.java,HttpServerTest::main::[HttpHandler]::handle,27,106,Default task
2021-11-20T14:43:46.434+09:00,user,IdeState,Active,11,Editor,C:/Users/user/IdeaProjects/11/src/HttpServerTest.java,HttpServerTest::main::[HttpHandler]::handle,27,106,Default task
2021-11-20T14:43:47.448+09:00,user,IdeState,Active,11,Editor,C:/Users/user/IdeaProjects/11/src/HttpServerTest.java,HttpServerTest::main::[HttpHandler]::handle,27,106,Default task
2021-11-20T14:43:48.460+09:00,user,IdeState,Active,11,Editor,C:/Users/user/IdeaProjects/11/src/HttpServerTest.java,HttpServerTest::main::[HttpHandler]::handle,27,106,Default task
2021-11-20T14:43:49.472+09:00,user,IdeState,Active,11,Editor,C:/Users/user/IdeaProjects/11/src/HttpServerTest.java,HttpServerTest::main::[HttpHandler]::handle,28,20,Default task
2021-11-20T14:43:50.487+09:00,user,IdeState,Active,11,Editor,C:/Users/user/IdeaProjects/11/src/HttpServerTest.java,HttpServerTest::main::[HttpHandler]::handle,27,107,Default task
2021-11-20T14:43:51.501+09:00,user,IdeState,Active,11,Editor,C:/Users/user/IdeaProjects/11/src/HttpServerTest.java,HttpServerTest::main::[HttpHandler]::handle,27,108,Default task
2021-11-20T14:43:52.503+09:00,user,IdeState,Active,11,Editor,C:/Users/user/IdeaProjects/11/src/HttpServerTest.java,HttpServerTest::main::[HttpHandler]::handle,28,20,Default task
2021-11-20T14:43:53.515+09:00,user,IdeState,Active,11,Editor,C:/Users/user/IdeaProjects/11/src/HttpServerTest.java,HttpServerTest::main::[HttpHandler]::handle,28,20,Default task
2021-11-20T14:43:54.530+09:00,user,IdeState,Active,11,Editor,C:/Users/user/IdeaProjects/11/src/HttpServerTest.java,HttpServerTest::main::[HttpHandler]::handle,28,21,Default task
2021-11-20T14:43:55.544+09:00,user,IdeState,Active,11,Editor,C:/Users/user/IdeaProjects/11/src/HttpServerTest.java,HttpServerTest::main::[HttpHandler]::handle,28,32,Default task
2021-11-20T14:43:56.559+09:00,user,IdeState,Active,11,Editor,C:/Users/user/IdeaProjects/11/src/HttpServerTest.java,HttpServerTest::main::[HttpHandler]::handle,28,33,Default task
2021-11-20T14:43:57.574+09:00,user,IdeState,Active,11,Editor,C:/Users/user/IdeaProjects/11/src/HttpServerTest.java,HttpServerTest::main::[HttpHandler]::handle,28,45,Default task
2021-11-20T14:43:58.575+09:00,user,IdeState,Active,11,Editor,C:/Users/user/IdeaProjects/11/src/HttpServerTest.java,HttpServerTest::main::[HttpHandler]::handle,28,47,Default task
2021-11-20T14:43:59.590+09:00,user,IdeState,Active,11,Editor,C:/Users/user/IdeaProjects/11/src/HttpServerTest.java,HttpServerTest::main::[HttpHandler]::handle,28,56,Default task
2021-11-20T14:44:00.628+09:00,user,IdeState,Active,11,Editor,C:/Users/user/IdeaProjects/11/src/HttpServerTest.java,HttpServerTest::main::[HttpHandler]::handle,28,58,Default task
2021-11-20T14:44:01.646+09:00,user,IdeState,Active,11,Editor,C:/Users/user/IdeaProjects/11/src/HttpServerTest.java,HttpServerTest::main::[HttpHandler]::handle,28,74,Default task
2021-11-20T14:44:02.654+09:00,user,IdeState,Active,11,Editor,C:/Users/user/IdeaProjects/11/src/HttpServerTest.java,HttpServerTest::main::[HttpHandler]::handle,28,74,Default task
2021-11-20T14:44:03.657+09:00,user,IdeState,Active,11,Editor,C:/Users/user/IdeaProjects/11/src/HttpServerTest.java,HttpServerTest::main::[HttpHandler]::handle,29,20,Default task
2021-11-20T14:44:04.671+09:00,user,IdeState,Active,11,Editor,C:/Users/user/IdeaProjects/11/src/HttpServerTest.java,HttpServerTest::main::[HttpHandler]::handle,29,20,Default task
2021-11-20T14:44:05.682+09:00,user,IdeState,Active,11,Editor,C:/Users/user/IdeaProjects/11/src/HttpServerTest.java,HttpServerTest::main::[HttpHandler]::handle,29,32,Default task
2021-11-20T14:44:06.684+09:00,user,IdeState,Active,11,Editor,C:/Users/user/IdeaProjects/11/src/HttpServerTest.java,HttpServerTest::main::[HttpHandler]::handle,29,32,Default task
2021-11-20T14:44:07.699+09:00,user,IdeState,Active,11,Editor,C:/Users/user/IdeaProjects/11/src/HttpServerTest.java,HttpServerTest::main::[HttpHandler]::handle,29,33,Default task
2021-11-20T14:44:08.718+09:00,user,IdeState,Active,11,Editor,C:/Users/user/IdeaProjects/11/src/HttpServerTest.java,HttpServerTest::main::[HttpHandler]::handle,29,33,Default task
2021-11-20T14:44:09.730+09:00,user,IdeState,Active,11,Editor,C:/Users/user/IdeaProjects/11/src/HttpServerTest.java,HttpServerTest::main::[HttpHandler]::handle,29,39,Default task
2021-11-20T14:44:10.733+09:00,user,IdeState,Active,11,Editor,C:/Users/user/IdeaProjects/11/src/HttpServerTest.java,HttpServerTest::main::[HttpHandler]::handle,29,39,Default task
2021-11-20T14:44:11.751+09:00,user,IdeState,Active,11,Editor,C:/Users/user/IdeaProjects/11/src/HttpServerTest.java,HttpServerTest::main::[HttpHandler]::handle,29,51,Default task
2021-11-20T14:44:12.759+09:00,user,IdeState,Active,11,Editor,C:/Users/user/IdeaProjects/11/src/HttpServerTest.java,HttpServerTest::main::[HttpHandler]::handle,29,55,Default task
2021-11-20T14:44:13.770+09:00,user,IdeState,Active,11,Editor,C:/Users/user/IdeaProjects/11/src/HttpServerTest.java,HttpServerTest::main::[HttpHandler]::handle,29,84,Default task
2021-11-20T14:44:14.802+09:00,user,IdeState,Active,11,Editor,C:/Users/user/IdeaProjects/11/src/HttpServerTest.java,HttpServerTest::main::[HttpHandler]::handle,29,84,Default task
2021-11-20T14:44:15.821+09:00,user,IdeState,Active,11,Editor,C:/Users/user/IdeaProjects/11/src/HttpServerTest.java,HttpServerTest::main::[HttpHandler]::handle,29,85,Default task
2021-11-20T14:44:16.824+09:00,user,IdeState,Active,11,Editor,C:/Users/user/IdeaProjects/11/src/HttpServerTest.java,HttpServerTest::main::[HttpHandler]::handle,30,21,Default task
2021-11-20T14:44:17.837+09:00,user,IdeState,Active,11,Editor,C:/Users/user/IdeaProjects/11/src/HttpServerTest.java,HttpServerTest::main::[HttpHandler]::handle,30,33,Default task
2021-11-20T14:44:18.847+09:00,user,IdeState,Active,11,Editor,C:/Users/user/IdeaProjects/11/src/HttpServerTest.java,HttpServerTest::main::[HttpHandler]::handle,30,41,Default task
2021-11-20T14:44:19.850+09:00,user,IdeState,Active,11,Editor,C:/Users/user/IdeaProjects/11/src/HttpServerTest.java,HttpServerTest::main::[HttpHandler]::handle,31,22,Default task
2021-11-20T14:44:20.883+09:00,user,IdeState,Active,11,Editor,C:/Users/user/IdeaProjects/11/src/HttpServerTest.java,HttpServerTest::main::[HttpHandler]::handle,31,29,Default task
2021-11-20T14:44:21.895+09:00,user,IdeState,Active,11,Editor,C:/Users/user/IdeaProjects/11/src/HttpServerTest.java,HttpServerTest::main::[HttpHandler]::handle,31,37,Default task
2021-11-20T14:44:22.900+09:00,user,IdeState,Active,11,Editor,C:/Users/user/IdeaProjects/11/src/HttpServerTest.java,HttpServerTest::main,32,17,Default task
2021-11-20T14:44:23.912+09:00,user,IdeState,Active,11,Editor,C:/Users/user/IdeaProjects/11/src/HttpServerTest.java,HttpServerTest::main,33,14,Default task
2021-11-20T14:44:24.926+09:00,user,IdeState,Active,11,Editor,C:/Users/user/IdeaProjects/11/src/HttpServerTest.java,HttpServerTest::main,33,15,Default task
2021-11-20T14:44:25.926+09:00,user,IdeState,Active,11,Editor,C:/Users/user/IdeaProjects/11/src/HttpServerTest.java,HttpServerTest::main,33,15,Default task
2021-11-20T14:44:26.941+09:00,user,IdeState,Active,11,Editor,C:/Users/user/IdeaProjects/11/src/HttpServerTest.java,HttpServerTest::main,34,14,Default task
2021-11-20T14:44:27.954+09:00,user,IdeState,Active,11,Editor,C:/Users/user/IdeaProjects/11/src/HttpServerTest.java,HttpServerTest::main,34,19,Default task
2021-11-20T14:44:28.966+09:00,user,IdeState,Active,11,Editor,C:/Users/user/IdeaProjects/11/src/HttpServerTest.java,HttpServerTest::main,34,19,Default task
2021-11-20T14:44:29.979+09:00,user,IdeState,Active,11,Editor,C:/Users/user/IdeaProjects/11/src/HttpServerTest.java,HttpServerTest::main,34,20,Default task
2021-11-20T14:44:31.011+09:00,user,IdeState,Active,11,Editor,C:/Users/user/IdeaProjects/11/src/HttpServerTest.java,HttpServerTest::main,34,31,Default task
2021-11-20T14:44:32.022+09:00,user,IdeState,Active,11,Editor,C:/Users/user/IdeaProjects/11/src/HttpServerTest.java,HttpServerTest::main,34,35,Default task
2021-11-20T14:44:33.036+09:00,user,IdeState,Active,11,Editor,C:/Users/user/IdeaProjects/11/src/HttpServerTest.java,HttpServerTest::main,35,14,Default task
2021-11-20T14:44:34.047+09:00,user,IdeState,Active,11,Editor,C:/Users/user/IdeaProjects/11/src/HttpServerTest.java,HttpServerTest::main,34,36,Default task
2021-11-20T14:44:35.060+09:00,user,IdeState,Active,11,Editor,C:/Users/user/IdeaProjects/11/src/HttpServerTest.java,HttpServerTest::main,35,13,Default task
2021-11-20T14:44:36.070+09:00,user,IdeState,Active,11,Editor,C:/Users/user/IdeaProjects/11/src/HttpServerTest.java,HttpServerTest::main,35,19,Default task
2021-11-20T14:44:37.083+09:00,user,IdeState,Active,11,Editor,C:/Users/user/IdeaProjects/11/src/HttpServerTest.java,HttpServerTest::main,35,19,Default task
2021-11-20T14:44:38.087+09:00,user,IdeState,Active,11,Editor,C:/Users/user/IdeaProjects/11/src/HttpServerTest.java,HttpServerTest::main,35,27,Default task
2021-11-20T14:44:39.097+09:00,user,IdeState,Active,11,Editor,C:/Users/user/IdeaProjects/11/src/HttpServerTest.java,HttpServerTest::main,35,27,Default task
2021-11-20T14:44:40.150+09:00,user,IdeState,Active,11,Editor,C:/Users/user/IdeaProjects/11/src/HttpServerTest.java,HttpServerTest::main,36,10,Default task
2021-11-20T14:44:41.164+09:00,user,IdeState,Active,11,Editor,C:/Users/user/IdeaProjects/11/src/HttpServerTest.java,HttpServerTest::main,36,16,Default task
2021-11-20T14:44:42.178+09:00,user,IdeState,Active,11,Editor,C:/Users/user/IdeaProjects/11/src/HttpServerTest.java,HttpServerTest::main,36,17,Default task
2021-11-20T14:44:43.209+09:00,user,IdeState,Active,11,Editor,C:/Users/user/IdeaProjects/11/src/HttpServerTest.java,HttpServerTest::main,36,17,Default task
2021-11-20T14:44:44.218+09:00,user,IdeState,Active,11,Editor,C:/Users/user/IdeaProjects/11/src/HttpServerTest.java,HttpServerTest::main,36,28,Default task
2021-11-20T14:44:45.227+09:00,user,IdeState,Active,11,Editor,C:/Users/user/IdeaProjects/11/src/HttpServerTest.java,HttpServerTest::main,36,30,Default task
2021-11-20T14:44:46.239+09:00,user,IdeState,Active,11,Editor,C:/Users/user/IdeaProjects/11/src/HttpServerTest.java,HttpServerTest::main,37,12,Default task
2021-11-20T14:44:47.252+09:00,user,IdeState,Active,11,Editor,C:/Users/user/IdeaProjects/11/src/HttpServerTest.java,HttpServerTest::main,37,18,Default task
2021-11-20T14:44:48.261+09:00,user,IdeState,Active,11,Editor,C:/Users/user/IdeaProjects/11/src/HttpServerTest.java,HttpServerTest::main,37,17,Default task
2021-11-20T14:44:49.270+09:00,user,IdeState,Active,11,Editor,C:/Users/user/IdeaProjects/11/src/HttpServerTest.java,HttpServerTest::main,37,14,Default task
2021-11-20T14:44:50.281+09:00,user,IdeState,Active,11,Editor,C:/Users/user/IdeaProjects/11/src/HttpServerTest.java,HttpServerTest::main,37,23,Default task
2021-11-20T14:44:51.294+09:00,user,IdeState,Active,11,Editor,C:/Users/user/IdeaProjects/11/src/HttpServerTest.java,HttpServerTest::main,37,31,Default task
2021-11-20T14:44:52.307+09:00,user,IdeState,Active,11,Editor,C:/Users/user/IdeaProjects/11/src/HttpServerTest.java,HttpServerTest::main,37,32,Default task
2021-11-20T14:44:53.320+09:00,user,IdeState,Active,11,Editor,C:/Users/user/IdeaProjects/11/src/HttpServerTest.java,HttpServerTest::main,37,32,Default task
2021-11-20T14:44:54.328+09:00,user,IdeState,Active,11,Editor,C:/Users/user/IdeaProjects/11/src/HttpServerTest.java,HttpServerTest::main,32,17,Default task
2021-11-20T14:44:55.337+09:00,user,IdeState,Active,11,Editor,C:/Users/user/IdeaProjects/11/src/HttpServerTest.java,HttpServerTest::main,36,31,Default task
2021-11-20T14:44:56.353+09:00,user,IdeState,Active,11,Editor,C:/Users/user/IdeaProjects/11/src/HttpServerTest.java,HttpServerTest::main,37,32,Default task
2021-11-20T14:44:57.367+09:00,user,IdeState,Active,11,Editor,C:/Users/user/IdeaProjects/11/src/HttpServerTest.java,HttpServerTest::main,37,45,Default task
2021-11-20T14:44:58.376+09:00,user,IdeState,Active,11,Editor,C:/Users/user/IdeaProjects/11/src/HttpServerTest.java,HttpServerTest::main,36,31,Default task
2021-11-20T14:44:59.407+09:00,user,IdeState,Active,11,Editor,C:/Users/user/IdeaProjects/11/src/HttpServerTest.java,HttpServerTest::main,36,31,Default task
2021-11-20T14:45:00.409+09:00,user,IdeState,Active,11,Editor,C:/Users/user/IdeaProjects/11/src/HttpServerTest.java,HttpServerTest::main,36,31,Default task
2021-11-20T14:45:01.420+09:00,user,IdeState,Active,11,Editor,C:/Users/user/IdeaProjects/11/src/HttpServerTest.java,HttpServerTest::main,36,31,Default task
2021-11-20T14:45:02.428+09:00,user,IdeState,Inactive,,,,,-1,-1,
2021-11-20T14:45:03.448+09:00,user,IdeState,Inactive,,,,,-1,-1,
2021-11-20T14:45:04.456+09:00,user,IdeState,Inactive,,,,,-1,-1,
2021-11-20T14:45:05.473+09:00,user,IdeState,Inactive,,,,,-1,-1,
2021-11-20T14:45:06.482+09:00,user,IdeState,Inactive,,,,,-1,-1,
2021-11-20T14:45:07.494+09:00,user,IdeState,Active,11,Editor,C:/Users/user/IdeaProjects/11/src/HttpServerTest.java,HttpServerTest::main,38,9,Default task
2021-11-20T14:45:08.506+09:00,user,IdeState,Active,11,Editor,C:/Users/user/IdeaProjects/11/src/HttpServerTest.java,HttpServerTest::main,38,9,Default task
2021-11-20T14:45:09.519+09:00,user,IdeState,Active,11,Editor,C:/Users/user/IdeaProjects/11/src/HttpServerTest.java,HttpServerTest::main,38,9,Default task
2021-11-20T14:45:10.593+09:00,user,IdeState,Active,11,Popup,C:/Users/user/IdeaProjects/11/src/HttpServerTest.java,HttpServerTest::main,38,9,Default task
2021-11-20T14:45:11.604+09:00,user,IdeState,Active,11,Popup,C:/Users/user/IdeaProjects/11/src/HttpServerTest.java,HttpServerTest::main,38,9,Default task
