2021-11-21T01:58:34.048+09:00,user,IdeState,Active,11,Editor,C:/Users/user/IdeaProjects/11/src/com/fm/client/PlayerClient.java,,18,4,Default task
2021-11-21T01:58:35.123+09:00,user,IdeState,Active,11,Editor,C:/Users/user/IdeaProjects/11/src/com/fm/client/PlayerClient.java,,18,4,Default task
2021-11-21T01:58:36.173+09:00,user,IdeState,Active,11,Editor,C:/Users/user/IdeaProjects/11/src/com/fm/client/PlayerClient.java,,18,5,Default task
2021-11-21T01:58:37.193+09:00,user,IdeState,Active,11,Editor,C:/Users/user/IdeaProjects/11/src/com/fm/client/PlayerClient.java,,18,12,Default task
2021-11-21T01:58:38.207+09:00,user,IdeState,Active,11,Editor,C:/Users/user/IdeaProjects/11/src/com/fm/client/PlayerClient.java,,18,19,Default task
2021-11-21T01:58:39.216+09:00,user,IdeState,Active,11,Editor,C:/Users/user/IdeaProjects/11/src/com/fm/client/PlayerClient.java,,18,27,Default task
2021-11-21T01:58:40.217+09:00,user,IdeState,Active,11,Editor,C:/Users/user/IdeaProjects/11/src/com/fm/client/PlayerClient.java,PlayerClient::main,18,29,Default task
2021-11-21T01:58:41.219+09:00,user,IdeState,Active,11,Editor,C:/Users/user/IdeaProjects/11/src/com/fm/client/PlayerClient.java,PlayerClient::main,18,29,Default task
2021-11-21T01:58:42.261+09:00,user,IdeState,Active,11,Editor,C:/Users/user/IdeaProjects/11/src/com/fm/client/PlayerClient.java,PlayerClient::main,18,36,Default task
2021-11-21T01:58:43.297+09:00,user,IdeState,Active,11,Editor,C:/Users/user/IdeaProjects/11/src/com/fm/client/PlayerClient.java,PlayerClient::main,18,31,Default task
2021-11-21T01:58:44.307+09:00,user,IdeState,Active,11,Editor,C:/Users/user/IdeaProjects/11/src/com/fm/client/PlayerClient.java,PlayerClient::main,18,36,Default task
2021-11-21T01:58:45.322+09:00,user,IdeState,Active,11,Editor,C:/Users/user/IdeaProjects/11/src/com/fm/client/PlayerClient.java,PlayerClient::main,18,38,Default task
2021-11-21T01:58:46.333+09:00,user,IdeState,Active,11,Editor,C:/Users/user/IdeaProjects/11/src/com/fm/client/PlayerClient.java,PlayerClient::main,18,43,Default task
2021-11-21T01:58:47.347+09:00,user,IdeState,Active,11,Editor,C:/Users/user/IdeaProjects/11/src/com/fm/client/PlayerClient.java,PlayerClient::main,19,8,Default task
2021-11-21T01:58:48.349+09:00,user,IdeState,Active,11,Editor,C:/Users/user/IdeaProjects/11/src/com/fm/client/PlayerClient.java,PlayerClient::main,19,8,Default task
2021-11-21T01:58:49.378+09:00,user,IdeState,Active,11,Editor,C:/Users/user/IdeaProjects/11/src/com/fm/client/PlayerClient.java,PlayerClient::main,19,10,Default task
2021-11-21T01:58:50.393+09:00,user,IdeState,Active,11,Editor,C:/Users/user/IdeaProjects/11/src/com/fm/client/PlayerClient.java,PlayerClient::main,19,10,Default task
2021-11-21T01:58:51.409+09:00,user,IdeState,Active,11,Editor,C:/Users/user/IdeaProjects/11/src/com/fm/client/PlayerClient.java,PlayerClient::main,19,15,Default task
2021-11-21T01:58:52.423+09:00,user,IdeState,Active,11,Editor,C:/Users/user/IdeaProjects/11/src/com/fm/client/PlayerClient.java,PlayerClient::main,19,16,Default task
2021-11-21T01:58:53.435+09:00,user,IdeState,Active,11,Editor,C:/Users/user/IdeaProjects/11/src/com/fm/client/PlayerClient.java,PlayerClient::main,19,18,Default task
2021-11-21T01:58:54.450+09:00,user,IdeState,Active,11,Editor,C:/Users/user/IdeaProjects/11/src/com/fm/client/PlayerClient.java,PlayerClient::main,19,23,Default task
2021-11-21T01:58:55.466+09:00,user,IdeState,Active,11,Editor,C:/Users/user/IdeaProjects/11/src/com/fm/client/PlayerClient.java,PlayerClient::main,19,23,Default task
2021-11-21T01:58:56.481+09:00,user,IdeState,Active,11,Editor,C:/Users/user/IdeaProjects/11/src/com/fm/client/PlayerClient.java,PlayerClient::main,19,25,Default task
2021-11-21T01:58:57.489+09:00,user,IdeState,Active,11,Editor,C:/Users/user/IdeaProjects/11/src/com/fm/client/PlayerClient.java,PlayerClient::main,19,26,Default task
2021-11-21T01:58:58.510+09:00,user,IdeState,Active,11,Editor,C:/Users/user/IdeaProjects/11/src/com/fm/client/PlayerClient.java,PlayerClient::main,19,26,Default task
2021-11-21T01:58:59.520+09:00,user,IdeState,Active,11,Editor,C:/Users/user/IdeaProjects/11/src/com/fm/client/PlayerClient.java,PlayerClient::main,19,26,Default task
2021-11-21T01:59:00.521+09:00,user,IdeState,Inactive,,,,,-1,-1,
2021-11-21T01:59:01.536+09:00,user,IdeState,Inactive,,,,,-1,-1,
2021-11-21T01:59:02.549+09:00,user,IdeState,Inactive,,,,,-1,-1,
2021-11-21T01:59:03.563+09:00,user,IdeState,Inactive,,,,,-1,-1,
2021-11-21T01:59:04.573+09:00,user,IdeState,Inactive,,,,,-1,-1,
2021-11-21T01:59:05.584+09:00,user,IdeState,Active,11,Editor,C:/Users/user/IdeaProjects/11/src/com/fm/client/PlayerClient.java,PlayerClient::main,19,26,Default task
2021-11-21T01:59:06.595+09:00,user,IdeState,Active,11,Editor,C:/Users/user/IdeaProjects/11/src/com/fm/client/PlayerClient.java,PlayerClient::main,19,56,Default task
2021-11-21T01:59:07.603+09:00,user,IdeState,Active,11,Editor,C:/Users/user/IdeaProjects/11/src/com/fm/client/PlayerClient.java,PlayerClient::main,19,58,Default task
2021-11-21T01:59:08.615+09:00,user,IdeState,Active,11,Editor,C:/Users/user/IdeaProjects/11/src/com/fm/client/PlayerClient.java,PlayerClient::main,20,8,Default task
2021-11-21T01:59:09.629+09:00,user,IdeState,Active,11,Editor,C:/Users/user/IdeaProjects/11/src/com/fm/client/PlayerClient.java,PlayerClient::main,21,8,Default task
2021-11-21T01:59:10.639+09:00,user,IdeState,Active,11,Editor,C:/Users/user/IdeaProjects/11/src/com/fm/client/PlayerClient.java,PlayerClient::main,21,15,Default task
2021-11-21T01:59:11.650+09:00,user,IdeState,Active,11,Editor,C:/Users/user/IdeaProjects/11/src/com/fm/client/PlayerClient.java,PlayerClient::main,21,23,Default task
2021-11-21T01:59:12.659+09:00,user,IdeState,Active,11,Editor,C:/Users/user/IdeaProjects/11/src/com/fm/client/PlayerClient.java,PlayerClient::main,21,29,Default task
2021-11-21T01:59:13.688+09:00,user,IdeState,Active,11,Editor,C:/Users/user/IdeaProjects/11/src/com/fm/client/PlayerClient.java,PlayerClient::main,21,38,Default task
2021-11-21T01:59:14.702+09:00,user,IdeState,Active,11,Editor,C:/Users/user/IdeaProjects/11/src/com/fm/client/PlayerClient.java,PlayerClient::main,21,39,Default task
2021-11-21T01:59:15.712+09:00,user,IdeState,Active,11,Editor,C:/Users/user/IdeaProjects/11/src/com/fm/client/PlayerClient.java,PlayerClient::main,21,44,Default task
2021-11-21T01:59:16.724+09:00,user,IdeState,Active,11,Editor,C:/Users/user/IdeaProjects/11/src/com/fm/client/PlayerClient.java,PlayerClient::main,21,47,Default task
2021-11-21T01:59:17.727+09:00,user,IdeState,Active,11,Editor,C:/Users/user/IdeaProjects/11/src/com/fm/client/PlayerClient.java,PlayerClient::main,23,8,Default task
2021-11-21T01:59:18.756+09:00,user,IdeState,Active,11,Editor,C:/Users/user/IdeaProjects/11/src/com/fm/client/PlayerClient.java,PlayerClient::main,23,11,Default task
2021-11-21T01:59:19.757+09:00,user,IdeState,Active,11,Editor,C:/Users/user/IdeaProjects/11/src/com/fm/client/PlayerClient.java,PlayerClient::main,23,14,Default task
2021-11-21T01:59:20.759+09:00,user,IdeState,Active,11,Editor,C:/Users/user/IdeaProjects/11/src/com/fm/client/PlayerClient.java,PlayerClient::main,23,16,Default task
2021-11-21T01:59:21.771+09:00,user,IdeState,Active,11,Editor,C:/Users/user/IdeaProjects/11/src/com/fm/client/PlayerClient.java,PlayerClient::main,23,22,Default task
2021-11-21T01:59:22.773+09:00,user,IdeState,Active,11,Editor,C:/Users/user/IdeaProjects/11/src/com/fm/client/PlayerClient.java,PlayerClient::main,23,33,Default task
2021-11-21T01:59:23.785+09:00,user,IdeState,Active,11,Editor,C:/Users/user/IdeaProjects/11/src/com/fm/client/PlayerClient.java,PlayerClient::main,24,12,Default task
2021-11-21T01:59:24.788+09:00,user,IdeState,Active,11,Editor,C:/Users/user/IdeaProjects/11/src/com/fm/client/PlayerClient.java,PlayerClient::main,24,14,Default task
2021-11-21T01:59:25.799+09:00,user,IdeState,Active,11,Editor,C:/Users/user/IdeaProjects/11/src/com/fm/client/PlayerClient.java,PlayerClient::main,24,14,Default task
2021-11-21T01:59:26.814+09:00,user,IdeState,Active,11,Editor,C:/Users/user/IdeaProjects/11/src/com/fm/client/PlayerClient.java,PlayerClient::main,24,14,Default task
2021-11-21T01:59:27.830+09:00,user,IdeState,Active,11,Editor,C:/Users/user/IdeaProjects/11/src/com/fm/client/PlayerClient.java,PlayerClient::main,24,14,Default task
2021-11-21T01:59:28.857+09:00,user,IdeState,Active,11,Editor,C:/Users/user/IdeaProjects/11/src/com/fm/client/PlayerClient.java,PlayerClient::main,24,18,Default task
2021-11-21T01:59:29.873+09:00,user,IdeState,Active,11,Editor,C:/Users/user/IdeaProjects/11/src/com/fm/client/PlayerClient.java,PlayerClient::main,24,20,Default task
2021-11-21T01:59:30.887+09:00,user,IdeState,Active,11,Editor,C:/Users/user/IdeaProjects/11/src/com/fm/client/PlayerClient.java,PlayerClient::main,24,24,Default task
2021-11-21T01:59:31.897+09:00,user,IdeState,Active,11,Editor,C:/Users/user/IdeaProjects/11/src/com/fm/client/PlayerClient.java,PlayerClient::main,24,28,Default task
2021-11-21T01:59:32.912+09:00,user,IdeState,Active,11,Editor,C:/Users/user/IdeaProjects/11/src/com/fm/client/PlayerClient.java,PlayerClient::main,24,30,Default task
2021-11-21T01:59:33.922+09:00,user,IdeState,Active,11,Editor,C:/Users/user/IdeaProjects/11/src/com/fm/client/PlayerClient.java,PlayerClient::main,24,36,Default task
2021-11-21T01:59:34.924+09:00,user,IdeState,Active,11,Editor,C:/Users/user/IdeaProjects/11/src/com/fm/client/PlayerClient.java,PlayerClient::main,24,42,Default task
2021-11-21T01:59:35.928+09:00,user,IdeState,Active,11,Editor,C:/Users/user/IdeaProjects/11/src/com/fm/client/PlayerClient.java,PlayerClient::main,24,36,Default task
2021-11-21T01:59:36.939+09:00,user,IdeState,Active,11,Editor,C:/Users/user/IdeaProjects/11/src/com/fm/client/PlayerClient.java,PlayerClient::main,24,38,Default task
2021-11-21T01:59:37.949+09:00,user,IdeState,Active,11,Editor,C:/Users/user/IdeaProjects/11/src/com/fm/client/PlayerClient.java,PlayerClient::main,24,38,Default task
2021-11-21T01:59:38.965+09:00,user,IdeState,Active,11,Editor,C:/Users/user/IdeaProjects/11/src/com/fm/client/PlayerClient.java,PlayerClient::main,24,46,Default task
2021-11-21T01:59:39.978+09:00,user,IdeState,Active,11,Editor,C:/Users/user/IdeaProjects/11/src/com/fm/client/PlayerClient.java,PlayerClient::main,25,12,Default task
2021-11-21T01:59:40.981+09:00,user,IdeState,Active,11,Editor,C:/Users/user/IdeaProjects/11/src/com/fm/client/PlayerClient.java,PlayerClient::main,25,12,Default task
2021-11-21T01:59:41.995+09:00,user,IdeState,Active,11,Editor,C:/Users/user/IdeaProjects/11/src/com/fm/client/PlayerClient.java,PlayerClient::main,25,14,Default task
2021-11-21T01:59:43.009+09:00,user,IdeState,Active,11,Editor,C:/Users/user/IdeaProjects/11/src/com/fm/client/PlayerClient.java,PlayerClient::main,25,14,Default task
2021-11-21T01:59:44.021+09:00,user,IdeState,Active,11,Editor,C:/Users/user/IdeaProjects/11/src/com/fm/client/PlayerClient.java,PlayerClient::main,25,19,Default task
2021-11-21T01:59:45.036+09:00,user,IdeState,Active,11,Editor,C:/Users/user/IdeaProjects/11/src/com/fm/client/PlayerClient.java,PlayerClient::main,25,21,Default task
2021-11-21T01:59:46.050+09:00,user,IdeState,Active,11,Editor,C:/Users/user/IdeaProjects/11/src/com/fm/client/PlayerClient.java,PlayerClient::main,25,18,Default task
2021-11-21T01:59:47.051+09:00,user,IdeState,Active,11,Editor,C:/Users/user/IdeaProjects/11/src/com/fm/client/PlayerClient.java,PlayerClient::main,25,22,Default task
2021-11-21T01:59:48.066+09:00,user,IdeState,Active,11,Editor,C:/Users/user/IdeaProjects/11/src/com/fm/client/PlayerClient.java,PlayerClient::main,25,24,Default task
2021-11-21T01:59:49.072+09:00,user,IdeState,Active,11,Editor,C:/Users/user/IdeaProjects/11/src/com/fm/client/PlayerClient.java,PlayerClient::main,25,27,Default task
2021-11-21T01:59:50.075+09:00,user,IdeState,Active,11,Editor,C:/Users/user/IdeaProjects/11/src/com/fm/client/PlayerClient.java,PlayerClient::main,25,28,Default task
2021-11-21T01:59:51.089+09:00,user,IdeState,Active,11,Editor,C:/Users/user/IdeaProjects/11/src/com/fm/client/PlayerClient.java,PlayerClient::main,25,31,Default task
2021-11-21T01:59:52.105+09:00,user,IdeState,Active,11,Editor,C:/Users/user/IdeaProjects/11/src/com/fm/client/PlayerClient.java,PlayerClient::main,25,31,Default task
2021-11-21T01:59:53.131+09:00,user,IdeState,Active,11,Editor,C:/Users/user/IdeaProjects/11/src/com/fm/client/PlayerClient.java,PlayerClient::main,25,33,Default task
2021-11-21T01:59:54.143+09:00,user,IdeState,Active,11,Editor,C:/Users/user/IdeaProjects/11/src/com/fm/client/PlayerClient.java,PlayerClient::main,25,37,Default task
2021-11-21T01:59:55.156+09:00,user,IdeState,Active,11,Editor,C:/Users/user/IdeaProjects/11/src/com/fm/client/PlayerClient.java,PlayerClient::main,25,44,Default task
2021-11-21T01:59:56.171+09:00,user,IdeState,Active,11,Editor,C:/Users/user/IdeaProjects/11/src/com/fm/client/PlayerClient.java,PlayerClient::main,25,44,Default task
2021-11-21T01:59:57.188+09:00,user,IdeState,Active,11,Editor,C:/Users/user/IdeaProjects/11/src/com/fm/client/PlayerClient.java,PlayerClient::main,25,47,Default task
2021-11-21T01:59:58.202+09:00,user,IdeState,Active,11,Editor,C:/Users/user/IdeaProjects/11/src/com/fm/client/PlayerClient.java,PlayerClient::main,25,48,Default task
2021-11-21T01:59:59.206+09:00,user,IdeState,Active,11,Editor,C:/Users/user/IdeaProjects/11/src/com/fm/client/PlayerClient.java,PlayerClient::main,25,49,Default task
2021-11-21T02:00:00.215+09:00,user,IdeState,Active,11,Editor,C:/Users/user/IdeaProjects/11/src/com/fm/client/PlayerClient.java,PlayerClient::main,26,12,Default task
2021-11-21T02:00:01.230+09:00,user,IdeState,Active,11,Editor,C:/Users/user/IdeaProjects/11/src/com/fm/client/PlayerClient.java,PlayerClient::main,26,12,Default task
2021-11-21T02:00:02.243+09:00,user,IdeState,Active,11,Editor,C:/Users/user/IdeaProjects/11/src/com/fm/client/PlayerClient.java,PlayerClient::main,26,12,Default task
2021-11-21T02:00:03.244+09:00,user,IdeState,Active,11,Editor,C:/Users/user/IdeaProjects/11/src/com/fm/client/PlayerClient.java,PlayerClient::main,26,12,Default task
2021-11-21T02:00:04.254+09:00,user,IdeState,Active,11,Editor,C:/Users/user/IdeaProjects/11/src/com/fm/client/PlayerClient.java,PlayerClient::main,26,15,Default task
2021-11-21T02:00:05.269+09:00,user,IdeState,Active,11,Editor,C:/Users/user/IdeaProjects/11/src/com/fm/client/PlayerClient.java,PlayerClient::main,26,16,Default task
2021-11-21T02:00:06.276+09:00,user,IdeState,Active,11,Editor,C:/Users/user/IdeaProjects/11/src/com/fm/client/PlayerClient.java,PlayerClient::main,26,22,Default task
2021-11-21T02:00:07.290+09:00,user,IdeState,Active,11,Editor,C:/Users/user/IdeaProjects/11/src/com/fm/client/PlayerClient.java,PlayerClient::main,26,28,Default task
2021-11-21T02:00:08.298+09:00,user,IdeState,Active,11,Editor,C:/Users/user/IdeaProjects/11/src/com/fm/client/PlayerClient.java,PlayerClient::main,26,32,Default task
2021-11-21T02:00:09.313+09:00,user,IdeState,Active,11,Editor,C:/Users/user/IdeaProjects/11/src/com/fm/client/PlayerClient.java,PlayerClient::main,26,35,Default task
2021-11-21T02:00:10.322+09:00,user,IdeState,Active,11,Editor,C:/Users/user/IdeaProjects/11/src/com/fm/client/PlayerClient.java,PlayerClient::main,27,16,Default task
2021-11-21T02:00:11.338+09:00,user,IdeState,Active,11,Editor,C:/Users/user/IdeaProjects/11/src/com/fm/client/PlayerClient.java,PlayerClient::main,27,17,Default task
2021-11-21T02:00:12.349+09:00,user,IdeState,Active,11,Editor,C:/Users/user/IdeaProjects/11/src/com/fm/client/PlayerClient.java,PlayerClient::main,27,21,Default task
2021-11-21T02:00:13.370+09:00,user,IdeState,Active,11,Editor,C:/Users/user/IdeaProjects/11/src/com/fm/client/PlayerClient.java,PlayerClient::main,27,17,Default task
2021-11-21T02:00:14.391+09:00,user,IdeState,Active,11,Editor,C:/Users/user/IdeaProjects/11/src/com/fm/client/PlayerClient.java,PlayerClient::main,27,23,Default task
2021-11-21T02:00:15.400+09:00,user,IdeState,Active,11,Editor,C:/Users/user/IdeaProjects/11/src/com/fm/client/PlayerClient.java,PlayerClient::main,27,27,Default task
2021-11-21T02:00:16.415+09:00,user,IdeState,Active,11,Editor,C:/Users/user/IdeaProjects/11/src/com/fm/client/PlayerClient.java,PlayerClient::main,27,33,Default task
2021-11-21T02:00:17.428+09:00,user,IdeState,Active,11,Editor,C:/Users/user/IdeaProjects/11/src/com/fm/client/PlayerClient.java,PlayerClient::main,27,34,Default task
2021-11-21T02:00:18.470+09:00,user,IdeState,Active,11,Editor,C:/Users/user/IdeaProjects/11/src/com/fm/client/PlayerClient.java,PlayerClient::main,27,37,Default task
2021-11-21T02:00:19.472+09:00,user,IdeState,Active,11,Editor,C:/Users/user/IdeaProjects/11/src/com/fm/client/PlayerClient.java,PlayerClient::main,27,42,Default task
2021-11-21T02:00:20.485+09:00,user,IdeState,Active,11,Editor,C:/Users/user/IdeaProjects/11/src/com/fm/client/PlayerClient.java,PlayerClient::main,27,44,Default task
2021-11-21T02:00:21.488+09:00,user,IdeState,Active,11,Editor,C:/Users/user/IdeaProjects/11/src/com/fm/client/PlayerClient.java,PlayerClient::main,27,46,Default task
2021-11-21T02:00:22.501+09:00,user,IdeState,Active,11,Editor,C:/Users/user/IdeaProjects/11/src/com/fm/client/PlayerClient.java,PlayerClient::main,27,46,Default task
2021-11-21T02:00:23.517+09:00,user,IdeState,Active,11,Editor,C:/Users/user/IdeaProjects/11/src/com/fm/client/PlayerClient.java,PlayerClient::main,27,47,Default task
2021-11-21T02:00:24.522+09:00,user,IdeState,Active,11,Editor,C:/Users/user/IdeaProjects/11/src/com/fm/client/PlayerClient.java,PlayerClient::main,27,48,Default task
2021-11-21T02:00:25.523+09:00,user,IdeState,Active,11,Editor,C:/Users/user/IdeaProjects/11/src/com/fm/client/PlayerClient.java,PlayerClient::main,27,50,Default task
2021-11-21T02:00:26.538+09:00,user,IdeState,Active,11,Editor,C:/Users/user/IdeaProjects/11/src/com/fm/client/PlayerClient.java,PlayerClient::main,27,50,Default task
2021-11-21T02:00:27.586+09:00,user,IdeState,Active,11,Editor,C:/Users/user/IdeaProjects/11/src/com/fm/client/PlayerClient.java,PlayerClient::main,27,52,Default task
2021-11-21T02:00:28.602+09:00,user,IdeState,Active,11,Editor,C:/Users/user/IdeaProjects/11/src/com/fm/client/PlayerClient.java,PlayerClient::main,27,57,Default task
2021-11-21T02:00:29.616+09:00,user,IdeState,Active,11,Editor,C:/Users/user/IdeaProjects/11/src/com/fm/client/PlayerClient.java,PlayerClient::main,27,58,Default task
2021-11-21T02:00:30.628+09:00,user,IdeState,Active,11,Editor,C:/Users/user/IdeaProjects/11/src/com/fm/client/PlayerClient.java,PlayerClient::main,27,60,Default task
2021-11-21T02:00:31.644+09:00,user,IdeState,Active,11,Editor,C:/Users/user/IdeaProjects/11/src/com/fm/client/PlayerClient.java,PlayerClient::main,27,60,Default task
2021-11-21T02:00:32.654+09:00,user,IdeState,Active,11,Editor,C:/Users/user/IdeaProjects/11/src/com/fm/client/PlayerClient.java,PlayerClient::main,27,61,Default task
2021-11-21T02:00:33.670+09:00,user,IdeState,Active,11,Editor,C:/Users/user/IdeaProjects/11/src/com/fm/client/PlayerClient.java,PlayerClient::main,27,61,Default task
2021-11-21T02:00:34.679+09:00,user,IdeState,Active,11,Editor,C:/Users/user/IdeaProjects/11/src/com/fm/client/PlayerClient.java,PlayerClient::main,28,15,Default task
2021-11-21T02:00:35.693+09:00,user,IdeState,Active,11,Editor,C:/Users/user/IdeaProjects/11/src/com/fm/client/PlayerClient.java,PlayerClient::main,28,20,Default task
2021-11-21T02:00:36.695+09:00,user,IdeState,Active,11,Editor,C:/Users/user/IdeaProjects/11/src/com/fm/client/PlayerClient.java,PlayerClient::main,28,22,Default task
2021-11-21T02:00:37.724+09:00,user,IdeState,Active,11,Editor,C:/Users/user/IdeaProjects/11/src/com/fm/client/PlayerClient.java,PlayerClient::main,28,28,Default task
2021-11-21T02:00:38.738+09:00,user,IdeState,Active,11,Editor,C:/Users/user/IdeaProjects/11/src/com/fm/client/PlayerClient.java,PlayerClient::main,28,35,Default task
2021-11-21T02:00:39.753+09:00,user,IdeState,Active,11,Editor,C:/Users/user/IdeaProjects/11/src/com/fm/client/PlayerClient.java,PlayerClient::main,28,40,Default task
2021-11-21T02:00:40.762+09:00,user,IdeState,Active,11,Editor,C:/Users/user/IdeaProjects/11/src/com/fm/client/PlayerClient.java,PlayerClient::main,28,40,Default task
2021-11-21T02:00:41.776+09:00,user,IdeState,Active,11,Editor,C:/Users/user/IdeaProjects/11/src/com/fm/client/PlayerClient.java,PlayerClient::main,29,16,Default task
2021-11-21T02:00:42.789+09:00,user,IdeState,Active,11,Editor,C:/Users/user/IdeaProjects/11/src/com/fm/client/PlayerClient.java,PlayerClient::main,29,16,Default task
2021-11-21T02:00:43.812+09:00,user,IdeState,Active,11,Editor,C:/Users/user/IdeaProjects/11/src/com/fm/client/PlayerClient.java,PlayerClient::main,29,16,Default task
2021-11-21T02:00:44.829+09:00,user,IdeState,Active,11,Editor,C:/Users/user/IdeaProjects/11/src/com/fm/client/PlayerClient.java,PlayerClient::main,29,16,Default task
2021-11-21T02:00:45.845+09:00,user,IdeState,Active,11,Editor,C:/Users/user/IdeaProjects/11/src/com/fm/client/PlayerClient.java,PlayerClient::main,27,34,Default task
2021-11-21T02:00:46.851+09:00,user,IdeState,Active,11,Editor,C:/Users/user/IdeaProjects/11/src/com/fm/client/PlayerClient.java,PlayerClient::main,27,16,Default task
2021-11-21T02:00:47.863+09:00,user,IdeState,Active,11,Editor,C:/Users/user/IdeaProjects/11/src/com/fm/client/PlayerClient.java,PlayerClient::main,27,16,Default task
2021-11-21T02:00:48.875+09:00,user,IdeState,Active,11,Editor,C:/Users/user/IdeaProjects/11/src/com/fm/client/PlayerClient.java,PlayerClient::main,29,61,Default task
2021-11-21T02:00:49.891+09:00,user,IdeState,Active,11,Editor,C:/Users/user/IdeaProjects/11/src/com/fm/client/PlayerClient.java,PlayerClient::main,29,61,Default task
2021-11-21T02:00:50.916+09:00,user,IdeState,Active,11,Editor,C:/Users/user/IdeaProjects/11/src/com/fm/client/PlayerClient.java,PlayerClient::main,29,61,Default task
2021-11-21T02:00:51.927+09:00,user,IdeState,Active,11,Editor,C:/Users/user/IdeaProjects/11/src/com/fm/client/PlayerClient.java,PlayerClient::main,29,62,Default task
2021-11-21T02:00:52.940+09:00,user,IdeState,Active,11,Editor,C:/Users/user/IdeaProjects/11/src/com/fm/client/PlayerClient.java,PlayerClient::main,29,63,Default task
2021-11-21T02:00:53.969+09:00,user,IdeState,Active,11,Editor,C:/Users/user/IdeaProjects/11/src/com/fm/client/PlayerClient.java,PlayerClient::main,29,65,Default task
2021-11-21T02:00:54.982+09:00,user,IdeState,Active,11,Editor,C:/Users/user/IdeaProjects/11/src/com/fm/client/PlayerClient.java,PlayerClient::main,29,65,Default task
2021-11-21T02:00:55.984+09:00,user,IdeState,Active,11,Editor,C:/Users/user/IdeaProjects/11/src/com/fm/client/PlayerClient.java,PlayerClient::main,29,37,Default task
2021-11-21T02:00:57.000+09:00,user,IdeState,Active,11,Editor,C:/Users/user/IdeaProjects/11/src/com/fm/client/PlayerClient.java,PlayerClient::main,29,36,Default task
2021-11-21T02:00:58.011+09:00,user,IdeState,Active,11,Editor,C:/Users/user/IdeaProjects/11/src/com/fm/client/PlayerClient.java,PlayerClient::main,29,36,Default task
2021-11-21T02:00:59.020+09:00,user,IdeState,Active,11,Editor,C:/Users/user/IdeaProjects/11/src/com/fm/client/PlayerClient.java,PlayerClient::main,29,89,Default task
2021-11-21T02:01:00.034+09:00,user,IdeState,Active,11,Editor,C:/Users/user/IdeaProjects/11/src/com/fm/client/PlayerClient.java,PlayerClient::main,29,65,Default task
2021-11-21T02:01:01.045+09:00,user,IdeState,Active,11,Editor,C:/Users/user/IdeaProjects/11/src/com/fm/client/PlayerClient.java,PlayerClient::main,29,66,Default task
2021-11-21T02:01:02.053+09:00,user,IdeState,Active,11,Editor,C:/Users/user/IdeaProjects/11/src/com/fm/client/PlayerClient.java,PlayerClient::main,29,74,Default task
2021-11-21T02:01:03.066+09:00,user,IdeState,Active,11,Editor,C:/Users/user/IdeaProjects/11/src/com/fm/client/PlayerClient.java,PlayerClient::main,29,74,Default task
2021-11-21T02:01:04.070+09:00,user,IdeState,Active,11,Editor,C:/Users/user/IdeaProjects/11/src/com/fm/client/PlayerClient.java,PlayerClient::main,29,89,Default task
2021-11-21T02:01:05.080+09:00,user,IdeState,Active,11,Editor,C:/Users/user/IdeaProjects/11/src/com/fm/client/PlayerClient.java,PlayerClient::main,29,90,Default task
2021-11-21T02:01:06.094+09:00,user,IdeState,Active,11,Editor,C:/Users/user/IdeaProjects/11/src/com/fm/client/PlayerClient.java,PlayerClient::main,29,91,Default task
2021-11-21T02:01:07.104+09:00,user,IdeState,Active,11,Editor,C:/Users/user/IdeaProjects/11/src/com/fm/client/PlayerClient.java,PlayerClient::main,30,16,Default task
2021-11-21T02:01:08.115+09:00,user,IdeState,Active,11,Editor,C:/Users/user/IdeaProjects/11/src/com/fm/client/PlayerClient.java,PlayerClient::main,30,20,Default task
2021-11-21T02:01:09.128+09:00,user,IdeState,Active,11,Editor,C:/Users/user/IdeaProjects/11/src/com/fm/client/PlayerClient.java,PlayerClient::main,30,22,Default task
2021-11-21T02:01:10.143+09:00,user,IdeState,Active,11,Editor,C:/Users/user/IdeaProjects/11/src/com/fm/client/PlayerClient.java,PlayerClient::main,30,28,Default task
2021-11-21T02:01:11.155+09:00,user,IdeState,Active,11,Editor,C:/Users/user/IdeaProjects/11/src/com/fm/client/PlayerClient.java,PlayerClient::main,30,38,Default task
2021-11-21T02:01:12.163+09:00,user,IdeState,Active,11,Editor,C:/Users/user/IdeaProjects/11/src/com/fm/client/PlayerClient.java,PlayerClient::main,30,40,Default task
2021-11-21T02:01:13.177+09:00,user,IdeState,Active,11,Editor,C:/Users/user/IdeaProjects/11/src/com/fm/client/PlayerClient.java,PlayerClient::main,31,16,Default task
2021-11-21T02:01:14.189+09:00,user,IdeState,Active,11,Editor,C:/Users/user/IdeaProjects/11/src/com/fm/client/PlayerClient.java,PlayerClient::main,31,16,Default task
2021-11-21T02:01:15.199+09:00,user,IdeState,Active,11,Editor,C:/Users/user/IdeaProjects/11/src/com/fm/client/PlayerClient.java,PlayerClient::main,29,88,Default task
2021-11-21T02:01:16.209+09:00,user,IdeState,Active,11,Editor,C:/Users/user/IdeaProjects/11/src/com/fm/client/PlayerClient.java,PlayerClient::main,29,13,Default task
2021-11-21T02:01:17.219+09:00,user,IdeState,Active,11,Editor,C:/Users/user/IdeaProjects/11/src/com/fm/client/PlayerClient.java,PlayerClient::main,29,16,Default task
2021-11-21T02:01:18.234+09:00,user,IdeState,Active,11,Editor,C:/Users/user/IdeaProjects/11/src/com/fm/client/PlayerClient.java,PlayerClient::main,31,16,Default task
2021-11-21T02:01:19.244+09:00,user,IdeState,Active,11,Editor,C:/Users/user/IdeaProjects/11/src/com/fm/client/PlayerClient.java,PlayerClient::main,31,91,Default task
2021-11-21T02:01:20.255+09:00,user,IdeState,Active,11,Editor,C:/Users/user/IdeaProjects/11/src/com/fm/client/PlayerClient.java,PlayerClient::main,31,91,Default task
2021-11-21T02:01:21.259+09:00,user,IdeState,Active,11,Editor,C:/Users/user/IdeaProjects/11/src/com/fm/client/PlayerClient.java,PlayerClient::main,31,79,Default task
2021-11-21T02:01:22.274+09:00,user,IdeState,Active,11,Editor,C:/Users/user/IdeaProjects/11/src/com/fm/client/PlayerClient.java,PlayerClient::main,31,62,Default task
2021-11-21T02:01:23.286+09:00,user,IdeState,Active,11,Editor,C:/Users/user/IdeaProjects/11/src/com/fm/client/PlayerClient.java,PlayerClient::main,31,61,Default task
2021-11-21T02:01:24.297+09:00,user,IdeState,Active,11,Editor,C:/Users/user/IdeaProjects/11/src/com/fm/client/PlayerClient.java,PlayerClient::main,31,60,Default task
2021-11-21T02:01:25.313+09:00,user,IdeState,Active,11,Editor,C:/Users/user/IdeaProjects/11/src/com/fm/client/PlayerClient.java,PlayerClient::main,32,13,Default task
2021-11-21T02:01:26.327+09:00,user,IdeState,Active,11,Editor,C:/Users/user/IdeaProjects/11/src/com/fm/client/PlayerClient.java,PlayerClient::main,31,120,Default task
2021-11-21T02:01:27.343+09:00,user,IdeState,Active,11,Editor,C:/Users/user/IdeaProjects/11/src/com/fm/client/PlayerClient.java,PlayerClient::main,31,120,Default task
2021-11-21T02:01:28.346+09:00,user,IdeState,Active,11,Editor,C:/Users/user/IdeaProjects/11/src/com/fm/client/PlayerClient.java,PlayerClient::main,31,103,Default task
2021-11-21T02:01:29.359+09:00,user,IdeState,Active,11,Editor,C:/Users/user/IdeaProjects/11/src/com/fm/client/PlayerClient.java,PlayerClient::main,31,104,Default task
2021-11-21T02:01:30.377+09:00,user,IdeState,Active,11,Editor,C:/Users/user/IdeaProjects/11/src/com/fm/client/PlayerClient.java,PlayerClient::main,31,119,Default task
2021-11-21T02:01:31.389+09:00,user,IdeState,Active,11,Editor,C:/Users/user/IdeaProjects/11/src/com/fm/client/PlayerClient.java,PlayerClient::main,33,9,Default task
2021-11-21T02:01:32.407+09:00,user,IdeState,Active,11,Editor,C:/Users/user/IdeaProjects/11/src/com/fm/client/PlayerClient.java,PlayerClient::main,33,9,Default task
2021-11-21T02:01:33.410+09:00,user,IdeState,Active,11,Editor,C:/Users/user/IdeaProjects/11/src/com/fm/client/PlayerClient.java,PlayerClient::main,33,9,Default task
2021-11-21T02:01:34.423+09:00,user,IdeState,Active,11,Editor,C:/Users/user/IdeaProjects/11/src/com/fm/client/PlayerClient.java,PlayerClient::main,33,9,Default task
2021-11-21T02:01:35.433+09:00,user,IdeState,Active,11,Editor,C:/Users/user/IdeaProjects/11/src/com/fm/client/PlayerClient.java,PlayerClient::main,33,9,Default task
2021-11-21T02:01:36.449+09:00,user,IdeState,Active,11,Editor,C:/Users/user/IdeaProjects/11/src/com/fm/client/PlayerClient.java,PlayerClient::main,32,17,Default task
2021-11-21T02:01:37.459+09:00,user,IdeState,Active,11,Editor,C:/Users/user/IdeaProjects/11/src/com/fm/client/PlayerClient.java,PlayerClient::main,32,18,Default task
2021-11-21T02:01:38.484+09:00,user,IdeState,Active,11,Editor,C:/Users/user/IdeaProjects/11/src/com/fm/client/PlayerClient.java,PlayerClient::main,33,16,Default task
2021-11-21T02:01:39.496+09:00,user,IdeState,Active,11,Editor,C:/Users/user/IdeaProjects/11/src/com/fm/client/PlayerClient.java,PlayerClient::main,33,16,Default task
2021-11-21T02:01:40.513+09:00,user,IdeState,Active,11,Editor,C:/Users/user/IdeaProjects/11/src/com/fm/client/PlayerClient.java,PlayerClient::main,31,99,Default task
2021-11-21T02:01:41.529+09:00,user,IdeState,Active,11,Editor,C:/Users/user/IdeaProjects/11/src/com/fm/client/PlayerClient.java,PlayerClient::main,31,106,Default task
2021-11-21T02:01:42.541+09:00,user,IdeState,Active,11,Editor,C:/Users/user/IdeaProjects/11/src/com/fm/client/PlayerClient.java,PlayerClient::main,31,117,Default task
2021-11-21T02:01:43.556+09:00,user,IdeState,Active,11,Editor,C:/Users/user/IdeaProjects/11/src/com/fm/client/PlayerClient.java,PlayerClient::main,30,41,Default task
2021-11-21T02:01:44.568+09:00,user,IdeState,Active,11,Editor,C:/Users/user/IdeaProjects/11/src/com/fm/client/PlayerClient.java,PlayerClient::main,33,16,Default task
2021-11-21T02:01:45.580+09:00,user,IdeState,Active,11,Editor,C:/Users/user/IdeaProjects/11/src/com/fm/client/PlayerClient.java,PlayerClient::main,31,114,Default task
2021-11-21T02:01:46.591+09:00,user,IdeState,Active,11,Editor,C:/Users/user/IdeaProjects/11/src/com/fm/client/PlayerClient.java,PlayerClient::main,31,16,Default task
2021-11-21T02:01:47.598+09:00,user,IdeState,Active,11,Editor,C:/Users/user/IdeaProjects/11/src/com/fm/client/PlayerClient.java,PlayerClient::main,31,16,Default task
2021-11-21T02:01:48.610+09:00,user,IdeState,Active,11,Editor,C:/Users/user/IdeaProjects/11/src/com/fm/client/PlayerClient.java,PlayerClient::main,33,16,Default task
2021-11-21T02:01:49.621+09:00,user,IdeState,Active,11,Editor,C:/Users/user/IdeaProjects/11/src/com/fm/client/PlayerClient.java,PlayerClient::main,33,121,Default task
2021-11-21T02:01:50.636+09:00,user,IdeState,Active,11,Editor,C:/Users/user/IdeaProjects/11/src/com/fm/client/PlayerClient.java,PlayerClient::main,33,121,Default task
2021-11-21T02:01:51.651+09:00,user,IdeState,Active,11,Editor,C:/Users/user/IdeaProjects/11/src/com/fm/client/PlayerClient.java,PlayerClient::main,33,91,Default task
2021-11-21T02:01:52.666+09:00,user,IdeState,Active,11,Editor,C:/Users/user/IdeaProjects/11/src/com/fm/client/PlayerClient.java,PlayerClient::main,33,90,Default task
2021-11-21T02:01:53.679+09:00,user,IdeState,Active,11,Editor,C:/Users/user/IdeaProjects/11/src/com/fm/client/PlayerClient.java,PlayerClient::main,33,90,Default task
2021-11-21T02:01:54.694+09:00,user,IdeState,Active,11,Editor,C:/Users/user/IdeaProjects/11/src/com/fm/client/PlayerClient.java,PlayerClient::main,33,90,Default task
2021-11-21T02:01:55.701+09:00,user,IdeState,Active,11,Editor,C:/Users/user/IdeaProjects/11/src/com/fm/client/PlayerClient.java,PlayerClient::main,33,120,Default task
2021-11-21T02:01:56.716+09:00,user,IdeState,Active,11,Editor,C:/Users/user/IdeaProjects/11/src/com/fm/client/PlayerClient.java,PlayerClient::main,34,16,Default task
2021-11-21T02:01:57.730+09:00,user,IdeState,Active,11,Editor,C:/Users/user/IdeaProjects/11/src/com/fm/client/PlayerClient.java,PlayerClient::main,34,54,Default task
2021-11-21T02:01:58.744+09:00,user,IdeState,Active,11,Editor,C:/Users/user/IdeaProjects/11/src/com/fm/client/PlayerClient.java,PlayerClient::main,34,54,Default task
2021-11-21T02:01:59.751+09:00,user,IdeState,Active,11,Editor,C:/Users/user/IdeaProjects/11/src/com/fm/client/PlayerClient.java,PlayerClient::main,34,38,Default task
2021-11-21T02:02:00.764+09:00,user,IdeState,Active,11,Editor,C:/Users/user/IdeaProjects/11/src/com/fm/client/PlayerClient.java,PlayerClient::main,34,38,Default task
2021-11-21T02:02:01.774+09:00,user,IdeState,Active,11,Editor,C:/Users/user/IdeaProjects/11/src/com/fm/client/PlayerClient.java,PlayerClient::main,34,38,Default task
2021-11-21T02:02:02.790+09:00,user,IdeState,Active,11,Editor,C:/Users/user/IdeaProjects/11/src/com/fm/client/PlayerClient.java,PlayerClient::main,34,52,Default task
2021-11-21T02:02:03.798+09:00,user,IdeState,Active,11,Editor,C:/Users/user/IdeaProjects/11/src/com/fm/client/PlayerClient.java,PlayerClient::main,34,55,Default task
2021-11-21T02:02:04.810+09:00,user,IdeState,Active,11,Editor,C:/Users/user/IdeaProjects/11/src/com/fm/client/PlayerClient.java,PlayerClient::main,34,55,Default task
2021-11-21T02:02:05.826+09:00,user,IdeState,Active,11,Editor,C:/Users/user/IdeaProjects/11/src/com/fm/client/PlayerClient.java,PlayerClient::main,35,13,Default task
2021-11-21T02:02:06.837+09:00,user,IdeState,Active,11,Editor,C:/Users/user/IdeaProjects/11/src/com/fm/client/PlayerClient.java,PlayerClient::main,35,11,Default task
2021-11-21T02:02:07.839+09:00,user,IdeState,Active,11,Editor,C:/Users/user/IdeaProjects/11/src/com/fm/client/PlayerClient.java,PlayerClient::main,36,9,Default task
2021-11-21T02:02:08.850+09:00,user,IdeState,Active,11,Editor,C:/Users/user/IdeaProjects/11/src/com/fm/client/PlayerClient.java,PlayerClient::main,36,9,Default task
2021-11-21T02:02:09.854+09:00,user,IdeState,Active,11,Editor,C:/Users/user/IdeaProjects/11/src/com/fm/client/PlayerClient.java,PlayerClient::main,36,9,Default task
2021-11-21T02:02:10.868+09:00,user,IdeState,Active,11,Editor,C:/Users/user/IdeaProjects/11/src/com/fm/client/PlayerClient.java,PlayerClient::main,37,10,Default task
2021-11-21T02:02:11.943+09:00,user,IdeState,Active,11,Editor,C:/Users/user/IdeaProjects/11/src/com/fm/client/PlayerClient.java,PlayerClient::main,37,17,Default task
2021-11-21T02:02:12.956+09:00,user,IdeState,Active,11,Editor,C:/Users/user/IdeaProjects/11/src/com/fm/client/PlayerClient.java,PlayerClient::main,37,24,Default task
2021-11-21T02:02:13.956+09:00,user,IdeState,Active,11,Editor,C:/Users/user/IdeaProjects/11/src/com/fm/client/PlayerClient.java,PlayerClient::main,37,24,Default task
2021-11-21T02:02:14.958+09:00,user,IdeState,Active,11,Editor,C:/Users/user/IdeaProjects/11/src/com/fm/client/PlayerClient.java,PlayerClient::main,39,11,Default task
2021-11-21T02:02:15.973+09:00,user,IdeState,Active,11,Editor,C:/Users/user/IdeaProjects/11/src/com/fm/client/PlayerClient.java,PlayerClient::main,39,11,Default task
2021-11-21T02:02:16.987+09:00,user,IdeState,Active,11,Editor,C:/Users/user/IdeaProjects/11/src/com/fm/client/PlayerClient.java,PlayerClient::main,38,8,Default task
2021-11-21T02:02:18.000+09:00,user,IdeState,Active,11,Editor,C:/Users/user/IdeaProjects/11/src/com/fm/client/PlayerClient.java,PlayerClient::main,38,8,Default task
2021-11-21T02:02:19.014+09:00,user,IdeState,Active,11,Editor,C:/Users/user/IdeaProjects/11/src/com/fm/client/PlayerClient.java,PlayerClient::main,38,8,Default task
2021-11-21T02:02:20.029+09:00,user,IdeState,Active,11,Editor,C:/Users/user/IdeaProjects/11/src/com/fm/client/PlayerClient.java,PlayerClient::main,38,8,Default task
2021-11-21T02:02:21.043+09:00,user,IdeState,Active,11,Editor,C:/Users/user/IdeaProjects/11/src/com/fm/client/PlayerClient.java,PlayerClient::main,38,9,Default task
2021-11-21T02:02:22.053+09:00,user,IdeState,Active,11,Editor,C:/Users/user/IdeaProjects/11/src/com/fm/client/PlayerClient.java,PlayerClient::main,39,8,Default task
2021-11-21T02:02:23.054+09:00,user,IdeState,Active,11,Editor,C:/Users/user/IdeaProjects/11/src/com/fm/client/PlayerClient.java,PlayerClient::main,39,8,Default task
2021-11-21T02:02:24.062+09:00,user,IdeState,Active,11,Editor,C:/Users/user/IdeaProjects/11/src/com/fm/client/PlayerClient.java,PlayerClient::main,20,8,Default task
2021-11-21T02:02:25.075+09:00,user,IdeState,Active,11,Editor,C:/Users/user/IdeaProjects/11/src/com/fm/client/PlayerClient.java,PlayerClient::main,20,15,Default task
2021-11-21T02:02:26.091+09:00,user,IdeState,Active,11,Editor,C:/Users/user/IdeaProjects/11/src/com/fm/client/PlayerClient.java,PlayerClient::main,20,18,Default task
2021-11-21T02:02:27.102+09:00,user,IdeState,Active,11,Editor,C:/Users/user/IdeaProjects/11/src/com/fm/client/PlayerClient.java,PlayerClient::main,20,21,Default task
2021-11-21T02:02:28.113+09:00,user,IdeState,Active,11,Editor,C:/Users/user/IdeaProjects/11/src/com/fm/client/PlayerClient.java,PlayerClient::main,20,22,Default task
2021-11-21T02:02:29.125+09:00,user,IdeState,Active,11,Editor,C:/Users/user/IdeaProjects/11/src/com/fm/client/PlayerClient.java,PlayerClient::main,20,22,Default task
2021-11-21T02:02:30.130+09:00,user,IdeState,Active,11,Editor,C:/Users/user/IdeaProjects/11/src/com/fm/client/PlayerClient.java,PlayerClient::main,20,24,Default task
2021-11-21T02:02:31.147+09:00,user,IdeState,Active,11,Editor,C:/Users/user/IdeaProjects/11/src/com/fm/client/PlayerClient.java,PlayerClient::main,40,8,Default task
2021-11-21T02:02:32.156+09:00,user,IdeState,Active,11,Editor,C:/Users/user/IdeaProjects/11/src/com/fm/client/PlayerClient.java,PlayerClient::main,39,8,Default task
2021-11-21T02:02:33.170+09:00,user,IdeState,Active,11,Editor,C:/Users/user/IdeaProjects/11/src/com/fm/client/PlayerClient.java,PlayerClient::main,39,9,Default task
2021-11-21T02:02:34.179+09:00,user,IdeState,Active,11,Editor,C:/Users/user/IdeaProjects/11/src/com/fm/client/PlayerClient.java,PlayerClient::main,39,11,Default task
2021-11-21T02:02:35.189+09:00,user,IdeState,Active,11,Editor,C:/Users/user/IdeaProjects/11/src/com/fm/client/PlayerClient.java,PlayerClient::main,39,14,Default task
2021-11-21T02:02:36.197+09:00,user,IdeState,Active,11,Editor,C:/Users/user/IdeaProjects/11/src/com/fm/client/PlayerClient.java,PlayerClient::main,39,21,Default task
2021-11-21T02:02:37.199+09:00,user,IdeState,Active,11,Editor,C:/Users/user/IdeaProjects/11/src/com/fm/client/PlayerClient.java,PlayerClient::main,39,22,Default task
2021-11-21T02:02:38.217+09:00,user,IdeState,Active,11,Editor,C:/Users/user/IdeaProjects/11/src/com/fm/client/PlayerClient.java,PlayerClient::main,39,22,Default task
2021-11-21T02:02:39.221+09:00,user,IdeState,Active,11,Editor,C:/Users/user/IdeaProjects/11/src/com/fm/client/PlayerClient.java,PlayerClient::main,39,22,Default task
2021-11-21T02:02:40.234+09:00,user,IdeState,Active,11,Editor,C:/Users/user/IdeaProjects/11/src/com/fm/client/PlayerClient.java,PlayerClient::main,41,8,Default task
2021-11-21T02:02:41.250+09:00,user,IdeState,Active,11,Editor,C:/Users/user/IdeaProjects/11/src/com/fm/client/PlayerClient.java,PlayerClient::main,39,8,Default task
2021-11-21T02:02:42.262+09:00,user,IdeState,Active,11,Editor,C:/Users/user/IdeaProjects/11/src/com/fm/client/PlayerClient.java,PlayerClient::main,42,8,Default task
2021-11-21T02:02:43.277+09:00,user,IdeState,Active,11,Editor,C:/Users/user/IdeaProjects/11/src/com/fm/client/PlayerClient.java,PlayerClient::main,42,8,Default task
2021-11-21T02:02:44.291+09:00,user,IdeState,Active,11,Editor,C:/Users/user/IdeaProjects/11/src/com/fm/client/PlayerClient.java,PlayerClient::main,42,9,Default task
2021-11-21T02:02:45.312+09:00,user,IdeState,Active,11,Editor,C:/Users/user/IdeaProjects/11/src/com/fm/client/PlayerClient.java,PlayerClient::main,42,21,Default task
2021-11-21T02:02:46.323+09:00,user,IdeState,Active,11,Editor,C:/Users/user/IdeaProjects/11/src/com/fm/client/PlayerClient.java,PlayerClient::main,42,21,Default task
2021-11-21T02:02:47.324+09:00,user,IdeState,Active,11,Editor,C:/Users/user/IdeaProjects/11/src/com/fm/client/PlayerClient.java,PlayerClient::main,42,21,Default task
2021-11-21T02:02:48.339+09:00,user,IdeState,Active,11,Editor,C:/Users/user/IdeaProjects/11/src/com/fm/client/PlayerClient.java,PlayerClient::main,42,22,Default task
2021-11-21T02:02:49.355+09:00,user,IdeState,Active,11,Editor,C:/Users/user/IdeaProjects/11/src/com/fm/client/PlayerClient.java,PlayerClient::main,42,30,Default task
2021-11-21T02:02:50.365+09:00,user,IdeState,Active,11,Editor,C:/Users/user/IdeaProjects/11/src/com/fm/client/PlayerClient.java,PlayerClient::main,42,32,Default task
2021-11-21T02:02:51.381+09:00,user,IdeState,Active,11,Editor,C:/Users/user/IdeaProjects/11/src/com/fm/client/PlayerClient.java,PlayerClient::main,42,47,Default task
2021-11-21T02:02:52.401+09:00,user,IdeState,Active,11,Editor,C:/Users/user/IdeaProjects/11/src/com/fm/client/PlayerClient.java,PlayerClient::main,42,49,Default task
2021-11-21T02:02:53.409+09:00,user,IdeState,Active,11,Editor,C:/Users/user/IdeaProjects/11/src/com/fm/client/PlayerClient.java,PlayerClient::main,43,8,Default task
2021-11-21T02:02:54.420+09:00,user,IdeState,Active,11,Editor,C:/Users/user/IdeaProjects/11/src/com/fm/client/PlayerClient.java,PlayerClient::main,44,9,Default task
2021-11-21T02:02:55.432+09:00,user,IdeState,Active,11,Editor,C:/Users/user/IdeaProjects/11/src/com/fm/client/PlayerClient.java,PlayerClient::main,44,10,Default task
2021-11-21T02:02:56.443+09:00,user,IdeState,Active,11,Editor,C:/Users/user/IdeaProjects/11/src/com/fm/client/PlayerClient.java,PlayerClient::main,44,11,Default task
2021-11-21T02:02:57.457+09:00,user,IdeState,Active,11,Editor,C:/Users/user/IdeaProjects/11/src/com/fm/client/PlayerClient.java,PlayerClient::main,44,9,Default task
2021-11-21T02:02:58.467+09:00,user,IdeState,Active,11,Editor,C:/Users/user/IdeaProjects/11/src/com/fm/client/PlayerClient.java,PlayerClient::main,44,11,Default task
2021-11-21T02:02:59.481+09:00,user,IdeState,Active,11,Editor,C:/Users/user/IdeaProjects/11/src/com/fm/client/PlayerClient.java,PlayerClient::main,45,12,Default task
2021-11-21T02:03:00.495+09:00,user,IdeState,Active,11,Editor,C:/Users/user/IdeaProjects/11/src/com/fm/client/PlayerClient.java,PlayerClient::main,45,12,Default task
2021-11-21T02:03:01.509+09:00,user,IdeState,Active,11,Editor,C:/Users/user/IdeaProjects/11/src/com/fm/client/PlayerClient.java,PlayerClient::main,45,13,Default task
2021-11-21T02:03:02.523+09:00,user,IdeState,Active,11,Editor,C:/Users/user/IdeaProjects/11/src/com/fm/client/PlayerClient.java,PlayerClient::main,45,22,Default task
2021-11-21T02:03:03.536+09:00,user,IdeState,Active,11,Editor,C:/Users/user/IdeaProjects/11/src/com/fm/client/PlayerClient.java,PlayerClient::main,45,29,Default task
2021-11-21T02:03:04.551+09:00,user,IdeState,Active,11,Editor,C:/Users/user/IdeaProjects/11/src/com/fm/client/PlayerClient.java,PlayerClient::main,45,32,Default task
2021-11-21T02:03:05.567+09:00,user,IdeState,Active,11,Editor,C:/Users/user/IdeaProjects/11/src/com/fm/client/PlayerClient.java,PlayerClient::main,45,33,Default task
2021-11-21T02:03:06.580+09:00,user,IdeState,Active,11,Editor,C:/Users/user/IdeaProjects/11/src/com/fm/client/PlayerClient.java,PlayerClient::main,45,33,Default task
2021-11-21T02:03:07.593+09:00,user,IdeState,Active,11,Editor,C:/Users/user/IdeaProjects/11/src/com/fm/client/PlayerClient.java,PlayerClient::main,45,42,Default task
2021-11-21T02:03:08.595+09:00,user,IdeState,Active,11,Editor,C:/Users/user/IdeaProjects/11/src/com/fm/client/PlayerClient.java,PlayerClient::main,45,43,Default task
2021-11-21T02:03:09.609+09:00,user,IdeState,Active,11,Editor,C:/Users/user/IdeaProjects/11/src/com/fm/client/PlayerClient.java,PlayerClient::main,45,43,Default task
2021-11-21T02:03:10.618+09:00,user,IdeState,Active,11,Editor,C:/Users/user/IdeaProjects/11/src/com/fm/client/PlayerClient.java,PlayerClient::main,45,58,Default task
2021-11-21T02:03:11.625+09:00,user,IdeState,Active,11,Editor,C:/Users/user/IdeaProjects/11/src/com/fm/client/PlayerClient.java,PlayerClient::main,45,53,Default task
2021-11-21T02:03:12.630+09:00,user,IdeState,Active,11,Editor,C:/Users/user/IdeaProjects/11/src/com/fm/client/PlayerClient.java,PlayerClient::main,45,43,Default task
2021-11-21T02:03:13.644+09:00,user,IdeState,Active,11,Editor,C:/Users/user/IdeaProjects/11/src/com/fm/client/PlayerClient.java,PlayerClient::main,45,43,Default task
2021-11-21T02:03:14.658+09:00,user,IdeState,Active,11,Editor,C:/Users/user/IdeaProjects/11/src/com/fm/client/PlayerClient.java,PlayerClient::main,45,43,Default task
2021-11-21T02:03:15.673+09:00,user,IdeState,Active,11,Editor,C:/Users/user/IdeaProjects/11/src/com/fm/client/PlayerClient.java,PlayerClient::main,45,55,Default task
2021-11-21T02:03:16.679+09:00,user,IdeState,Active,11,Editor,C:/Users/user/IdeaProjects/11/src/com/fm/client/PlayerClient.java,PlayerClient::main,45,56,Default task
2021-11-21T02:03:17.688+09:00,user,IdeState,Active,11,Editor,C:/Users/user/IdeaProjects/11/src/com/fm/client/PlayerClient.java,PlayerClient::main,45,59,Default task
2021-11-21T02:03:18.703+09:00,user,IdeState,Active,11,Editor,C:/Users/user/IdeaProjects/11/src/com/fm/client/PlayerClient.java,PlayerClient::main,45,64,Default task
2021-11-21T02:03:19.716+09:00,user,IdeState,Active,11,Editor,C:/Users/user/IdeaProjects/11/src/com/fm/client/PlayerClient.java,PlayerClient::main,45,65,Default task
2021-11-21T02:03:20.727+09:00,user,IdeState,Active,11,Editor,C:/Users/user/IdeaProjects/11/src/com/fm/client/PlayerClient.java,PlayerClient::main,45,67,Default task
2021-11-21T02:03:21.742+09:00,user,IdeState,Active,11,Editor,C:/Users/user/IdeaProjects/11/src/com/fm/client/PlayerClient.java,PlayerClient::main,45,67,Default task
2021-11-21T02:03:22.756+09:00,user,IdeState,Active,11,Editor,C:/Users/user/IdeaProjects/11/src/com/fm/client/PlayerClient.java,PlayerClient::main,45,67,Default task
2021-11-21T02:03:23.772+09:00,user,IdeState,Active,11,Editor,C:/Users/user/IdeaProjects/11/src/com/fm/client/PlayerClient.java,PlayerClient::main,45,67,Default task
2021-11-21T02:03:24.773+09:00,user,IdeState,Active,11,Editor,C:/Users/user/IdeaProjects/11/src/com/fm/client/PlayerClient.java,PlayerClient::main,45,67,Default task
2021-11-21T02:03:25.777+09:00,user,IdeState,Active,11,Editor,C:/Users/user/IdeaProjects/11/src/com/fm/client/PlayerClient.java,PlayerClient::main,45,67,Default task
2021-11-21T02:03:26.782+09:00,user,IdeState,Active,11,Editor,C:/Users/user/IdeaProjects/11/src/com/fm/client/PlayerClient.java,PlayerClient::main,45,67,Default task
2021-11-21T02:03:27.783+09:00,user,IdeState,Active,11,Editor,C:/Users/user/IdeaProjects/11/src/com/fm/client/PlayerClient.java,PlayerClient::main,45,92,Default task
2021-11-21T02:03:28.789+09:00,user,IdeState,Active,11,Editor,C:/Users/user/IdeaProjects/11/src/com/fm/client/PlayerClient.java,PlayerClient::main,45,92,Default task
2021-11-21T02:03:29.803+09:00,user,IdeState,Active,11,Editor,C:/Users/user/IdeaProjects/11/src/com/fm/client/PlayerClient.java,PlayerClient::main,45,93,Default task
2021-11-21T02:03:30.807+09:00,user,IdeState,Active,11,Editor,C:/Users/user/IdeaProjects/11/src/com/fm/client/PlayerClient.java,PlayerClient::main,45,100,Default task
2021-11-21T02:03:31.817+09:00,user,IdeState,Active,11,Editor,C:/Users/user/IdeaProjects/11/src/com/fm/client/PlayerClient.java,PlayerClient::main,46,12,Default task
2021-11-21T02:03:32.829+09:00,user,IdeState,Active,11,Editor,C:/Users/user/IdeaProjects/11/src/com/fm/client/PlayerClient.java,PlayerClient::main,46,12,Default task
2021-11-21T02:03:33.832+09:00,user,IdeState,Active,11,Editor,C:/Users/user/IdeaProjects/11/src/com/fm/client/PlayerClient.java,PlayerClient::main,46,14,Default task
2021-11-21T02:03:34.845+09:00,user,IdeState,Active,11,Editor,C:/Users/user/IdeaProjects/11/src/com/fm/client/PlayerClient.java,PlayerClient::main,46,14,Default task
2021-11-21T02:03:35.848+09:00,user,IdeState,Active,11,Editor,C:/Users/user/IdeaProjects/11/src/com/fm/client/PlayerClient.java,PlayerClient::main,46,18,Default task
2021-11-21T02:03:36.860+09:00,user,IdeState,Active,11,Editor,C:/Users/user/IdeaProjects/11/src/com/fm/client/PlayerClient.java,PlayerClient::main,46,21,Default task
2021-11-21T02:03:37.874+09:00,user,IdeState,Active,11,Editor,C:/Users/user/IdeaProjects/11/src/com/fm/client/PlayerClient.java,PlayerClient::main,46,23,Default task
2021-11-21T02:03:38.888+09:00,user,IdeState,Active,11,Editor,C:/Users/user/IdeaProjects/11/src/com/fm/client/PlayerClient.java,PlayerClient::main,46,28,Default task
2021-11-21T02:03:39.892+09:00,user,IdeState,Active,11,Editor,C:/Users/user/IdeaProjects/11/src/com/fm/client/PlayerClient.java,PlayerClient::main,46,28,Default task
2021-11-21T02:03:40.907+09:00,user,IdeState,Active,11,Editor,C:/Users/user/IdeaProjects/11/src/com/fm/client/PlayerClient.java,PlayerClient::main,46,34,Default task
2021-11-21T02:03:41.920+09:00,user,IdeState,Active,11,Editor,C:/Users/user/IdeaProjects/11/src/com/fm/client/PlayerClient.java,PlayerClient::main,46,35,Default task
2021-11-21T02:03:42.935+09:00,user,IdeState,Active,11,Editor,C:/Users/user/IdeaProjects/11/src/com/fm/client/PlayerClient.java,PlayerClient::main,46,45,Default task
2021-11-21T02:03:43.963+09:00,user,IdeState,Active,11,Editor,C:/Users/user/IdeaProjects/11/src/com/fm/client/PlayerClient.java,PlayerClient::main,47,20,Default task
2021-11-21T02:03:44.975+09:00,user,IdeState,Active,11,Editor,C:/Users/user/IdeaProjects/11/src/com/fm/client/PlayerClient.java,PlayerClient::main,47,20,Default task
2021-11-21T02:03:45.990+09:00,user,IdeState,Active,11,Editor,C:/Users/user/IdeaProjects/11/src/com/fm/client/PlayerClient.java,PlayerClient::main,47,20,Default task
2021-11-21T02:03:47.000+09:00,user,IdeState,Active,11,Editor,C:/Users/user/IdeaProjects/11/src/com/fm/client/PlayerClient.java,PlayerClient::main,47,21,Default task
2021-11-21T02:03:48.011+09:00,user,IdeState,Active,11,Editor,C:/Users/user/IdeaProjects/11/src/com/fm/client/PlayerClient.java,PlayerClient::main,47,22,Default task
2021-11-21T02:03:49.016+09:00,user,IdeState,Active,11,Editor,C:/Users/user/IdeaProjects/11/src/com/fm/client/PlayerClient.java,PlayerClient::main,47,24,Default task
2021-11-21T02:03:50.030+09:00,user,IdeState,Active,11,Editor,C:/Users/user/IdeaProjects/11/src/com/fm/client/PlayerClient.java,PlayerClient::main,47,24,Default task
2021-11-21T02:03:51.047+09:00,user,IdeState,Active,11,Editor,C:/Users/user/IdeaProjects/11/src/com/fm/client/PlayerClient.java,PlayerClient::main,47,24,Default task
2021-11-21T02:03:52.062+09:00,user,IdeState,Active,11,Editor,C:/Users/user/IdeaProjects/11/src/com/fm/client/PlayerClient.java,PlayerClient::main,47,31,Default task
2021-11-21T02:03:53.076+09:00,user,IdeState,Active,11,Editor,C:/Users/user/IdeaProjects/11/src/com/fm/client/PlayerClient.java,PlayerClient::main,47,31,Default task
2021-11-21T02:03:54.089+09:00,user,IdeState,Active,11,Editor,C:/Users/user/IdeaProjects/11/src/com/fm/client/PlayerClient.java,PlayerClient::main,47,32,Default task
2021-11-21T02:03:55.103+09:00,user,IdeState,Active,11,Editor,C:/Users/user/IdeaProjects/11/src/com/fm/client/PlayerClient.java,PlayerClient::main,47,32,Default task
2021-11-21T02:03:56.153+09:00,user,IdeState,Active,11,Editor,C:/Users/user/IdeaProjects/11/src/com/fm/client/PlayerClient.java,PlayerClient::main,47,44,Default task
2021-11-21T02:03:57.167+09:00,user,IdeState,Active,11,Editor,C:/Users/user/IdeaProjects/11/src/com/fm/client/PlayerClient.java,PlayerClient::main,47,43,Default task
2021-11-21T02:03:58.183+09:00,user,IdeState,Active,11,Editor,C:/Users/user/IdeaProjects/11/src/com/fm/client/PlayerClient.java,PlayerClient::main,47,43,Default task
2021-11-21T02:03:59.193+09:00,user,IdeState,Active,11,Editor,C:/Users/user/IdeaProjects/11/src/com/fm/client/PlayerClient.java,PlayerClient::main,48,28,Default task
2021-11-21T02:04:00.205+09:00,user,IdeState,Active,11,Editor,C:/Users/user/IdeaProjects/11/src/com/fm/client/PlayerClient.java,PlayerClient::main,48,32,Default task
2021-11-21T02:04:01.217+09:00,user,IdeState,Active,11,Editor,C:/Users/user/IdeaProjects/11/src/com/fm/client/PlayerClient.java,PlayerClient::main,48,32,Default task
2021-11-21T02:04:02.226+09:00,user,IdeState,Active,11,Editor,C:/Users/user/IdeaProjects/11/src/com/fm/client/PlayerClient.java,PlayerClient::main,48,33,Default task
2021-11-21T02:04:03.238+09:00,user,IdeState,Active,11,Editor,C:/Users/user/IdeaProjects/11/src/com/fm/client/PlayerClient.java,PlayerClient::main,48,36,Default task
2021-11-21T02:04:04.253+09:00,user,IdeState,Active,11,Editor,C:/Users/user/IdeaProjects/11/src/com/fm/client/PlayerClient.java,PlayerClient::main,48,36,Default task
2021-11-21T02:04:05.261+09:00,user,IdeState,Active,11,Editor,C:/Users/user/IdeaProjects/11/src/com/fm/client/PlayerClient.java,PlayerClient::main,48,37,Default task
2021-11-21T02:04:06.272+09:00,user,IdeState,Active,11,Editor,C:/Users/user/IdeaProjects/11/src/com/fm/client/PlayerClient.java,PlayerClient::main,48,39,Default task
2021-11-21T02:04:07.273+09:00,user,IdeState,Active,11,Editor,C:/Users/user/IdeaProjects/11/src/com/fm/client/PlayerClient.java,PlayerClient::main,48,39,Default task
2021-11-21T02:04:08.278+09:00,user,IdeState,Active,11,Editor,C:/Users/user/IdeaProjects/11/src/com/fm/client/PlayerClient.java,PlayerClient::main,48,40,Default task
2021-11-21T02:04:09.293+09:00,user,IdeState,Active,11,Editor,C:/Users/user/IdeaProjects/11/src/com/fm/client/PlayerClient.java,PlayerClient::main,48,40,Default task
2021-11-21T02:04:10.303+09:00,user,IdeState,Active,11,Editor,C:/Users/user/IdeaProjects/11/src/com/fm/client/PlayerClient.java,PlayerClient::main,48,40,Default task
2021-11-21T02:04:11.317+09:00,user,IdeState,Active,11,Editor,C:/Users/user/IdeaProjects/11/src/com/fm/client/PlayerClient.java,PlayerClient::main,48,42,Default task
2021-11-21T02:04:12.332+09:00,user,IdeState,Active,11,Editor,C:/Users/user/IdeaProjects/11/src/com/fm/client/PlayerClient.java,PlayerClient::main,48,42,Default task
2021-11-21T02:04:13.385+09:00,user,IdeState,Active,11,Editor,C:/Users/user/IdeaProjects/11/src/com/fm/client/PlayerClient.java,PlayerClient::main,48,42,Default task
2021-11-21T02:04:14.398+09:00,user,IdeState,Active,11,Editor,C:/Users/user/IdeaProjects/11/src/com/fm/client/PlayerClient.java,PlayerClient::main,48,47,Default task
2021-11-21T02:04:15.408+09:00,user,IdeState,Active,11,Editor,C:/Users/user/IdeaProjects/11/src/com/fm/client/PlayerClient.java,PlayerClient::main,48,48,Default task
2021-11-21T02:04:16.432+09:00,user,IdeState,Active,11,Editor,C:/Users/user/IdeaProjects/11/src/com/fm/client/PlayerClient.java,PlayerClient::main,48,55,Default task
2021-11-21T02:04:17.436+09:00,user,IdeState,Active,11,Editor,C:/Users/user/IdeaProjects/11/src/com/fm/client/PlayerClient.java,PlayerClient::main,48,56,Default task
2021-11-21T02:04:18.451+09:00,user,IdeState,Active,11,Editor,C:/Users/user/IdeaProjects/11/src/com/fm/client/PlayerClient.java,PlayerClient::main,48,56,Default task
2021-11-21T02:04:19.467+09:00,user,IdeState,Active,11,Editor,C:/Users/user/IdeaProjects/11/src/com/fm/client/PlayerClient.java,PlayerClient::main,48,56,Default task
2021-11-21T02:04:20.475+09:00,user,IdeState,Active,11,Editor,C:/Users/user/IdeaProjects/11/src/com/fm/client/PlayerClient.java,PlayerClient::main,48,57,Default task
2021-11-21T02:04:21.491+09:00,user,IdeState,Active,11,Editor,C:/Users/user/IdeaProjects/11/src/com/fm/client/PlayerClient.java,PlayerClient::main,48,57,Default task
2021-11-21T02:04:22.503+09:00,user,IdeState,Active,11,Editor,C:/Users/user/IdeaProjects/11/src/com/fm/client/PlayerClient.java,PlayerClient::main,48,58,Default task
2021-11-21T02:04:23.519+09:00,user,IdeState,Active,11,Editor,C:/Users/user/IdeaProjects/11/src/com/fm/client/PlayerClient.java,PlayerClient::main,48,56,Default task
2021-11-21T02:04:24.530+09:00,user,IdeState,Active,11,Editor,C:/Users/user/IdeaProjects/11/src/com/fm/client/PlayerClient.java,PlayerClient::main,48,57,Default task
2021-11-21T02:04:25.542+09:00,user,IdeState,Active,11,Editor,C:/Users/user/IdeaProjects/11/src/com/fm/client/PlayerClient.java,PlayerClient::main,48,60,Default task
2021-11-21T02:04:26.555+09:00,user,IdeState,Active,11,Editor,C:/Users/user/IdeaProjects/11/src/com/fm/client/PlayerClient.java,PlayerClient::main,48,60,Default task
2021-11-21T02:04:27.559+09:00,user,IdeState,Active,11,Editor,C:/Users/user/IdeaProjects/11/src/com/fm/client/PlayerClient.java,PlayerClient::main,48,60,Default task
2021-11-21T02:04:28.572+09:00,user,IdeState,Active,11,Editor,C:/Users/user/IdeaProjects/11/src/com/fm/client/PlayerClient.java,PlayerClient::main,48,60,Default task
2021-11-21T02:04:29.587+09:00,user,IdeState,Active,11,Editor,C:/Users/user/IdeaProjects/11/src/com/fm/client/PlayerClient.java,PlayerClient::main,48,60,Default task
2021-11-21T02:04:30.600+09:00,user,IdeState,Active,11,Editor,C:/Users/user/IdeaProjects/11/src/com/fm/client/PlayerClient.java,PlayerClient::main,48,60,Default task
2021-11-21T02:04:31.615+09:00,user,IdeState,Active,11,Editor,C:/Users/user/IdeaProjects/11/src/com/fm/client/PlayerClient.java,PlayerClient::main,48,60,Default task
2021-11-21T02:04:32.618+09:00,user,IdeState,Active,11,Editor,C:/Users/user/IdeaProjects/11/src/com/fm/client/PlayerClient.java,PlayerClient::main,48,60,Default task
2021-11-21T02:04:33.624+09:00,user,IdeState,Active,11,Editor,C:/Users/user/IdeaProjects/11/src/com/fm/client/PlayerClient.java,PlayerClient::main,48,60,Default task
2021-11-21T02:04:34.638+09:00,user,IdeState,Active,11,Editor,C:/Users/user/IdeaProjects/11/src/com/fm/client/PlayerClient.java,PlayerClient::main,48,60,Default task
2021-11-21T02:04:35.653+09:00,user,IdeState,Active,11,Editor,C:/Users/user/IdeaProjects/11/src/com/fm/client/PlayerClient.java,PlayerClient::main,48,60,Default task
2021-11-21T02:04:36.667+09:00,user,IdeState,Active,11,Editor,C:/Users/user/IdeaProjects/11/src/com/fm/client/PlayerClient.java,PlayerClient::main,48,69,Default task
2021-11-21T02:04:37.683+09:00,user,IdeState,Active,11,Editor,C:/Users/user/IdeaProjects/11/src/com/fm/client/PlayerClient.java,PlayerClient::main,48,69,Default task
2021-11-21T02:04:38.695+09:00,user,IdeState,Active,11,Editor,C:/Users/user/IdeaProjects/11/src/com/fm/client/PlayerClient.java,PlayerClient::main,48,69,Default task
2021-11-21T02:04:39.697+09:00,user,IdeState,Active,11,Editor,C:/Users/user/IdeaProjects/11/src/com/fm/client/PlayerClient.java,PlayerClient::main,48,81,Default task
2021-11-21T02:04:40.705+09:00,user,IdeState,Active,11,Editor,C:/Users/user/IdeaProjects/11/src/com/fm/client/PlayerClient.java,PlayerClient::main,48,81,Default task
2021-11-21T02:04:41.710+09:00,user,IdeState,Active,11,Editor,C:/Users/user/IdeaProjects/11/src/com/fm/client/PlayerClient.java,PlayerClient::main,48,82,Default task
2021-11-21T02:04:42.712+09:00,user,IdeState,Active,11,Editor,C:/Users/user/IdeaProjects/11/src/com/fm/client/PlayerClient.java,PlayerClient::main,48,92,Default task
2021-11-21T02:04:43.723+09:00,user,IdeState,Active,11,Editor,C:/Users/user/IdeaProjects/11/src/com/fm/client/PlayerClient.java,PlayerClient::main,48,92,Default task
2021-11-21T02:04:44.738+09:00,user,IdeState,Active,11,Editor,C:/Users/user/IdeaProjects/11/src/com/fm/client/PlayerClient.java,PlayerClient::main,49,13,Default task
2021-11-21T02:04:45.740+09:00,user,IdeState,Active,11,Editor,C:/Users/user/IdeaProjects/11/src/com/fm/client/PlayerClient.java,PlayerClient::main,49,14,Default task
2021-11-21T02:04:46.756+09:00,user,IdeState,Active,11,Editor,C:/Users/user/IdeaProjects/11/src/com/fm/client/PlayerClient.java,PlayerClient::main,49,14,Default task
2021-11-21T02:04:47.763+09:00,user,IdeState,Active,11,Editor,C:/Users/user/IdeaProjects/11/src/com/fm/client/PlayerClient.java,PlayerClient::main,49,24,Default task
2021-11-21T02:04:48.766+09:00,user,IdeState,Active,11,Editor,C:/Users/user/IdeaProjects/11/src/com/fm/client/PlayerClient.java,PlayerClient::main,49,24,Default task
2021-11-21T02:04:49.775+09:00,user,IdeState,Active,11,Editor,C:/Users/user/IdeaProjects/11/src/com/fm/client/PlayerClient.java,PlayerClient::main,49,26,Default task
2021-11-21T02:04:50.778+09:00,user,IdeState,Active,11,Editor,C:/Users/user/IdeaProjects/11/src/com/fm/client/PlayerClient.java,PlayerClient::main,49,28,Default task
2021-11-21T02:04:51.782+09:00,user,IdeState,Active,11,Editor,C:/Users/user/IdeaProjects/11/src/com/fm/client/PlayerClient.java,PlayerClient::main,49,28,Default task
2021-11-21T02:04:52.792+09:00,user,IdeState,Active,11,Editor,C:/Users/user/IdeaProjects/11/src/com/fm/client/PlayerClient.java,PlayerClient::main,49,28,Default task
2021-11-21T02:04:53.805+09:00,user,IdeState,Active,11,Editor,C:/Users/user/IdeaProjects/11/src/com/fm/client/PlayerClient.java,PlayerClient::main,49,36,Default task
2021-11-21T02:04:54.819+09:00,user,IdeState,Active,11,Editor,C:/Users/user/IdeaProjects/11/src/com/fm/client/PlayerClient.java,PlayerClient::main,49,38,Default task
2021-11-21T02:04:55.830+09:00,user,IdeState,Active,11,Editor,C:/Users/user/IdeaProjects/11/src/com/fm/client/PlayerClient.java,PlayerClient::main,49,40,Default task
2021-11-21T02:04:56.843+09:00,user,IdeState,Active,11,Editor,C:/Users/user/IdeaProjects/11/src/com/fm/client/PlayerClient.java,PlayerClient::main,49,43,Default task
2021-11-21T02:04:57.845+09:00,user,IdeState,Active,11,Editor,C:/Users/user/IdeaProjects/11/src/com/fm/client/PlayerClient.java,PlayerClient::main,49,44,Default task
2021-11-21T02:04:58.857+09:00,user,IdeState,Active,11,Editor,C:/Users/user/IdeaProjects/11/src/com/fm/client/PlayerClient.java,PlayerClient::main,49,49,Default task
2021-11-21T02:04:59.883+09:00,user,IdeState,Active,11,Editor,C:/Users/user/IdeaProjects/11/src/com/fm/client/PlayerClient.java,PlayerClient::main,49,50,Default task
2021-11-21T02:05:00.887+09:00,user,IdeState,Active,11,Editor,C:/Users/user/IdeaProjects/11/src/com/fm/client/PlayerClient.java,PlayerClient::main,50,9,Default task
2021-11-21T02:05:01.900+09:00,user,IdeState,Active,11,Editor,C:/Users/user/IdeaProjects/11/src/com/fm/client/PlayerClient.java,PlayerClient::main,50,9,Default task
2021-11-21T02:05:02.916+09:00,user,IdeState,Active,11,Editor,C:/Users/user/IdeaProjects/11/src/com/fm/client/PlayerClient.java,PlayerClient::main,50,9,Default task
2021-11-21T02:05:03.923+09:00,user,IdeState,Active,11,Editor,C:/Users/user/IdeaProjects/11/src/com/fm/client/PlayerClient.java,PlayerClient::main,50,9,Default task
2021-11-21T02:05:04.936+09:00,user,IdeState,Active,11,Editor,C:/Users/user/IdeaProjects/11/src/com/fm/client/PlayerClient.java,PlayerClient::main,51,12,Default task
2021-11-21T02:05:05.951+09:00,user,IdeState,Active,11,Editor,C:/Users/user/IdeaProjects/11/src/com/fm/client/PlayerClient.java,PlayerClient::main,51,13,Default task
2021-11-21T02:05:06.957+09:00,user,IdeState,Active,11,Editor,C:/Users/user/IdeaProjects/11/src/com/fm/client/PlayerClient.java,PlayerClient::main,51,13,Default task
2021-11-21T02:05:07.972+09:00,user,IdeState,Active,11,Editor,C:/Users/user/IdeaProjects/11/src/com/fm/client/PlayerClient.java,PlayerClient::main,51,13,Default task
2021-11-21T02:05:08.999+09:00,user,IdeState,Active,11,Editor,C:/Users/user/IdeaProjects/11/src/com/fm/client/PlayerClient.java,PlayerClient::main,51,12,Default task
2021-11-21T02:05:10.002+09:00,user,IdeState,Active,11,Editor,C:/Users/user/IdeaProjects/11/src/com/fm/client/PlayerClient.java,PlayerClient::main,51,12,Default task
2021-11-21T02:05:11.015+09:00,user,IdeState,Active,11,Editor,C:/Users/user/IdeaProjects/11/src/com/fm/client/PlayerClient.java,PlayerClient::main,51,12,Default task
2021-11-21T02:05:12.028+09:00,user,IdeState,Inactive,,,,,-1,-1,
2021-11-21T02:05:13.043+09:00,user,IdeState,Inactive,,,,,-1,-1,
2021-11-21T02:05:14.052+09:00,user,IdeState,Inactive,,,,,-1,-1,
2021-11-21T02:05:15.055+09:00,user,IdeState,Inactive,,,,,-1,-1,
2021-11-21T02:05:16.069+09:00,user,IdeState,Active,11,Editor,C:/Users/user/IdeaProjects/11/src/com/fm/client/PlayerClient.java,PlayerClient::main,50,0,Default task
2021-11-21T02:05:17.083+09:00,user,IdeState,Active,11,Editor,C:/Users/user/IdeaProjects/11/src/com/fm/client/PlayerClient.java,PlayerClient::main,53,79,Default task
2021-11-21T02:05:18.091+09:00,user,IdeState,Active,11,Editor,C:/Users/user/IdeaProjects/11/src/com/fm/client/PlayerClient.java,PlayerClient::main,53,79,Default task
2021-11-21T02:05:19.105+09:00,user,IdeState,Active,11,Editor,C:/Users/user/IdeaProjects/11/src/com/fm/client/PlayerClient.java,PlayerClient::main,51,118,Default task
2021-11-21T02:05:20.110+09:00,user,IdeState,Active,11,Editor,C:/Users/user/IdeaProjects/11/src/com/fm/client/PlayerClient.java,PlayerClient::main,51,118,Default task
2021-11-21T02:05:21.114+09:00,user,IdeState,Active,11,Editor,C:/Users/user/IdeaProjects/11/src/com/fm/client/PlayerClient.java,PlayerClient::main,52,12,Default task
2021-11-21T02:05:22.129+09:00,user,IdeState,Active,11,Editor,C:/Users/user/IdeaProjects/11/src/com/fm/client/PlayerClient.java,PlayerClient::main,53,79,Default task
2021-11-21T02:05:23.132+09:00,user,IdeState,Active,11,Editor,C:/Users/user/IdeaProjects/11/src/com/fm/client/PlayerClient.java,PlayerClient::main,54,12,Default task
2021-11-21T02:05:24.144+09:00,user,IdeState,Inactive,,,,,-1,-1,
2021-11-21T02:05:25.161+09:00,user,IdeState,Inactive,,,,,-1,-1,
2021-11-21T02:05:26.176+09:00,user,IdeState,Active,11,Editor,C:/Users/user/IdeaProjects/11/src/com/fm/client/PlayerClient.java,PlayerClient::main,55,0,Default task
2021-11-21T02:05:27.188+09:00,user,IdeState,Active,11,Editor,C:/Users/user/IdeaProjects/11/src/com/fm/client/PlayerClient.java,PlayerClient::main,54,20,Default task
2021-11-21T02:05:28.204+09:00,user,IdeState,Active,11,Editor,C:/Users/user/IdeaProjects/11/src/com/fm/client/PlayerClient.java,PlayerClient::main,53,80,Default task
2021-11-21T02:05:29.218+09:00,user,IdeState,Active,11,Editor,C:/Users/user/IdeaProjects/11/src/com/fm/client/PlayerClient.java,PlayerClient::main,53,79,Default task
2021-11-21T02:05:30.220+09:00,user,IdeState,Active,11,Editor,C:/Users/user/IdeaProjects/11/src/com/fm/client/PlayerClient.java,PlayerClient::main,54,12,Default task
2021-11-21T02:05:31.237+09:00,user,IdeState,Active,11,Editor,C:/Users/user/IdeaProjects/11/src/com/fm/client/PlayerClient.java,PlayerClient::main,55,14,Default task
2021-11-21T02:05:32.250+09:00,user,IdeState,Active,11,Editor,C:/Users/user/IdeaProjects/11/src/com/fm/client/PlayerClient.java,PlayerClient::main,55,14,Default task
2021-11-21T02:05:33.251+09:00,user,IdeState,Active,11,Editor,C:/Users/user/IdeaProjects/11/src/com/fm/client/PlayerClient.java,PlayerClient::main,55,18,Default task
2021-11-21T02:05:34.252+09:00,user,IdeState,Active,11,Editor,C:/Users/user/IdeaProjects/11/src/com/fm/client/PlayerClient.java,PlayerClient::main,55,31,Default task
2021-11-21T02:05:35.267+09:00,user,IdeState,Active,11,Editor,C:/Users/user/IdeaProjects/11/src/com/fm/client/PlayerClient.java,PlayerClient::main,55,31,Default task
2021-11-21T02:05:36.283+09:00,user,IdeState,Active,11,Editor,C:/Users/user/IdeaProjects/11/src/com/fm/client/PlayerClient.java,PlayerClient::main,55,31,Default task
2021-11-21T02:05:37.286+09:00,user,IdeState,Active,11,Editor,C:/Users/user/IdeaProjects/11/src/com/fm/client/PlayerClient.java,PlayerClient::main,55,32,Default task
2021-11-21T02:05:38.303+09:00,user,IdeState,Active,11,Editor,C:/Users/user/IdeaProjects/11/src/com/fm/client/PlayerClient.java,PlayerClient::main,55,33,Default task
2021-11-21T02:05:39.314+09:00,user,IdeState,Active,11,Editor,C:/Users/user/IdeaProjects/11/src/com/fm/client/PlayerClient.java,PlayerClient::main,55,34,Default task
2021-11-21T02:05:40.319+09:00,user,IdeState,Active,11,Editor,C:/Users/user/IdeaProjects/11/src/com/fm/client/PlayerClient.java,PlayerClient::main,55,35,Default task
2021-11-21T02:05:41.332+09:00,user,IdeState,Active,11,Editor,C:/Users/user/IdeaProjects/11/src/com/fm/client/PlayerClient.java,PlayerClient::main,55,36,Default task
2021-11-21T02:05:42.355+09:00,user,IdeState,Active,11,Editor,C:/Users/user/IdeaProjects/11/src/com/fm/client/PlayerClient.java,PlayerClient::main,55,37,Default task
2021-11-21T02:05:43.360+09:00,user,IdeState,Active,11,Editor,C:/Users/user/IdeaProjects/11/src/com/fm/client/PlayerClient.java,PlayerClient::main,55,38,Default task
2021-11-21T02:05:44.388+09:00,user,IdeState,Active,11,Editor,C:/Users/user/IdeaProjects/11/src/com/fm/client/PlayerClient.java,PlayerClient::main,55,39,Default task
2021-11-21T02:05:45.389+09:00,user,IdeState,Active,11,Editor,C:/Users/user/IdeaProjects/11/src/com/fm/client/PlayerClient.java,PlayerClient::main,55,48,Default task
2021-11-21T02:05:46.400+09:00,user,IdeState,Active,11,Editor,C:/Users/user/IdeaProjects/11/src/com/fm/client/PlayerClient.java,PlayerClient::main,56,12,Default task
2021-11-21T02:05:47.404+09:00,user,IdeState,Active,11,Editor,C:/Users/user/IdeaProjects/11/src/com/fm/client/PlayerClient.java,PlayerClient::main,56,12,Default task
2021-11-21T02:05:48.417+09:00,user,IdeState,Active,11,Editor,C:/Users/user/IdeaProjects/11/src/com/fm/client/PlayerClient.java,PlayerClient::main,56,12,Default task
2021-11-21T02:05:49.429+09:00,user,IdeState,Active,11,Editor,C:/Users/user/IdeaProjects/11/src/com/fm/client/PlayerClient.java,PlayerClient::main,56,12,Default task
2021-11-21T02:05:50.444+09:00,user,IdeState,Active,11,Editor,C:/Users/user/IdeaProjects/11/src/com/fm/client/PlayerClient.java,PlayerClient::main,56,12,Default task
2021-11-21T02:05:51.455+09:00,user,IdeState,Active,11,Editor,C:/Users/user/IdeaProjects/11/src/com/fm/client/PlayerClient.java,PlayerClient::main,58,0,Default task
2021-11-21T02:05:52.468+09:00,user,IdeState,Active,11,Editor,C:/Users/user/IdeaProjects/11/src/com/fm/client/PlayerClient.java,PlayerClient::main,57,12,Default task
2021-11-21T02:05:53.477+09:00,user,IdeState,Active,11,Editor,C:/Users/user/IdeaProjects/11/src/com/fm/client/PlayerClient.java,PlayerClient::main,55,50,Default task
2021-11-21T02:05:54.483+09:00,user,IdeState,Active,11,Editor,C:/Users/user/IdeaProjects/11/src/com/fm/client/PlayerClient.java,PlayerClient::main,55,50,Default task
2021-11-21T02:05:55.554+09:00,user,IdeState,Active,11,Editor,C:/Users/user/IdeaProjects/11/src/com/fm/client/PlayerClient.java,PlayerClient::main,56,10,Default task
2021-11-21T02:05:56.558+09:00,user,IdeState,Active,11,Editor,C:/Users/user/IdeaProjects/11/src/com/fm/client/PlayerClient.java,PlayerClient::main,56,16,Default task
2021-11-21T02:05:57.571+09:00,user,IdeState,Active,11,Editor,C:/Users/user/IdeaProjects/11/src/com/fm/client/PlayerClient.java,PlayerClient::main,56,16,Default task
2021-11-21T02:05:58.579+09:00,user,IdeState,Active,11,Editor,C:/Users/user/IdeaProjects/11/src/com/fm/client/PlayerClient.java,PlayerClient::main,56,39,Default task
2021-11-21T02:05:59.595+09:00,user,IdeState,Active,11,Editor,C:/Users/user/IdeaProjects/11/src/com/fm/client/PlayerClient.java,PlayerClient::main,56,42,Default task
2021-11-21T02:06:00.599+09:00,user,IdeState,Active,11,Editor,C:/Users/user/IdeaProjects/11/src/com/fm/client/PlayerClient.java,PlayerClient::main,57,13,Default task
2021-11-21T02:06:01.612+09:00,user,IdeState,Active,11,Editor,C:/Users/user/IdeaProjects/11/src/com/fm/client/PlayerClient.java,PlayerClient::main,57,14,Default task
2021-11-21T02:06:02.614+09:00,user,IdeState,Active,11,Editor,C:/Users/user/IdeaProjects/11/src/com/fm/client/PlayerClient.java,PlayerClient::main,57,30,Default task
2021-11-21T02:06:03.628+09:00,user,IdeState,Active,11,Editor,C:/Users/user/IdeaProjects/11/src/com/fm/client/PlayerClient.java,PlayerClient::main,58,10,Default task
2021-11-21T02:06:04.640+09:00,user,IdeState,Active,11,Editor,C:/Users/user/IdeaProjects/11/src/com/fm/client/PlayerClient.java,PlayerClient::main,58,16,Default task
2021-11-21T02:06:05.652+09:00,user,IdeState,Active,11,Editor,C:/Users/user/IdeaProjects/11/src/com/fm/client/PlayerClient.java,PlayerClient::main,58,16,Default task
2021-11-21T02:06:06.663+09:00,user,IdeState,Active,11,Editor,C:/Users/user/IdeaProjects/11/src/com/fm/client/PlayerClient.java,PlayerClient::main,58,16,Default task
2021-11-21T02:06:07.671+09:00,user,IdeState,Active,11,Editor,C:/Users/user/IdeaProjects/11/src/com/fm/client/PlayerClient.java,PlayerClient::main,58,18,Default task
2021-11-21T02:06:08.681+09:00,user,IdeState,Active,11,Editor,C:/Users/user/IdeaProjects/11/src/com/fm/client/PlayerClient.java,PlayerClient::main,58,37,Default task
2021-11-21T02:06:09.683+09:00,user,IdeState,Active,11,Editor,C:/Users/user/IdeaProjects/11/src/com/fm/client/PlayerClient.java,PlayerClient::main,58,40,Default task
2021-11-21T02:06:10.699+09:00,user,IdeState,Active,11,Editor,C:/Users/user/IdeaProjects/11/src/com/fm/client/PlayerClient.java,PlayerClient::main,59,12,Default task
2021-11-21T02:06:11.701+09:00,user,IdeState,Active,11,Editor,C:/Users/user/IdeaProjects/11/src/com/fm/client/PlayerClient.java,PlayerClient::main,59,14,Default task
2021-11-21T02:06:12.711+09:00,user,IdeState,Active,11,Editor,C:/Users/user/IdeaProjects/11/src/com/fm/client/PlayerClient.java,PlayerClient::main,59,30,Default task
2021-11-21T02:06:13.728+09:00,user,IdeState,Active,11,Editor,C:/Users/user/IdeaProjects/11/src/com/fm/client/PlayerClient.java,PlayerClient::main,60,10,Default task
2021-11-21T02:06:14.740+09:00,user,IdeState,Active,11,Editor,C:/Users/user/IdeaProjects/11/src/com/fm/client/PlayerClient.java,PlayerClient::main,60,16,Default task
2021-11-21T02:06:15.748+09:00,user,IdeState,Active,11,Editor,C:/Users/user/IdeaProjects/11/src/com/fm/client/PlayerClient.java,PlayerClient::main,60,16,Default task
2021-11-21T02:06:16.760+09:00,user,IdeState,Active,11,Editor,C:/Users/user/IdeaProjects/11/src/com/fm/client/PlayerClient.java,PlayerClient::main,60,17,Default task
2021-11-21T02:06:17.811+09:00,user,IdeState,Active,11,Editor,C:/Users/user/IdeaProjects/11/src/com/fm/client/PlayerClient.java,PlayerClient::main,60,36,Default task
2021-11-21T02:06:18.819+09:00,user,IdeState,Active,11,Editor,C:/Users/user/IdeaProjects/11/src/com/fm/client/PlayerClient.java,PlayerClient::main,61,12,Default task
2021-11-21T02:06:19.829+09:00,user,IdeState,Active,11,Editor,C:/Users/user/IdeaProjects/11/src/com/fm/client/PlayerClient.java,PlayerClient::main,61,13,Default task
2021-11-21T02:06:20.831+09:00,user,IdeState,Active,11,Editor,C:/Users/user/IdeaProjects/11/src/com/fm/client/PlayerClient.java,PlayerClient::main,61,32,Default task
2021-11-21T02:06:21.837+09:00,user,IdeState,Active,11,Editor,C:/Users/user/IdeaProjects/11/src/com/fm/client/PlayerClient.java,PlayerClient::main,62,9,Default task
2021-11-21T02:06:22.841+09:00,user,IdeState,Active,11,Editor,C:/Users/user/IdeaProjects/11/src/com/fm/client/PlayerClient.java,PlayerClient::main,62,16,Default task
2021-11-21T02:06:23.849+09:00,user,IdeState,Active,11,Editor,C:/Users/user/IdeaProjects/11/src/com/fm/client/PlayerClient.java,PlayerClient::main,62,17,Default task
2021-11-21T02:06:24.864+09:00,user,IdeState,Active,11,Editor,C:/Users/user/IdeaProjects/11/src/com/fm/client/PlayerClient.java,PlayerClient::main,62,17,Default task
2021-11-21T02:06:25.873+09:00,user,IdeState,Active,11,Editor,C:/Users/user/IdeaProjects/11/src/com/fm/client/PlayerClient.java,PlayerClient::main,62,36,Default task
2021-11-21T02:06:26.884+09:00,user,IdeState,Active,11,Editor,C:/Users/user/IdeaProjects/11/src/com/fm/client/PlayerClient.java,PlayerClient::main,63,12,Default task
2021-11-21T02:06:27.900+09:00,user,IdeState,Active,11,Editor,C:/Users/user/IdeaProjects/11/src/com/fm/client/PlayerClient.java,PlayerClient::main,63,12,Default task
2021-11-21T02:06:28.906+09:00,user,IdeState,Active,11,Editor,C:/Users/user/IdeaProjects/11/src/com/fm/client/PlayerClient.java,PlayerClient::main,63,12,Default task
2021-11-21T02:06:29.920+09:00,user,IdeState,Active,11,Editor,C:/Users/user/IdeaProjects/11/src/com/fm/client/PlayerClient.java,PlayerClient::main,63,14,Default task
2021-11-21T02:06:30.936+09:00,user,IdeState,Active,11,Editor,C:/Users/user/IdeaProjects/11/src/com/fm/client/PlayerClient.java,PlayerClient::main,63,30,Default task
2021-11-21T02:06:31.949+09:00,user,IdeState,Active,11,Editor,C:/Users/user/IdeaProjects/11/src/com/fm/client/PlayerClient.java,PlayerClient::main,63,31,Default task
2021-11-21T02:06:32.960+09:00,user,IdeState,Active,11,Editor,C:/Users/user/IdeaProjects/11/src/com/fm/client/PlayerClient.java,PlayerClient::main,64,0,Default task
2021-11-21T02:06:33.971+09:00,user,IdeState,Active,11,Editor,C:/Users/user/IdeaProjects/11/src/com/fm/client/PlayerClient.java,PlayerClient::main,64,0,Default task
2021-11-21T02:06:34.987+09:00,user,IdeState,Active,11,Editor,C:/Users/user/IdeaProjects/11/src/com/fm/client/PlayerClient.java,PlayerClient::main,55,50,Default task
2021-11-21T02:06:35.988+09:00,user,IdeState,Active,11,Editor,C:/Users/user/IdeaProjects/11/src/com/fm/client/PlayerClient.java,PlayerClient::main,56,12,Default task
2021-11-21T02:06:36.998+09:00,user,IdeState,Active,11,Editor,C:/Users/user/IdeaProjects/11/src/com/fm/client/PlayerClient.java,PlayerClient::main,56,12,Default task
2021-11-21T02:06:38.010+09:00,user,IdeState,Active,11,Editor,C:/Users/user/IdeaProjects/11/src/com/fm/client/PlayerClient.java,PlayerClient::main,56,12,Default task
2021-11-21T02:06:39.025+09:00,user,IdeState,Active,11,Editor,C:/Users/user/IdeaProjects/11/src/com/fm/client/PlayerClient.java,PlayerClient::main,56,12,Default task
2021-11-21T02:06:40.027+09:00,user,IdeState,Active,11,Editor,C:/Users/user/IdeaProjects/11/src/com/fm/client/PlayerClient.java,PlayerClient::main,56,12,Default task
2021-11-21T02:06:41.042+09:00,user,IdeState,Active,11,Editor,C:/Users/user/IdeaProjects/11/src/com/fm/client/PlayerClient.java,PlayerClient::main,56,12,Default task
2021-11-21T02:06:42.056+09:00,user,IdeState,Active,11,Editor,C:/Users/user/IdeaProjects/11/src/com/fm/client/PlayerClient.java,PlayerClient::main,55,28,Default task
2021-11-21T02:06:43.063+09:00,user,IdeState,Active,11,Editor,C:/Users/user/IdeaProjects/11/src/com/fm/client/PlayerClient.java,PlayerClient::main,63,38,Default task
2021-11-21T02:06:44.084+09:00,user,IdeState,Active,11,Editor,C:/Users/user/IdeaProjects/11/src/com/fm/client/PlayerClient.java,PlayerClient::main,63,38,Default task
2021-11-21T02:06:45.089+09:00,user,IdeState,Active,11,Editor,C:/Users/user/IdeaProjects/11/src/com/fm/client/PlayerClient.java,PlayerClient::main,63,38,Default task
2021-11-21T02:06:46.103+09:00,user,IdeState,Active,11,Editor,C:/Users/user/IdeaProjects/11/src/com/fm/client/PlayerClient.java,PlayerClient::main,63,38,Default task
2021-11-21T02:06:47.112+09:00,user,IdeState,Active,11,Editor,C:/Users/user/IdeaProjects/11/src/com/fm/client/PlayerClient.java,PlayerClient::main,63,38,Default task
2021-11-21T02:06:48.127+09:00,user,IdeState,Active,11,Editor,C:/Users/user/IdeaProjects/11/src/com/fm/client/PlayerClient.java,PlayerClient::main,63,38,Default task
2021-11-21T02:06:49.145+09:00,user,IdeState,Active,11,Editor,C:/Users/user/IdeaProjects/11/src/com/fm/client/PlayerClient.java,PlayerClient::main,63,38,Default task
2021-11-21T02:06:50.153+09:00,user,IdeState,Active,11,Editor,C:/Users/user/IdeaProjects/11/src/com/fm/client/PlayerClient.java,PlayerClient::main,63,38,Default task
2021-11-21T02:06:51.153+09:00,user,IdeState,Active,11,Editor,C:/Users/user/IdeaProjects/11/src/com/fm/client/PlayerClient.java,PlayerClient::main,63,38,Default task
2021-11-21T02:06:52.165+09:00,user,IdeState,Active,11,Editor,C:/Users/user/IdeaProjects/11/src/com/fm/client/PlayerClient.java,PlayerClient::main,63,38,Default task
2021-11-21T02:06:53.178+09:00,user,IdeState,Active,11,Editor,C:/Users/user/IdeaProjects/11/src/com/fm/client/PlayerClient.java,PlayerClient::main,63,38,Default task
2021-11-21T02:06:54.189+09:00,user,IdeState,Active,11,Editor,C:/Users/user/IdeaProjects/11/src/com/fm/client/PlayerClient.java,PlayerClient::main,63,38,Default task
2021-11-21T02:06:55.196+09:00,user,IdeState,Active,11,Popup,C:/Users/user/IdeaProjects/11/src/com/fm/client/PlayerClient.java,PlayerClient::main,63,38,Default task
2021-11-21T02:06:56.222+09:00,user,IdeState,Active,11,Popup,C:/Users/user/IdeaProjects/11/src/com/fm/client/PlayerClient.java,PlayerClient::main,63,38,Default task
2021-11-21T02:06:57.247+09:00,user,IdeState,Active,11,Popup,C:/Users/user/IdeaProjects/11/src/com/fm/client/PlayerClient.java,PlayerClient::main,63,38,Default task
