2021-10-27T14:58:43.027+09:00,user,IdeState,Active,LambdaTest,Editor,C:/Users/user/IdeaProjects/LambdaTest/src/MyFunction.java,,0,0,Default task
2021-10-27T14:58:44.065+09:00,user,IdeState,Active,LambdaTest,Editor,C:/Users/user/IdeaProjects/LambdaTest/src/MyFunction.java,,0,0,Default task
2021-10-27T14:58:45.069+09:00,user,IdeState,Active,LambdaTest,Editor,C:/Users/user/IdeaProjects/LambdaTest/src/MyFunction.java,,0,1,Default task
2021-10-27T14:58:46.084+09:00,user,IdeState,Active,LambdaTest,Editor,C:/Users/user/IdeaProjects/LambdaTest/src/MyFunction.java,,0,2,Default task
2021-10-27T14:58:47.097+09:00,user,IdeState,Active,LambdaTest,Editor,C:/Users/user/IdeaProjects/LambdaTest/src/MyFunction.java,,0,1,Default task
2021-10-27T14:58:48.112+09:00,user,IdeState,Active,LambdaTest,Editor,C:/Users/user/IdeaProjects/LambdaTest/src/MyFunction.java,,0,1,Default task
2021-10-27T14:58:49.125+09:00,user,IdeState,Active,LambdaTest,Editor,C:/Users/user/IdeaProjects/LambdaTest/src/MyFunction.java,,0,20,Default task
2021-10-27T14:58:50.132+09:00,user,IdeState,Active,LambdaTest,Editor,C:/Users/user/IdeaProjects/LambdaTest/src/MyFunction.java,,1,2,Default task
2021-10-27T14:58:51.142+09:00,user,IdeState,Active,LambdaTest,Editor,C:/Users/user/IdeaProjects/LambdaTest/src/MyFunction.java,,1,7,Default task
2021-10-27T14:58:52.154+09:00,user,IdeState,Active,LambdaTest,Editor,C:/Users/user/IdeaProjects/LambdaTest/src/MyFunction.java,,1,14,Default task
2021-10-27T14:58:53.169+09:00,user,IdeState,Active,LambdaTest,Editor,C:/Users/user/IdeaProjects/LambdaTest/src/MyFunction.java,,1,17,Default task
2021-10-27T14:58:54.184+09:00,user,IdeState,Active,LambdaTest,Editor,C:/Users/user/IdeaProjects/LambdaTest/src/MyFunction.java,,1,18,Default task
2021-10-27T14:58:55.198+09:00,user,IdeState,Active,LambdaTest,Editor,C:/Users/user/IdeaProjects/LambdaTest/src/MyFunction.java,,1,20,Default task
2021-10-27T14:58:56.211+09:00,user,IdeState,Active,LambdaTest,Editor,C:/Users/user/IdeaProjects/LambdaTest/src/MyFunction.java,,1,24,Default task
2021-10-27T14:58:57.229+09:00,user,IdeState,Active,LambdaTest,Editor,C:/Users/user/IdeaProjects/LambdaTest/src/MyFunction.java,,1,27,Default task
2021-10-27T14:58:58.238+09:00,user,IdeState,Active,LambdaTest,Editor,C:/Users/user/IdeaProjects/LambdaTest/src/MyFunction.java,,1,28,Default task
2021-10-27T14:58:59.240+09:00,user,IdeState,Active,LambdaTest,Editor,C:/Users/user/IdeaProjects/LambdaTest/src/MyFunction.java,,2,4,Default task
2021-10-27T14:59:00.241+09:00,user,IdeState,Active,LambdaTest,Editor,C:/Users/user/IdeaProjects/LambdaTest/src/MyFunction.java,,2,11,Default task
2021-10-27T14:59:01.244+09:00,user,IdeState,Active,LambdaTest,Editor,C:/Users/user/IdeaProjects/LambdaTest/src/MyFunction.java,,2,20,Default task
2021-10-27T14:59:02.258+09:00,user,IdeState,Active,LambdaTest,Editor,C:/Users/user/IdeaProjects/LambdaTest/src/MyFunction.java,,2,24,Default task
2021-10-27T14:59:03.271+09:00,user,IdeState,Active,LambdaTest,Editor,C:/Users/user/IdeaProjects/LambdaTest/src/MyFunction.java,,2,28,Default task
2021-10-27T14:59:04.284+09:00,user,IdeState,Active,LambdaTest,Editor,C:/Users/user/IdeaProjects/LambdaTest/src/MyFunction.java,,2,30,Default task
2021-10-27T14:59:05.299+09:00,user,IdeState,Active,LambdaTest,Editor,C:/Users/user/IdeaProjects/LambdaTest/src/MyFunction.java,,3,4,Default task
2021-10-27T14:59:06.300+09:00,user,IdeState,Active,LambdaTest,Editor,C:/Users/user/IdeaProjects/LambdaTest/src/MyFunction.java,,4,4,Default task
2021-10-27T14:59:07.314+09:00,user,IdeState,Active,LambdaTest,Editor,C:/Users/user/IdeaProjects/LambdaTest/src/MyFunction.java,,4,7,Default task
2021-10-27T14:59:08.328+09:00,user,IdeState,Active,LambdaTest,Editor,C:/Users/user/IdeaProjects/LambdaTest/src/MyFunction.java,,4,11,Default task
2021-10-27T14:59:09.343+09:00,user,IdeState,Active,LambdaTest,Editor,C:/Users/user/IdeaProjects/LambdaTest/src/MyFunction.java,,4,13,Default task
2021-10-27T14:59:10.359+09:00,user,IdeState,Active,LambdaTest,Editor,C:/Users/user/IdeaProjects/LambdaTest/src/MyFunction.java,,4,22,Default task
2021-10-27T14:59:11.364+09:00,user,IdeState,Active,LambdaTest,Editor,C:/Users/user/IdeaProjects/LambdaTest/src/MyFunction.java,,4,25,Default task
2021-10-27T14:59:12.376+09:00,user,IdeState,Active,LambdaTest,Editor,C:/Users/user/IdeaProjects/LambdaTest/src/MyFunction.java,,4,27,Default task
2021-10-27T14:59:13.392+09:00,user,IdeState,Active,LambdaTest,Editor,C:/Users/user/IdeaProjects/LambdaTest/src/MyFunction.java,,4,26,Default task
2021-10-27T14:59:14.405+09:00,user,IdeState,Active,LambdaTest,Editor,C:/Users/user/IdeaProjects/LambdaTest/src/MyFunction.java,,4,29,Default task
2021-10-27T14:59:15.418+09:00,user,IdeState,Active,LambdaTest,Editor,C:/Users/user/IdeaProjects/LambdaTest/src/MyFunction.java,,4,35,Default task
2021-10-27T14:59:16.419+09:00,user,IdeState,Active,LambdaTest,Editor,C:/Users/user/IdeaProjects/LambdaTest/src/MyFunction.java,,4,37,Default task
2021-10-27T14:59:17.438+09:00,user,IdeState,Active,LambdaTest,Editor,C:/Users/user/IdeaProjects/LambdaTest/src/MyFunction.java,MyFunction::getMyFunction,5,8,Default task
2021-10-27T14:59:18.451+09:00,user,IdeState,Active,LambdaTest,Editor,C:/Users/user/IdeaProjects/LambdaTest/src/MyFunction.java,MyFunction::getMyFunction,5,8,Default task
2021-10-27T14:59:19.466+09:00,user,IdeState,Active,LambdaTest,Editor,C:/Users/user/IdeaProjects/LambdaTest/src/MyFunction.java,MyFunction::getMyFunction,5,18,Default task
2021-10-27T14:59:20.480+09:00,user,IdeState,Active,LambdaTest,Editor,C:/Users/user/IdeaProjects/LambdaTest/src/MyFunction.java,MyFunction::getMyFunction,5,23,Default task
2021-10-27T14:59:21.496+09:00,user,IdeState,Active,LambdaTest,Editor,C:/Users/user/IdeaProjects/LambdaTest/src/MyFunction.java,MyFunction::getMyFunction,5,23,Default task
2021-10-27T14:59:22.499+09:00,user,IdeState,Active,LambdaTest,Editor,C:/Users/user/IdeaProjects/LambdaTest/src/MyFunction.java,MyFunction::getMyFunction,5,23,Default task
2021-10-27T14:59:23.512+09:00,user,IdeState,Active,LambdaTest,Editor,C:/Users/user/IdeaProjects/LambdaTest/src/MyFunction.java,MyFunction::getMyFunction,5,25,Default task
2021-10-27T14:59:24.514+09:00,user,IdeState,Active,LambdaTest,Editor,C:/Users/user/IdeaProjects/LambdaTest/src/MyFunction.java,MyFunction::getMyFunction,5,25,Default task
2021-10-27T14:59:25.527+09:00,user,IdeState,Active,LambdaTest,Editor,C:/Users/user/IdeaProjects/LambdaTest/src/MyFunction.java,MyFunction::getMyFunction,5,28,Default task
2021-10-27T14:59:26.544+09:00,user,IdeState,Active,LambdaTest,Editor,C:/Users/user/IdeaProjects/LambdaTest/src/MyFunction.java,MyFunction::getMyFunction,5,28,Default task
2021-10-27T14:59:27.559+09:00,user,IdeState,Active,LambdaTest,Editor,C:/Users/user/IdeaProjects/LambdaTest/src/MyFunction.java,MyFunction::getMyFunction,5,30,Default task
2021-10-27T14:59:28.562+09:00,user,IdeState,Active,LambdaTest,Editor,C:/Users/user/IdeaProjects/LambdaTest/src/MyFunction.java,MyFunction::getMyFunction,5,40,Default task
2021-10-27T14:59:29.575+09:00,user,IdeState,Active,LambdaTest,Editor,C:/Users/user/IdeaProjects/LambdaTest/src/MyFunction.java,MyFunction::getMyFunction,5,48,Default task
2021-10-27T14:59:30.588+09:00,user,IdeState,Active,LambdaTest,Editor,C:/Users/user/IdeaProjects/LambdaTest/src/MyFunction.java,MyFunction::getMyFunction,5,48,Default task
2021-10-27T14:59:31.602+09:00,user,IdeState,Active,LambdaTest,Editor,C:/Users/user/IdeaProjects/LambdaTest/src/MyFunction.java,MyFunction::getMyFunction,5,50,Default task
2021-10-27T14:59:32.618+09:00,user,IdeState,Active,LambdaTest,Editor,C:/Users/user/IdeaProjects/LambdaTest/src/MyFunction.java,MyFunction::getMyFunction,5,49,Default task
2021-10-27T14:59:33.630+09:00,user,IdeState,Active,LambdaTest,Editor,C:/Users/user/IdeaProjects/LambdaTest/src/MyFunction.java,MyFunction::getMyFunction,5,51,Default task
2021-10-27T14:59:34.644+09:00,user,IdeState,Active,LambdaTest,Editor,C:/Users/user/IdeaProjects/LambdaTest/src/MyFunction.java,MyFunction::getMyFunction,5,49,Default task
2021-10-27T14:59:35.661+09:00,user,IdeState,Active,LambdaTest,Editor,C:/Users/user/IdeaProjects/LambdaTest/src/MyFunction.java,MyFunction::getMyFunction,5,49,Default task
2021-10-27T14:59:36.671+09:00,user,IdeState,Active,LambdaTest,Editor,C:/Users/user/IdeaProjects/LambdaTest/src/MyFunction.java,MyFunction::getMyFunction,4,36,Default task
2021-10-27T14:59:37.722+09:00,user,IdeState,Active,LambdaTest,Editor,C:/Users/user/IdeaProjects/LambdaTest/src/MyFunction.java,MyFunction::getMyFunction,4,37,Default task
2021-10-27T14:59:38.730+09:00,user,IdeState,Active,LambdaTest,Editor,C:/Users/user/IdeaProjects/LambdaTest/src/MyFunction.java,MyFunction::getMyFunction,4,40,Default task
2021-10-27T14:59:39.745+09:00,user,IdeState,Active,LambdaTest,Editor,C:/Users/user/IdeaProjects/LambdaTest/src/MyFunction.java,MyFunction::getMyFunction,4,44,Default task
2021-10-27T14:59:40.761+09:00,user,IdeState,Active,LambdaTest,Editor,C:/Users/user/IdeaProjects/LambdaTest/src/MyFunction.java,MyFunction::getMyFunction,4,44,Default task
2021-10-27T14:59:41.775+09:00,user,IdeState,Active,LambdaTest,Editor,C:/Users/user/IdeaProjects/LambdaTest/src/MyFunction.java,MyFunction::getMyFunction,5,50,Default task
2021-10-27T14:59:42.790+09:00,user,IdeState,Active,LambdaTest,Editor,C:/Users/user/IdeaProjects/LambdaTest/src/MyFunction.java,MyFunction::getMyFunction,5,49,Default task
2021-10-27T14:59:43.811+09:00,user,IdeState,Active,LambdaTest,Editor,C:/Users/user/IdeaProjects/LambdaTest/src/MyFunction.java,MyFunction::getMyFunction,5,51,Default task
2021-10-27T14:59:44.820+09:00,user,IdeState,Active,LambdaTest,Editor,C:/Users/user/IdeaProjects/LambdaTest/src/MyFunction.java,MyFunction::getMyFunction,5,52,Default task
2021-10-27T14:59:45.822+09:00,user,IdeState,Active,LambdaTest,Editor,C:/Users/user/IdeaProjects/LambdaTest/src/MyFunction.java,MyFunction::getMyFunction,5,55,Default task
2021-10-27T14:59:46.836+09:00,user,IdeState,Active,LambdaTest,Editor,C:/Users/user/IdeaProjects/LambdaTest/src/MyFunction.java,MyFunction::getMyFunction,5,56,Default task
2021-10-27T14:59:47.850+09:00,user,IdeState,Active,LambdaTest,Editor,C:/Users/user/IdeaProjects/LambdaTest/src/MyFunction.java,MyFunction::getMyFunction,5,59,Default task
2021-10-27T14:59:48.854+09:00,user,IdeState,Active,LambdaTest,Editor,C:/Users/user/IdeaProjects/LambdaTest/src/MyFunction.java,MyFunction::getMyFunction,5,60,Default task
2021-10-27T14:59:49.870+09:00,user,IdeState,Active,LambdaTest,Editor,C:/Users/user/IdeaProjects/LambdaTest/src/MyFunction.java,MyFunction::getMyFunction,6,8,Default task
2021-10-27T14:59:50.884+09:00,user,IdeState,Active,LambdaTest,Editor,C:/Users/user/IdeaProjects/LambdaTest/src/MyFunction.java,MyFunction::getMyFunction,6,15,Default task
2021-10-27T14:59:51.898+09:00,user,IdeState,Active,LambdaTest,Editor,C:/Users/user/IdeaProjects/LambdaTest/src/MyFunction.java,MyFunction::getMyFunction,6,17,Default task
2021-10-27T14:59:52.913+09:00,user,IdeState,Active,LambdaTest,Editor,C:/Users/user/IdeaProjects/LambdaTest/src/MyFunction.java,,9,4,Default task
2021-10-27T14:59:53.926+09:00,user,IdeState,Active,LambdaTest,Editor,C:/Users/user/IdeaProjects/LambdaTest/src/MyFunction.java,,9,6,Default task
2021-10-27T14:59:54.938+09:00,user,IdeState,Active,LambdaTest,Editor,C:/Users/user/IdeaProjects/LambdaTest/src/MyFunction.java,,9,12,Default task
2021-10-27T14:59:55.954+09:00,user,IdeState,Active,LambdaTest,Editor,C:/Users/user/IdeaProjects/LambdaTest/src/MyFunction.java,,9,17,Default task
2021-10-27T14:59:56.968+09:00,user,IdeState,Active,LambdaTest,Editor,C:/Users/user/IdeaProjects/LambdaTest/src/MyFunction.java,,9,20,Default task
2021-10-27T14:59:57.970+09:00,user,IdeState,Active,LambdaTest,Editor,C:/Users/user/IdeaProjects/LambdaTest/src/MyFunction.java,,9,21,Default task
2021-10-27T14:59:58.972+09:00,user,IdeState,Active,LambdaTest,Editor,C:/Users/user/IdeaProjects/LambdaTest/src/MyFunction.java,,9,25,Default task
2021-10-27T14:59:59.982+09:00,user,IdeState,Active,LambdaTest,Editor,C:/Users/user/IdeaProjects/LambdaTest/src/MyFunction.java,,9,27,Default task
2021-10-27T15:00:00.995+09:00,user,IdeState,Active,LambdaTest,Editor,C:/Users/user/IdeaProjects/LambdaTest/src/MyFunction.java,MyFunction::sayHello,10,8,Default task
2021-10-27T15:00:01.998+09:00,user,IdeState,Active,LambdaTest,Editor,C:/Users/user/IdeaProjects/LambdaTest/src/MyFunction.java,MyFunction::sayHello,10,8,Default task
2021-10-27T15:00:03.011+09:00,user,IdeState,Active,LambdaTest,Editor,C:/Users/user/IdeaProjects/LambdaTest/src/MyFunction.java,MyFunction::sayHello,10,14,Default task
2021-10-27T15:00:04.025+09:00,user,IdeState,Active,LambdaTest,Editor,C:/Users/user/IdeaProjects/LambdaTest/src/MyFunction.java,MyFunction::sayHello,10,10,Default task
2021-10-27T15:00:05.037+09:00,user,IdeState,Active,LambdaTest,Editor,C:/Users/user/IdeaProjects/LambdaTest/src/MyFunction.java,MyFunction::sayHello,10,10,Default task
2021-10-27T15:00:06.051+09:00,user,IdeState,Active,LambdaTest,Editor,C:/Users/user/IdeaProjects/LambdaTest/src/MyFunction.java,MyFunction::sayHello,10,19,Default task
2021-10-27T15:00:07.066+09:00,user,IdeState,Active,LambdaTest,Editor,C:/Users/user/IdeaProjects/LambdaTest/src/MyFunction.java,MyFunction::sayHello,10,27,Default task
2021-10-27T15:00:08.081+09:00,user,IdeState,Active,LambdaTest,Editor,C:/Users/user/IdeaProjects/LambdaTest/src/MyFunction.java,MyFunction::sayHello,10,28,Default task
2021-10-27T15:00:09.094+09:00,user,IdeState,Active,LambdaTest,Editor,C:/Users/user/IdeaProjects/LambdaTest/src/MyFunction.java,MyFunction::sayHello,10,28,Default task
2021-10-27T15:00:10.096+09:00,user,IdeState,Active,LambdaTest,Editor,C:/Users/user/IdeaProjects/LambdaTest/src/MyFunction.java,MyFunction::sayHello,10,32,Default task
2021-10-27T15:00:11.098+09:00,user,IdeState,Active,LambdaTest,Editor,C:/Users/user/IdeaProjects/LambdaTest/src/MyFunction.java,MyFunction::sayHello,10,34,Default task
2021-10-27T15:00:12.112+09:00,user,IdeState,Active,LambdaTest,Editor,C:/Users/user/IdeaProjects/LambdaTest/src/MyFunction.java,,11,5,Default task
2021-10-27T15:00:13.127+09:00,user,IdeState,Active,LambdaTest,Editor,C:/Users/user/IdeaProjects/LambdaTest/src/MyFunction.java,,12,1,Default task
2021-10-27T15:00:14.129+09:00,user,IdeState,Active,LambdaTest,Editor,C:/Users/user/IdeaProjects/LambdaTest/src/LambdaTest.java,,0,3,Default task
2021-10-27T15:00:15.138+09:00,user,IdeState,Active,LambdaTest,Editor,C:/Users/user/IdeaProjects/LambdaTest/src/LambdaTest.java,,0,3,Default task
2021-10-27T15:00:16.153+09:00,user,IdeState,Active,LambdaTest,Editor,C:/Users/user/IdeaProjects/LambdaTest/src/LambdaTest.java,,0,3,Default task
2021-10-27T15:00:17.161+09:00,user,IdeState,Active,LambdaTest,Editor,C:/Users/user/IdeaProjects/LambdaTest/src/LambdaTest.java,,0,3,Default task
2021-10-27T15:00:18.169+09:00,user,IdeState,Active,LambdaTest,Editor,C:/Users/user/IdeaProjects/LambdaTest/src/LambdaTest.java,,0,3,Default task
2021-10-27T15:00:19.182+09:00,user,IdeState,Active,LambdaTest,Editor,C:/Users/user/IdeaProjects/LambdaTest/src/LambdaTest.java,,0,3,Default task
2021-10-27T15:00:20.196+09:00,user,IdeState,Active,LambdaTest,Editor,C:/Users/user/IdeaProjects/LambdaTest/src/LambdaTest.java,,0,3,Default task
2021-10-27T15:00:21.210+09:00,user,IdeState,Active,LambdaTest,Popup,C:/Users/user/IdeaProjects/LambdaTest/src/LambdaTest.java,,0,3,Default task
