2021-11-28T11:08:23.044+09:00,user,IdeState,Active,project 12,Editor,C:/Users/user/IdeaProjects/project 12/src/main/java/MultithreadHttpServer.java,MultithreadHttpServer::main,12,8,Default task
2021-11-28T11:08:24.124+09:00,user,IdeState,Active,project 12,Editor,C:/Users/user/IdeaProjects/project 12/src/main/java/MultithreadHttpServer.java,MultithreadHttpServer::main,12,8,Default task
2021-11-28T11:08:25.128+09:00,user,IdeState,Active,project 12,Editor,C:/Users/user/IdeaProjects/project 12/src/main/java/MultithreadHttpServer.java,MultithreadHttpServer::main,13,0,Default task
2021-11-28T11:08:26.132+09:00,user,IdeState,Active,project 12,Editor,C:/Users/user/IdeaProjects/project 12/src/main/java/MultithreadHttpServer.java,MultithreadHttpServer::main,12,8,Default task
2021-11-28T11:08:27.137+09:00,user,IdeState,Active,project 12,Editor,C:/Users/user/IdeaProjects/project 12/src/main/java/MultithreadHttpServer.java,MultithreadHttpServer::main,12,8,Default task
2021-11-28T11:08:28.147+09:00,user,IdeState,Active,project 12,Editor,C:/Users/user/IdeaProjects/project 12/src/main/java/MultithreadHttpServer.java,MultithreadHttpServer::main,12,11,Default task
2021-11-28T11:08:29.155+09:00,user,IdeState,Active,project 12,Editor,C:/Users/user/IdeaProjects/project 12/src/main/java/MultithreadHttpServer.java,MultithreadHttpServer::main,12,15,Default task
2021-11-28T11:08:30.203+09:00,user,IdeState,Active,project 12,Editor,C:/Users/user/IdeaProjects/project 12/src/main/java/MultithreadHttpServer.java,MultithreadHttpServer::main,12,16,Default task
2021-11-28T11:08:31.212+09:00,user,IdeState,Active,project 12,Editor,C:/Users/user/IdeaProjects/project 12/src/main/java/MultithreadHttpServer.java,MultithreadHttpServer::main,12,24,Default task
2021-11-28T11:08:32.226+09:00,user,IdeState,Active,project 12,Editor,C:/Users/user/IdeaProjects/project 12/src/main/java/MultithreadHttpServer.java,MultithreadHttpServer::main,12,25,Default task
2021-11-28T11:08:33.239+09:00,user,IdeState,Active,project 12,Editor,C:/Users/user/IdeaProjects/project 12/src/main/java/MultithreadHttpServer.java,MultithreadHttpServer::main,12,41,Default task
2021-11-28T11:08:34.245+09:00,user,IdeState,Active,project 12,Editor,C:/Users/user/IdeaProjects/project 12/src/main/java/MultithreadHttpServer.java,MultithreadHttpServer::main,12,42,Default task
2021-11-28T11:08:35.254+09:00,user,IdeState,Active,project 12,Editor,C:/Users/user/IdeaProjects/project 12/src/main/java/MultithreadHttpServer.java,MultithreadHttpServer::main,12,44,Default task
2021-11-28T11:08:36.255+09:00,user,IdeState,Active,project 12,Editor,C:/Users/user/IdeaProjects/project 12/src/main/java/MultithreadHttpServer.java,MultithreadHttpServer::main,12,44,Default task
2021-11-28T11:08:37.288+09:00,user,IdeState,Active,project 12,Editor,C:/Users/user/IdeaProjects/project 12/src/main/java/MultithreadHttpServer.java,MultithreadHttpServer::main,12,52,Default task
2021-11-28T11:08:38.297+09:00,user,IdeState,Active,project 12,Editor,C:/Users/user/IdeaProjects/project 12/src/main/java/MultithreadHttpServer.java,MultithreadHttpServer::main,12,55,Default task
2021-11-28T11:08:39.310+09:00,user,IdeState,Active,project 12,Editor,C:/Users/user/IdeaProjects/project 12/src/main/java/MultithreadHttpServer.java,MultithreadHttpServer::main,12,71,Default task
2021-11-28T11:08:40.312+09:00,user,IdeState,Active,project 12,Editor,C:/Users/user/IdeaProjects/project 12/src/main/java/MultithreadHttpServer.java,MultithreadHttpServer::main,12,73,Default task
2021-11-28T11:08:41.316+09:00,user,IdeState,Active,project 12,Editor,C:/Users/user/IdeaProjects/project 12/src/main/java/MultithreadHttpServer.java,MultithreadHttpServer::main,12,75,Default task
2021-11-28T11:08:42.317+09:00,user,IdeState,Active,project 12,Editor,C:/Users/user/IdeaProjects/project 12/src/main/java/MultithreadHttpServer.java,MultithreadHttpServer::main,12,75,Default task
2021-11-28T11:08:43.331+09:00,user,IdeState,Active,project 12,Editor,C:/Users/user/IdeaProjects/project 12/src/main/java/MultithreadHttpServer.java,MultithreadHttpServer::main,12,75,Default task
2021-11-28T11:08:44.344+09:00,user,IdeState,Active,project 12,Editor,C:/Users/user/IdeaProjects/project 12/src/main/java/MultithreadHttpServer.java,MultithreadHttpServer::main,35,15,Default task
2021-11-28T11:08:45.363+09:00,user,IdeState,Active,project 12,Editor,C:/Users/user/IdeaProjects/project 12/src/main/java/MultithreadHttpServer.java,MultithreadHttpServer::main,35,19,Default task
2021-11-28T11:08:46.370+09:00,user,IdeState,Active,project 12,Editor,C:/Users/user/IdeaProjects/project 12/src/main/java/MultithreadHttpServer.java,MultithreadHttpServer::main,35,31,Default task
2021-11-28T11:08:47.380+09:00,user,IdeState,Active,project 12,Editor,C:/Users/user/IdeaProjects/project 12/src/main/java/MultithreadHttpServer.java,MultithreadHttpServer::main,35,33,Default task
2021-11-28T11:08:48.393+09:00,user,IdeState,Active,project 12,Editor,C:/Users/user/IdeaProjects/project 12/src/main/java/MultithreadHttpServer.java,MultithreadHttpServer::main,35,46,Default task
2021-11-28T11:08:49.409+09:00,user,IdeState,Active,project 12,Editor,C:/Users/user/IdeaProjects/project 12/src/main/java/MultithreadHttpServer.java,MultithreadHttpServer::main,35,46,Default task
2021-11-28T11:08:50.423+09:00,user,IdeState,Active,project 12,Editor,C:/Users/user/IdeaProjects/project 12/src/main/java/MultithreadHttpServer.java,MultithreadHttpServer::main,35,46,Default task
2021-11-28T11:08:51.438+09:00,user,IdeState,Active,project 12,Editor,C:/Users/user/IdeaProjects/project 12/src/main/java/MultithreadHttpServer.java,MultithreadHttpServer::main,35,46,Default task
2021-11-28T11:08:52.450+09:00,user,IdeState,Active,project 12,Run,C:/Users/user/IdeaProjects/project 12/src/main/java/MultithreadHttpServer.java,MultithreadHttpServer::main,35,46,Default task
2021-11-28T11:08:53.465+09:00,user,IdeState,Active,project 12,Run,C:/Users/user/IdeaProjects/project 12/src/main/java/MultithreadHttpServer.java,MultithreadHttpServer::main,35,46,Default task
2021-11-28T11:08:54.477+09:00,user,IdeState,Active,project 12,Run,C:/Users/user/IdeaProjects/project 12/src/main/java/MultithreadHttpServer.java,MultithreadHttpServer::main,35,46,Default task
2021-11-28T11:08:55.489+09:00,user,IdeState,Active,project 12,Run,C:/Users/user/IdeaProjects/project 12/src/main/java/MultithreadHttpServer.java,MultithreadHttpServer::main,35,46,Default task
2021-11-28T11:08:56.503+09:00,user,IdeState,Active,project 12,Run,C:/Users/user/IdeaProjects/project 12/src/main/java/MultithreadHttpServer.java,MultithreadHttpServer::main,35,46,Default task
2021-11-28T11:08:57.518+09:00,user,IdeState,Inactive,,,,,-1,-1,
2021-11-28T11:08:58.527+09:00,user,IdeState,Inactive,,,,,-1,-1,
2021-11-28T11:08:59.541+09:00,user,IdeState,Inactive,,,,,-1,-1,
2021-11-28T11:09:00.555+09:00,user,IdeState,Inactive,,,,,-1,-1,
2021-11-28T11:09:01.568+09:00,user,IdeState,Inactive,,,,,-1,-1,
2021-11-28T11:09:02.570+09:00,user,IdeState,Inactive,,,,,-1,-1,
2021-11-28T11:09:03.585+09:00,user,IdeState,Inactive,,,,,-1,-1,
2021-11-28T11:09:04.594+09:00,user,IdeState,Inactive,,,,,-1,-1,
2021-11-28T11:09:05.598+09:00,user,IdeState,Inactive,,,,,-1,-1,
2021-11-28T11:09:06.612+09:00,user,IdeState,Inactive,,,,,-1,-1,
2021-11-28T11:09:07.613+09:00,user,IdeState,Inactive,,,,,-1,-1,
2021-11-28T11:09:08.626+09:00,user,IdeState,Inactive,,,,,-1,-1,
2021-11-28T11:09:09.639+09:00,user,IdeState,Inactive,,,,,-1,-1,
2021-11-28T11:09:10.649+09:00,user,IdeState,Inactive,,,,,-1,-1,
2021-11-28T11:09:11.655+09:00,user,IdeState,Inactive,,,,,-1,-1,
2021-11-28T11:09:12.671+09:00,user,IdeState,Inactive,,,,,-1,-1,
2021-11-28T11:09:13.676+09:00,user,IdeState,Inactive,,,,,-1,-1,
2021-11-28T11:09:14.689+09:00,user,IdeState,Inactive,,,,,-1,-1,
2021-11-28T11:09:15.703+09:00,user,IdeState,Inactive,,,,,-1,-1,
2021-11-28T11:09:16.704+09:00,user,IdeState,Inactive,,,,,-1,-1,
2021-11-28T11:09:17.718+09:00,user,IdeState,Inactive,,,,,-1,-1,
2021-11-28T11:09:18.719+09:00,user,IdeState,Inactive,,,,,-1,-1,
2021-11-28T11:09:19.734+09:00,user,IdeState,Inactive,,,,,-1,-1,
2021-11-28T11:09:20.744+09:00,user,IdeState,Inactive,,,,,-1,-1,
2021-11-28T11:09:21.760+09:00,user,IdeState,Inactive,,,,,-1,-1,
2021-11-28T11:09:22.772+09:00,user,IdeState,Inactive,,,,,-1,-1,
2021-11-28T11:09:23.785+09:00,user,IdeState,Inactive,,,,,-1,-1,
2021-11-28T11:09:24.800+09:00,user,IdeState,Inactive,,,,,-1,-1,
2021-11-28T11:09:25.814+09:00,user,IdeState,Inactive,,,,,-1,-1,
2021-11-28T11:09:26.815+09:00,user,IdeState,Inactive,,,,,-1,-1,
2021-11-28T11:09:27.827+09:00,user,IdeState,Inactive,,,,,-1,-1,
2021-11-28T11:09:28.830+09:00,user,IdeState,Inactive,,,,,-1,-1,
2021-11-28T11:09:29.836+09:00,user,IdeState,Inactive,,,,,-1,-1,
2021-11-28T11:09:30.848+09:00,user,IdeState,Inactive,,,,,-1,-1,
2021-11-28T11:09:31.862+09:00,user,IdeState,Inactive,,,,,-1,-1,
2021-11-28T11:09:32.865+09:00,user,IdeState,Inactive,,,,,-1,-1,
2021-11-28T11:09:33.869+09:00,user,IdeState,Active,project 12,Run,C:/Users/user/IdeaProjects/project 12/src/main/java/MultithreadHttpServer.java,MultithreadHttpServer::main,35,46,Default task
2021-11-28T11:09:34.881+09:00,user,IdeState,Active,project 12,Run,C:/Users/user/IdeaProjects/project 12/src/main/java/MultithreadHttpServer.java,MultithreadHttpServer::main,35,46,Default task
2021-11-28T11:09:35.895+09:00,user,IdeState,Active,project 12,Run,C:/Users/user/IdeaProjects/project 12/src/main/java/MultithreadHttpServer.java,MultithreadHttpServer::main,35,46,Default task
2021-11-28T11:09:36.898+09:00,user,IdeState,Active,project 12,Popup,C:/Users/user/IdeaProjects/project 12/src/main/java/MultithreadHttpServer.java,MultithreadHttpServer::main,35,46,Default task
