2021-09-08T21:46:06.018+09:00,user,IdeState,Active,OperatorMain,Editor,C:/Users/user/IdeaProjects/OperatorMain/src/OperatorMain.java,,1,4,Default task
2021-09-08T21:46:07.103+09:00,user,IdeState,Active,OperatorMain,Editor,C:/Users/user/IdeaProjects/OperatorMain/src/OperatorMain.java,,1,4,Default task
2021-09-08T21:46:08.107+09:00,user,IdeState,Active,OperatorMain,Editor,C:/Users/user/IdeaProjects/OperatorMain/src/OperatorMain.java,,1,4,Default task
2021-09-08T21:46:09.141+09:00,user,IdeState,Active,OperatorMain,Editor,C:/Users/user/IdeaProjects/OperatorMain/src/OperatorMain.java,,1,5,Default task
2021-09-08T21:46:10.173+09:00,user,IdeState,Active,OperatorMain,Editor,C:/Users/user/IdeaProjects/OperatorMain/src/OperatorMain.java,,1,7,Default task
2021-09-08T21:46:11.175+09:00,user,IdeState,Active,OperatorMain,Editor,C:/Users/user/IdeaProjects/OperatorMain/src/OperatorMain.java,,1,10,Default task
2021-09-08T21:46:12.190+09:00,user,IdeState,Active,OperatorMain,Editor,C:/Users/user/IdeaProjects/OperatorMain/src/OperatorMain.java,,1,11,Default task
2021-09-08T21:46:13.206+09:00,user,IdeState,Active,OperatorMain,Editor,C:/Users/user/IdeaProjects/OperatorMain/src/OperatorMain.java,,1,13,Default task
2021-09-08T21:46:14.221+09:00,user,IdeState,Active,OperatorMain,Editor,C:/Users/user/IdeaProjects/OperatorMain/src/OperatorMain.java,,1,18,Default task
2021-09-08T21:46:15.225+09:00,user,IdeState,Active,OperatorMain,Editor,C:/Users/user/IdeaProjects/OperatorMain/src/OperatorMain.java,,1,18,Default task
2021-09-08T21:46:16.226+09:00,user,IdeState,Active,OperatorMain,Editor,C:/Users/user/IdeaProjects/OperatorMain/src/OperatorMain.java,,1,22,Default task
2021-09-08T21:46:17.241+09:00,user,IdeState,Active,OperatorMain,Editor,C:/Users/user/IdeaProjects/OperatorMain/src/OperatorMain.java,,1,21,Default task
2021-09-08T21:46:18.246+09:00,user,IdeState,Active,OperatorMain,Editor,C:/Users/user/IdeaProjects/OperatorMain/src/OperatorMain.java,,1,23,Default task
2021-09-08T21:46:19.248+09:00,user,IdeState,Active,OperatorMain,Editor,C:/Users/user/IdeaProjects/OperatorMain/src/OperatorMain.java,,1,27,Default task
2021-09-08T21:46:20.264+09:00,user,IdeState,Active,OperatorMain,Editor,C:/Users/user/IdeaProjects/OperatorMain/src/OperatorMain.java,OperatorMain::main,1,28,Default task
2021-09-08T21:46:21.277+09:00,user,IdeState,Active,OperatorMain,Editor,C:/Users/user/IdeaProjects/OperatorMain/src/OperatorMain.java,OperatorMain::main,1,30,Default task
2021-09-08T21:46:22.288+09:00,user,IdeState,Active,OperatorMain,Editor,C:/Users/user/IdeaProjects/OperatorMain/src/OperatorMain.java,OperatorMain::main,1,35,Default task
2021-09-08T21:46:23.302+09:00,user,IdeState,Active,OperatorMain,Editor,C:/Users/user/IdeaProjects/OperatorMain/src/OperatorMain.java,OperatorMain::main,1,35,Default task
2021-09-08T21:46:24.316+09:00,user,IdeState,Active,OperatorMain,Editor,C:/Users/user/IdeaProjects/OperatorMain/src/OperatorMain.java,OperatorMain::main,1,35,Default task
2021-09-08T21:46:25.327+09:00,user,IdeState,Active,OperatorMain,Editor,C:/Users/user/IdeaProjects/OperatorMain/src/OperatorMain.java,OperatorMain::main,1,35,Default task
2021-09-08T21:46:26.342+09:00,user,IdeState,Active,OperatorMain,Editor,C:/Users/user/IdeaProjects/OperatorMain/src/OperatorMain.java,OperatorMain::main,1,37,Default task
2021-09-08T21:46:27.345+09:00,user,IdeState,Active,OperatorMain,Editor,C:/Users/user/IdeaProjects/OperatorMain/src/OperatorMain.java,OperatorMain::main,1,40,Default task
2021-09-08T21:46:28.347+09:00,user,IdeState,Active,OperatorMain,Editor,C:/Users/user/IdeaProjects/OperatorMain/src/OperatorMain.java,OperatorMain::main,1,39,Default task
2021-09-08T21:46:29.353+09:00,user,IdeState,Active,OperatorMain,Editor,C:/Users/user/IdeaProjects/OperatorMain/src/OperatorMain.java,OperatorMain::main,1,41,Default task
2021-09-08T21:46:30.363+09:00,user,IdeState,Active,OperatorMain,Editor,C:/Users/user/IdeaProjects/OperatorMain/src/OperatorMain.java,,1,42,Default task
2021-09-08T21:46:31.365+09:00,user,IdeState,Active,OperatorMain,Editor,C:/Users/user/IdeaProjects/OperatorMain/src/OperatorMain.java,,1,42,Default task
2021-09-08T21:46:32.367+09:00,user,IdeState,Active,OperatorMain,Editor,C:/Users/user/IdeaProjects/OperatorMain/src/OperatorMain.java,,1,42,Default task
2021-09-08T21:46:33.371+09:00,user,IdeState,Active,OperatorMain,Editor,C:/Users/user/IdeaProjects/OperatorMain/src/OperatorMain.java,OperatorMain::main,2,8,Default task
2021-09-08T21:46:34.386+09:00,user,IdeState,Active,OperatorMain,Editor,C:/Users/user/IdeaProjects/OperatorMain/src/OperatorMain.java,OperatorMain::main,2,8,Default task
2021-09-08T21:46:35.388+09:00,user,IdeState,Active,OperatorMain,Editor,C:/Users/user/IdeaProjects/OperatorMain/src/OperatorMain.java,OperatorMain::main,3,8,Default task
2021-09-08T21:46:36.398+09:00,user,IdeState,Active,OperatorMain,Editor,C:/Users/user/IdeaProjects/OperatorMain/src/OperatorMain.java,OperatorMain::main,3,10,Default task
2021-09-08T21:46:37.447+09:00,user,IdeState,Active,OperatorMain,Editor,C:/Users/user/IdeaProjects/OperatorMain/src/OperatorMain.java,OperatorMain::main,5,15,Default task
2021-09-08T21:46:38.457+09:00,user,IdeState,Active,OperatorMain,Editor,C:/Users/user/IdeaProjects/OperatorMain/src/OperatorMain.java,OperatorMain::main,5,15,Default task
2021-09-08T21:46:39.472+09:00,user,IdeState,Active,OperatorMain,Editor,C:/Users/user/IdeaProjects/OperatorMain/src/OperatorMain.java,OperatorMain::main,5,18,Default task
2021-09-08T21:46:40.474+09:00,user,IdeState,Active,OperatorMain,Editor,C:/Users/user/IdeaProjects/OperatorMain/src/OperatorMain.java,OperatorMain::main,5,23,Default task
2021-09-08T21:46:41.487+09:00,user,IdeState,Active,OperatorMain,Editor,C:/Users/user/IdeaProjects/OperatorMain/src/OperatorMain.java,OperatorMain::main,5,28,Default task
2021-09-08T21:46:42.490+09:00,user,IdeState,Active,OperatorMain,Editor,C:/Users/user/IdeaProjects/OperatorMain/src/OperatorMain.java,OperatorMain::main,5,30,Default task
2021-09-08T21:46:43.493+09:00,user,IdeState,Active,OperatorMain,Editor,C:/Users/user/IdeaProjects/OperatorMain/src/OperatorMain.java,OperatorMain::main,5,38,Default task
2021-09-08T21:46:44.905+09:00,user,IdeState,Active,OperatorMain,Editor,C:/Users/user/IdeaProjects/OperatorMain/src/OperatorMain.java,OperatorMain::main,5,38,Default task
2021-09-08T21:46:45.913+09:00,user,IdeState,Active,OperatorMain,Editor,C:/Users/user/IdeaProjects/OperatorMain/src/OperatorMain.java,OperatorMain::main,5,40,Default task
2021-09-08T21:46:46.927+09:00,user,IdeState,Active,OperatorMain,Editor,C:/Users/user/IdeaProjects/OperatorMain/src/OperatorMain.java,OperatorMain::main,5,44,Default task
2021-09-08T21:46:47.930+09:00,user,IdeState,Active,OperatorMain,Editor,C:/Users/user/IdeaProjects/OperatorMain/src/OperatorMain.java,OperatorMain::main,5,47,Default task
2021-09-08T21:46:48.945+09:00,user,IdeState,Active,OperatorMain,Editor,C:/Users/user/IdeaProjects/OperatorMain/src/OperatorMain.java,OperatorMain::main,5,48,Default task
2021-09-08T21:46:49.961+09:00,user,IdeState,Active,OperatorMain,Editor,C:/Users/user/IdeaProjects/OperatorMain/src/OperatorMain.java,OperatorMain::main,5,49,Default task
2021-09-08T21:46:50.964+09:00,user,IdeState,Active,OperatorMain,Editor,C:/Users/user/IdeaProjects/OperatorMain/src/OperatorMain.java,OperatorMain::main,5,49,Default task
2021-09-08T21:46:51.971+09:00,user,IdeState,Active,OperatorMain,Editor,C:/Users/user/IdeaProjects/OperatorMain/src/OperatorMain.java,OperatorMain::main,6,8,Default task
2021-09-08T21:46:52.984+09:00,user,IdeState,Active,OperatorMain,Editor,C:/Users/user/IdeaProjects/OperatorMain/src/OperatorMain.java,OperatorMain::main,6,12,Default task
2021-09-08T21:46:53.999+09:00,user,IdeState,Active,OperatorMain,Editor,C:/Users/user/IdeaProjects/OperatorMain/src/OperatorMain.java,OperatorMain::main,6,12,Default task
2021-09-08T21:46:55.001+09:00,user,IdeState,Active,OperatorMain,Editor,C:/Users/user/IdeaProjects/OperatorMain/src/OperatorMain.java,OperatorMain::main,6,13,Default task
2021-09-08T21:46:56.002+09:00,user,IdeState,Active,OperatorMain,Editor,C:/Users/user/IdeaProjects/OperatorMain/src/OperatorMain.java,OperatorMain::main,6,14,Default task
2021-09-08T21:46:57.017+09:00,user,IdeState,Active,OperatorMain,Editor,C:/Users/user/IdeaProjects/OperatorMain/src/OperatorMain.java,OperatorMain::main,6,12,Default task
2021-09-08T21:46:58.032+09:00,user,IdeState,Active,OperatorMain,Editor,C:/Users/user/IdeaProjects/OperatorMain/src/OperatorMain.java,OperatorMain::main,6,10,Default task
2021-09-08T21:46:59.045+09:00,user,IdeState,Active,OperatorMain,Editor,C:/Users/user/IdeaProjects/OperatorMain/src/OperatorMain.java,OperatorMain::main,6,10,Default task
2021-09-08T21:47:00.061+09:00,user,IdeState,Active,OperatorMain,Editor,C:/Users/user/IdeaProjects/OperatorMain/src/OperatorMain.java,OperatorMain::main,6,11,Default task
2021-09-08T21:47:01.062+09:00,user,IdeState,Active,OperatorMain,Editor,C:/Users/user/IdeaProjects/OperatorMain/src/OperatorMain.java,OperatorMain::main,7,12,Default task
2021-09-08T21:47:02.073+09:00,user,IdeState,Active,OperatorMain,Editor,C:/Users/user/IdeaProjects/OperatorMain/src/OperatorMain.java,OperatorMain::main,7,13,Default task
2021-09-08T21:47:03.077+09:00,user,IdeState,Active,OperatorMain,Editor,C:/Users/user/IdeaProjects/OperatorMain/src/OperatorMain.java,OperatorMain::main,7,15,Default task
2021-09-08T21:47:04.089+09:00,user,IdeState,Active,OperatorMain,Editor,C:/Users/user/IdeaProjects/OperatorMain/src/OperatorMain.java,OperatorMain::main,7,20,Default task
2021-09-08T21:47:05.091+09:00,user,IdeState,Active,OperatorMain,Editor,C:/Users/user/IdeaProjects/OperatorMain/src/OperatorMain.java,OperatorMain::main,7,21,Default task
2021-09-08T21:47:06.128+09:00,user,IdeState,Active,OperatorMain,Editor,C:/Users/user/IdeaProjects/OperatorMain/src/OperatorMain.java,OperatorMain::main,7,23,Default task
2021-09-08T21:47:07.130+09:00,user,IdeState,Active,OperatorMain,Editor,C:/Users/user/IdeaProjects/OperatorMain/src/OperatorMain.java,OperatorMain::main,7,32,Default task
2021-09-08T21:47:08.147+09:00,user,IdeState,Active,OperatorMain,Editor,C:/Users/user/IdeaProjects/OperatorMain/src/OperatorMain.java,OperatorMain::main,7,32,Default task
2021-09-08T21:47:09.148+09:00,user,IdeState,Active,OperatorMain,Editor,C:/Users/user/IdeaProjects/OperatorMain/src/OperatorMain.java,OperatorMain::main,7,35,Default task
2021-09-08T21:47:10.153+09:00,user,IdeState,Active,OperatorMain,Editor,C:/Users/user/IdeaProjects/OperatorMain/src/OperatorMain.java,OperatorMain::main,7,38,Default task
2021-09-08T21:47:11.164+09:00,user,IdeState,Active,OperatorMain,Editor,C:/Users/user/IdeaProjects/OperatorMain/src/OperatorMain.java,OperatorMain::main,7,40,Default task
2021-09-08T21:47:12.310+09:00,user,IdeState,Active,OperatorMain,Editor,C:/Users/user/IdeaProjects/OperatorMain/src/OperatorMain.java,OperatorMain::main,8,51,Default task
2021-09-08T21:47:13.319+09:00,user,IdeState,Active,OperatorMain,Editor,C:/Users/user/IdeaProjects/OperatorMain/src/OperatorMain.java,OperatorMain::main,8,52,Default task
2021-09-08T21:47:14.321+09:00,user,IdeState,Active,OperatorMain,Editor,C:/Users/user/IdeaProjects/OperatorMain/src/OperatorMain.java,OperatorMain::main,9,8,Default task
2021-09-08T21:47:15.323+09:00,user,IdeState,Active,OperatorMain,Editor,C:/Users/user/IdeaProjects/OperatorMain/src/OperatorMain.java,OperatorMain::main,9,8,Default task
2021-09-08T21:47:16.327+09:00,user,IdeState,Active,OperatorMain,Editor,C:/Users/user/IdeaProjects/OperatorMain/src/OperatorMain.java,OperatorMain::main,9,9,Default task
2021-09-08T21:47:17.328+09:00,user,IdeState,Active,OperatorMain,Editor,C:/Users/user/IdeaProjects/OperatorMain/src/OperatorMain.java,OperatorMain::main,9,14,Default task
2021-09-08T21:47:18.334+09:00,user,IdeState,Active,OperatorMain,Editor,C:/Users/user/IdeaProjects/OperatorMain/src/OperatorMain.java,OperatorMain::main,9,15,Default task
2021-09-08T21:47:19.347+09:00,user,IdeState,Active,OperatorMain,Editor,C:/Users/user/IdeaProjects/OperatorMain/src/OperatorMain.java,OperatorMain::main,9,18,Default task
2021-09-08T21:47:20.348+09:00,user,IdeState,Active,OperatorMain,Editor,C:/Users/user/IdeaProjects/OperatorMain/src/OperatorMain.java,OperatorMain::main,9,19,Default task
2021-09-08T21:47:21.363+09:00,user,IdeState,Active,OperatorMain,Editor,C:/Users/user/IdeaProjects/OperatorMain/src/OperatorMain.java,OperatorMain::main,9,22,Default task
2021-09-08T21:47:22.406+09:00,user,IdeState,Active,OperatorMain,Editor,C:/Users/user/IdeaProjects/OperatorMain/src/OperatorMain.java,OperatorMain::main,9,22,Default task
2021-09-08T21:47:23.415+09:00,user,IdeState,Active,OperatorMain,Editor,C:/Users/user/IdeaProjects/OperatorMain/src/OperatorMain.java,OperatorMain::main,9,25,Default task
2021-09-08T21:47:24.420+09:00,user,IdeState,Active,OperatorMain,Editor,C:/Users/user/IdeaProjects/OperatorMain/src/OperatorMain.java,OperatorMain::main,9,25,Default task
2021-09-08T21:47:25.422+09:00,user,IdeState,Active,OperatorMain,Editor,C:/Users/user/IdeaProjects/OperatorMain/src/OperatorMain.java,OperatorMain::main,9,26,Default task
2021-09-08T21:47:26.423+09:00,user,IdeState,Active,OperatorMain,Editor,C:/Users/user/IdeaProjects/OperatorMain/src/OperatorMain.java,OperatorMain::main,9,26,Default task
2021-09-08T21:47:27.426+09:00,user,IdeState,Active,OperatorMain,Editor,C:/Users/user/IdeaProjects/OperatorMain/src/OperatorMain.java,OperatorMain::main,9,31,Default task
2021-09-08T21:47:28.427+09:00,user,IdeState,Active,OperatorMain,Editor,C:/Users/user/IdeaProjects/OperatorMain/src/OperatorMain.java,OperatorMain::main,9,34,Default task
2021-09-08T21:47:29.443+09:00,user,IdeState,Active,OperatorMain,Editor,C:/Users/user/IdeaProjects/OperatorMain/src/OperatorMain.java,OperatorMain::main,9,38,Default task
2021-09-08T21:47:30.445+09:00,user,IdeState,Active,OperatorMain,Editor,C:/Users/user/IdeaProjects/OperatorMain/src/OperatorMain.java,OperatorMain::main,9,40,Default task
2021-09-08T21:47:31.448+09:00,user,IdeState,Active,OperatorMain,Editor,C:/Users/user/IdeaProjects/OperatorMain/src/OperatorMain.java,OperatorMain::main,9,43,Default task
2021-09-08T21:47:32.452+09:00,user,IdeState,Active,OperatorMain,Editor,C:/Users/user/IdeaProjects/OperatorMain/src/OperatorMain.java,OperatorMain::main,9,43,Default task
2021-09-08T21:47:33.459+09:00,user,IdeState,Active,OperatorMain,Editor,C:/Users/user/IdeaProjects/OperatorMain/src/OperatorMain.java,OperatorMain::main,9,43,Default task
2021-09-08T21:47:34.464+09:00,user,IdeState,Active,OperatorMain,Editor,C:/Users/user/IdeaProjects/OperatorMain/src/OperatorMain.java,OperatorMain::main,9,43,Default task
2021-09-08T21:47:35.465+09:00,user,IdeState,Active,OperatorMain,Editor,C:/Users/user/IdeaProjects/OperatorMain/src/OperatorMain.java,OperatorMain::main,9,43,Default task
2021-09-08T21:47:36.479+09:00,user,IdeState,Active,OperatorMain,Editor,C:/Users/user/IdeaProjects/OperatorMain/src/OperatorMain.java,OperatorMain::main,9,36,Default task
2021-09-08T21:47:37.480+09:00,user,IdeState,Active,OperatorMain,Editor,C:/Users/user/IdeaProjects/OperatorMain/src/OperatorMain.java,OperatorMain::main,9,16,Default task
2021-09-08T21:47:38.494+09:00,user,IdeState,Active,OperatorMain,Editor,C:/Users/user/IdeaProjects/OperatorMain/src/OperatorMain.java,OperatorMain::main,9,9,Default task
2021-09-08T21:47:39.506+09:00,user,IdeState,Active,OperatorMain,Editor,C:/Users/user/IdeaProjects/OperatorMain/src/OperatorMain.java,OperatorMain::main,9,8,Default task
2021-09-08T21:47:40.520+09:00,user,IdeState,Active,OperatorMain,Editor,C:/Users/user/IdeaProjects/OperatorMain/src/OperatorMain.java,OperatorMain::main,9,8,Default task
2021-09-08T21:47:41.535+09:00,user,IdeState,Active,OperatorMain,Editor,C:/Users/user/IdeaProjects/OperatorMain/src/OperatorMain.java,OperatorMain::main,9,8,Default task
2021-09-08T21:47:42.538+09:00,user,IdeState,Active,OperatorMain,Editor,C:/Users/user/IdeaProjects/OperatorMain/src/OperatorMain.java,OperatorMain::main,9,8,Default task
2021-09-08T21:47:43.542+09:00,user,IdeState,Active,OperatorMain,Editor,C:/Users/user/IdeaProjects/OperatorMain/src/OperatorMain.java,OperatorMain::main,9,8,Default task
2021-09-08T21:47:44.558+09:00,user,IdeState,Active,OperatorMain,Editor,C:/Users/user/IdeaProjects/OperatorMain/src/OperatorMain.java,OperatorMain::main,9,8,Default task
2021-09-08T21:47:45.563+09:00,user,IdeState,Active,OperatorMain,Editor,C:/Users/user/IdeaProjects/OperatorMain/src/OperatorMain.java,OperatorMain::main,9,8,Default task
2021-09-08T21:47:46.567+09:00,user,IdeState,Active,OperatorMain,Editor,C:/Users/user/IdeaProjects/OperatorMain/src/OperatorMain.java,OperatorMain::main,9,8,Default task
2021-09-08T21:47:47.571+09:00,user,IdeState,Active,OperatorMain,Editor,C:/Users/user/IdeaProjects/OperatorMain/src/OperatorMain.java,OperatorMain::main,9,8,Default task
2021-09-08T21:47:48.575+09:00,user,IdeState,Active,OperatorMain,Editor,C:/Users/user/IdeaProjects/OperatorMain/src/OperatorMain.java,OperatorMain::main,9,11,Default task
2021-09-08T21:47:49.586+09:00,user,IdeState,Active,OperatorMain,Editor,C:/Users/user/IdeaProjects/OperatorMain/src/OperatorMain.java,OperatorMain::main,9,12,Default task
2021-09-08T21:47:50.589+09:00,user,IdeState,Active,OperatorMain,Editor,C:/Users/user/IdeaProjects/OperatorMain/src/OperatorMain.java,OperatorMain::main,9,15,Default task
2021-09-08T21:47:51.603+09:00,user,IdeState,Active,OperatorMain,Editor,C:/Users/user/IdeaProjects/OperatorMain/src/OperatorMain.java,OperatorMain::main,9,15,Default task
2021-09-08T21:47:52.610+09:00,user,IdeState,Active,OperatorMain,Editor,C:/Users/user/IdeaProjects/OperatorMain/src/OperatorMain.java,OperatorMain::main,9,20,Default task
2021-09-08T21:47:53.626+09:00,user,IdeState,Active,OperatorMain,Editor,C:/Users/user/IdeaProjects/OperatorMain/src/OperatorMain.java,OperatorMain::main,9,17,Default task
2021-09-08T21:47:54.641+09:00,user,IdeState,Active,OperatorMain,Editor,C:/Users/user/IdeaProjects/OperatorMain/src/OperatorMain.java,OperatorMain::main,9,19,Default task
2021-09-08T21:47:55.644+09:00,user,IdeState,Active,OperatorMain,Editor,C:/Users/user/IdeaProjects/OperatorMain/src/OperatorMain.java,OperatorMain::main,9,20,Default task
2021-09-08T21:47:56.657+09:00,user,IdeState,Active,OperatorMain,Editor,C:/Users/user/IdeaProjects/OperatorMain/src/OperatorMain.java,OperatorMain::main,9,21,Default task
2021-09-08T21:47:57.698+09:00,user,IdeState,Active,OperatorMain,Editor,C:/Users/user/IdeaProjects/OperatorMain/src/OperatorMain.java,OperatorMain::main,9,22,Default task
2021-09-08T21:47:58.707+09:00,user,IdeState,Active,OperatorMain,Editor,C:/Users/user/IdeaProjects/OperatorMain/src/OperatorMain.java,OperatorMain::main,9,23,Default task
2021-09-08T21:47:59.723+09:00,user,IdeState,Active,OperatorMain,Editor,C:/Users/user/IdeaProjects/OperatorMain/src/OperatorMain.java,OperatorMain::main,9,25,Default task
2021-09-08T21:48:00.725+09:00,user,IdeState,Active,OperatorMain,Editor,C:/Users/user/IdeaProjects/OperatorMain/src/OperatorMain.java,OperatorMain::main,9,25,Default task
2021-09-08T21:48:01.730+09:00,user,IdeState,Active,OperatorMain,Editor,C:/Users/user/IdeaProjects/OperatorMain/src/OperatorMain.java,OperatorMain::main,9,27,Default task
2021-09-08T21:48:02.731+09:00,user,IdeState,Active,OperatorMain,Editor,C:/Users/user/IdeaProjects/OperatorMain/src/OperatorMain.java,OperatorMain::main,9,27,Default task
2021-09-08T21:48:03.746+09:00,user,IdeState,Active,OperatorMain,Editor,C:/Users/user/IdeaProjects/OperatorMain/src/OperatorMain.java,OperatorMain::main,9,29,Default task
2021-09-08T21:48:04.760+09:00,user,IdeState,Active,OperatorMain,Editor,C:/Users/user/IdeaProjects/OperatorMain/src/OperatorMain.java,OperatorMain::main,9,30,Default task
2021-09-08T21:48:05.777+09:00,user,IdeState,Active,OperatorMain,Editor,C:/Users/user/IdeaProjects/OperatorMain/src/OperatorMain.java,OperatorMain::main,10,12,Default task
2021-09-08T21:48:06.781+09:00,user,IdeState,Active,OperatorMain,Editor,C:/Users/user/IdeaProjects/OperatorMain/src/OperatorMain.java,OperatorMain::main,10,12,Default task
2021-09-08T21:48:07.797+09:00,user,IdeState,Active,OperatorMain,Editor,C:/Users/user/IdeaProjects/OperatorMain/src/OperatorMain.java,OperatorMain::main,10,12,Default task
2021-09-08T21:48:08.809+09:00,user,IdeState,Active,OperatorMain,Editor,C:/Users/user/IdeaProjects/OperatorMain/src/OperatorMain.java,OperatorMain::main,10,12,Default task
2021-09-08T21:48:09.824+09:00,user,IdeState,Active,OperatorMain,Editor,C:/Users/user/IdeaProjects/OperatorMain/src/OperatorMain.java,OperatorMain::main,10,16,Default task
2021-09-08T21:48:10.826+09:00,user,IdeState,Active,OperatorMain,Editor,C:/Users/user/IdeaProjects/OperatorMain/src/OperatorMain.java,OperatorMain::main,10,20,Default task
2021-09-08T21:48:11.839+09:00,user,IdeState,Active,OperatorMain,Editor,C:/Users/user/IdeaProjects/OperatorMain/src/OperatorMain.java,OperatorMain::main,10,22,Default task
2021-09-08T21:48:12.842+09:00,user,IdeState,Active,OperatorMain,Editor,C:/Users/user/IdeaProjects/OperatorMain/src/OperatorMain.java,OperatorMain::main,10,25,Default task
2021-09-08T21:48:13.844+09:00,user,IdeState,Active,OperatorMain,Editor,C:/Users/user/IdeaProjects/OperatorMain/src/OperatorMain.java,OperatorMain::main,10,25,Default task
2021-09-08T21:48:14.907+09:00,user,IdeState,Active,OperatorMain,Editor,C:/Users/user/IdeaProjects/OperatorMain/src/OperatorMain.java,OperatorMain::main,10,40,Default task
2021-09-08T21:48:15.918+09:00,user,IdeState,Active,OperatorMain,Editor,C:/Users/user/IdeaProjects/OperatorMain/src/OperatorMain.java,OperatorMain::main,10,40,Default task
2021-09-08T21:48:16.934+09:00,user,IdeState,Active,OperatorMain,Editor,C:/Users/user/IdeaProjects/OperatorMain/src/OperatorMain.java,OperatorMain::main,11,12,Default task
2021-09-08T21:48:17.950+09:00,user,IdeState,Active,OperatorMain,Editor,C:/Users/user/IdeaProjects/OperatorMain/src/OperatorMain.java,OperatorMain::main,11,15,Default task
2021-09-08T21:48:18.964+09:00,user,IdeState,Active,OperatorMain,Editor,C:/Users/user/IdeaProjects/OperatorMain/src/OperatorMain.java,OperatorMain::main,11,23,Default task
2021-09-08T21:48:19.976+09:00,user,IdeState,Active,OperatorMain,Editor,C:/Users/user/IdeaProjects/OperatorMain/src/OperatorMain.java,OperatorMain::main,11,23,Default task
2021-09-08T21:48:20.991+09:00,user,IdeState,Active,OperatorMain,Editor,C:/Users/user/IdeaProjects/OperatorMain/src/OperatorMain.java,OperatorMain::main,11,27,Default task
2021-09-08T21:48:22.003+09:00,user,IdeState,Active,OperatorMain,Editor,C:/Users/user/IdeaProjects/OperatorMain/src/OperatorMain.java,OperatorMain::main,11,29,Default task
2021-09-08T21:48:23.018+09:00,user,IdeState,Active,OperatorMain,Editor,C:/Users/user/IdeaProjects/OperatorMain/src/OperatorMain.java,OperatorMain::main,11,32,Default task
2021-09-08T21:48:24.034+09:00,user,IdeState,Active,OperatorMain,Editor,C:/Users/user/IdeaProjects/OperatorMain/src/OperatorMain.java,OperatorMain::main,11,32,Default task
2021-09-08T21:48:25.040+09:00,user,IdeState,Active,OperatorMain,Editor,C:/Users/user/IdeaProjects/OperatorMain/src/OperatorMain.java,OperatorMain::main,11,33,Default task
2021-09-08T21:48:26.040+09:00,user,IdeState,Active,OperatorMain,Editor,C:/Users/user/IdeaProjects/OperatorMain/src/OperatorMain.java,OperatorMain::main,12,9,Default task
2021-09-08T21:48:27.044+09:00,user,IdeState,Active,OperatorMain,Editor,C:/Users/user/IdeaProjects/OperatorMain/src/OperatorMain.java,OperatorMain::main,12,9,Default task
2021-09-08T21:48:28.047+09:00,user,IdeState,Active,OperatorMain,Editor,C:/Users/user/IdeaProjects/OperatorMain/src/OperatorMain.java,OperatorMain::main,12,9,Default task
2021-09-08T21:48:29.051+09:00,user,IdeState,Active,OperatorMain,Editor,C:/Users/user/IdeaProjects/OperatorMain/src/OperatorMain.java,OperatorMain::main,12,9,Default task
2021-09-08T21:48:30.053+09:00,user,IdeState,Active,OperatorMain,Editor,C:/Users/user/IdeaProjects/OperatorMain/src/OperatorMain.java,OperatorMain::main,13,8,Default task
2021-09-08T21:48:31.055+09:00,user,IdeState,Active,OperatorMain,Editor,C:/Users/user/IdeaProjects/OperatorMain/src/OperatorMain.java,OperatorMain::main,13,9,Default task
2021-09-08T21:48:32.068+09:00,user,IdeState,Active,OperatorMain,Editor,C:/Users/user/IdeaProjects/OperatorMain/src/OperatorMain.java,OperatorMain::main,13,15,Default task
2021-09-08T21:48:33.069+09:00,user,IdeState,Active,OperatorMain,Editor,C:/Users/user/IdeaProjects/OperatorMain/src/OperatorMain.java,OperatorMain::main,13,16,Default task
2021-09-08T21:48:34.082+09:00,user,IdeState,Active,OperatorMain,Editor,C:/Users/user/IdeaProjects/OperatorMain/src/OperatorMain.java,OperatorMain::main,13,24,Default task
2021-09-08T21:48:35.097+09:00,user,IdeState,Active,OperatorMain,Editor,C:/Users/user/IdeaProjects/OperatorMain/src/OperatorMain.java,OperatorMain::main,13,24,Default task
2021-09-08T21:48:36.103+09:00,user,IdeState,Active,OperatorMain,Editor,C:/Users/user/IdeaProjects/OperatorMain/src/OperatorMain.java,,14,5,Default task
2021-09-08T21:48:37.103+09:00,user,IdeState,Active,OperatorMain,Editor,C:/Users/user/IdeaProjects/OperatorMain/src/OperatorMain.java,OperatorMain::main,13,24,Default task
2021-09-08T21:48:38.116+09:00,user,IdeState,Active,OperatorMain,Editor,C:/Users/user/IdeaProjects/OperatorMain/src/OperatorMain.java,OperatorMain::main,14,8,Default task
2021-09-08T21:48:39.118+09:00,user,IdeState,Active,OperatorMain,Editor,C:/Users/user/IdeaProjects/OperatorMain/src/OperatorMain.java,OperatorMain::main,14,8,Default task
2021-09-08T21:48:40.121+09:00,user,IdeState,Active,OperatorMain,Editor,C:/Users/user/IdeaProjects/OperatorMain/src/OperatorMain.java,OperatorMain::main,14,8,Default task
2021-09-08T21:48:41.133+09:00,user,IdeState,Active,OperatorMain,Editor,C:/Users/user/IdeaProjects/OperatorMain/src/OperatorMain.java,OperatorMain::main,15,9,Default task
2021-09-08T21:48:42.196+09:00,user,IdeState,Active,OperatorMain,Editor,C:/Users/user/IdeaProjects/OperatorMain/src/OperatorMain.java,OperatorMain::main,15,12,Default task
2021-09-08T21:48:43.204+09:00,user,IdeState,Active,OperatorMain,Editor,C:/Users/user/IdeaProjects/OperatorMain/src/OperatorMain.java,OperatorMain::main,15,12,Default task
2021-09-08T21:48:44.206+09:00,user,IdeState,Active,OperatorMain,Editor,C:/Users/user/IdeaProjects/OperatorMain/src/OperatorMain.java,OperatorMain::main,15,12,Default task
2021-09-08T21:48:45.208+09:00,user,IdeState,Active,OperatorMain,Editor,C:/Users/user/IdeaProjects/OperatorMain/src/OperatorMain.java,OperatorMain::main,15,12,Default task
2021-09-08T21:48:46.211+09:00,user,IdeState,Active,OperatorMain,Editor,C:/Users/user/IdeaProjects/OperatorMain/src/OperatorMain.java,OperatorMain::main,15,12,Default task
2021-09-08T21:48:47.224+09:00,user,IdeState,Active,OperatorMain,Editor,C:/Users/user/IdeaProjects/OperatorMain/src/OperatorMain.java,OperatorMain::main,15,16,Default task
2021-09-08T21:48:48.228+09:00,user,IdeState,Active,OperatorMain,Editor,C:/Users/user/IdeaProjects/OperatorMain/src/OperatorMain.java,OperatorMain::main,15,16,Default task
2021-09-08T21:48:49.241+09:00,user,IdeState,Active,OperatorMain,Editor,C:/Users/user/IdeaProjects/OperatorMain/src/OperatorMain.java,OperatorMain::main,15,14,Default task
2021-09-08T21:48:50.255+09:00,user,IdeState,Active,OperatorMain,Editor,C:/Users/user/IdeaProjects/OperatorMain/src/OperatorMain.java,OperatorMain::main,15,15,Default task
2021-09-08T21:48:51.257+09:00,user,IdeState,Active,OperatorMain,Editor,C:/Users/user/IdeaProjects/OperatorMain/src/OperatorMain.java,OperatorMain::main,15,17,Default task
2021-09-08T21:48:52.269+09:00,user,IdeState,Active,OperatorMain,Editor,C:/Users/user/IdeaProjects/OperatorMain/src/OperatorMain.java,OperatorMain::main,15,20,Default task
2021-09-08T21:48:53.281+09:00,user,IdeState,Active,OperatorMain,Editor,C:/Users/user/IdeaProjects/OperatorMain/src/OperatorMain.java,OperatorMain::main,15,20,Default task
2021-09-08T21:48:54.284+09:00,user,IdeState,Active,OperatorMain,Editor,C:/Users/user/IdeaProjects/OperatorMain/src/OperatorMain.java,OperatorMain::main,15,21,Default task
2021-09-08T21:48:55.295+09:00,user,IdeState,Active,OperatorMain,Editor,C:/Users/user/IdeaProjects/OperatorMain/src/OperatorMain.java,OperatorMain::main,15,23,Default task
2021-09-08T21:48:56.299+09:00,user,IdeState,Active,OperatorMain,Editor,C:/Users/user/IdeaProjects/OperatorMain/src/OperatorMain.java,OperatorMain::main,15,27,Default task
2021-09-08T21:48:57.305+09:00,user,IdeState,Active,OperatorMain,Editor,C:/Users/user/IdeaProjects/OperatorMain/src/OperatorMain.java,OperatorMain::main,15,27,Default task
2021-09-08T21:48:58.311+09:00,user,IdeState,Active,OperatorMain,Editor,C:/Users/user/IdeaProjects/OperatorMain/src/OperatorMain.java,OperatorMain::main,15,39,Default task
2021-09-08T21:48:59.312+09:00,user,IdeState,Active,OperatorMain,Editor,C:/Users/user/IdeaProjects/OperatorMain/src/OperatorMain.java,OperatorMain::main,15,40,Default task
2021-09-08T21:49:00.333+09:00,user,IdeState,Active,OperatorMain,Editor,C:/Users/user/IdeaProjects/OperatorMain/src/OperatorMain.java,OperatorMain::main,15,39,Default task
2021-09-08T21:49:01.341+09:00,user,IdeState,Active,OperatorMain,Editor,C:/Users/user/IdeaProjects/OperatorMain/src/OperatorMain.java,OperatorMain::main,15,42,Default task
2021-09-08T21:49:02.346+09:00,user,IdeState,Active,OperatorMain,Editor,C:/Users/user/IdeaProjects/OperatorMain/src/OperatorMain.java,OperatorMain::main,16,11,Default task
2021-09-08T21:49:03.356+09:00,user,IdeState,Active,OperatorMain,Editor,C:/Users/user/IdeaProjects/OperatorMain/src/OperatorMain.java,OperatorMain::main,16,14,Default task
2021-09-08T21:49:04.357+09:00,user,IdeState,Active,OperatorMain,Editor,C:/Users/user/IdeaProjects/OperatorMain/src/OperatorMain.java,OperatorMain::main,16,14,Default task
2021-09-08T21:49:05.372+09:00,user,IdeState,Active,OperatorMain,Editor,C:/Users/user/IdeaProjects/OperatorMain/src/OperatorMain.java,OperatorMain::main,16,18,Default task
2021-09-08T21:49:06.387+09:00,user,IdeState,Active,OperatorMain,Editor,C:/Users/user/IdeaProjects/OperatorMain/src/OperatorMain.java,OperatorMain::main,16,21,Default task
2021-09-08T21:49:07.401+09:00,user,IdeState,Active,OperatorMain,Editor,C:/Users/user/IdeaProjects/OperatorMain/src/OperatorMain.java,OperatorMain::main,16,22,Default task
2021-09-08T21:49:08.415+09:00,user,IdeState,Active,OperatorMain,Editor,C:/Users/user/IdeaProjects/OperatorMain/src/OperatorMain.java,OperatorMain::main,16,24,Default task
2021-09-08T21:49:09.428+09:00,user,IdeState,Active,OperatorMain,Editor,C:/Users/user/IdeaProjects/OperatorMain/src/OperatorMain.java,OperatorMain::main,16,38,Default task
2021-09-08T21:49:10.429+09:00,user,IdeState,Active,OperatorMain,Editor,C:/Users/user/IdeaProjects/OperatorMain/src/OperatorMain.java,OperatorMain::main,16,39,Default task
2021-09-08T21:49:11.431+09:00,user,IdeState,Active,OperatorMain,Editor,C:/Users/user/IdeaProjects/OperatorMain/src/OperatorMain.java,OperatorMain::main,16,41,Default task
2021-09-08T21:49:12.448+09:00,user,IdeState,Active,OperatorMain,Editor,C:/Users/user/IdeaProjects/OperatorMain/src/OperatorMain.java,,18,8,Default task
2021-09-08T21:49:13.452+09:00,user,IdeState,Active,OperatorMain,Editor,C:/Users/user/IdeaProjects/OperatorMain/src/OperatorMain.java,OperatorMain::main,18,11,Default task
2021-09-08T21:49:14.467+09:00,user,IdeState,Active,OperatorMain,Editor,C:/Users/user/IdeaProjects/OperatorMain/src/OperatorMain.java,OperatorMain::main,18,14,Default task
2021-09-08T21:49:15.481+09:00,user,IdeState,Active,OperatorMain,Editor,C:/Users/user/IdeaProjects/OperatorMain/src/OperatorMain.java,OperatorMain::main,18,15,Default task
2021-09-08T21:49:16.486+09:00,user,IdeState,Active,OperatorMain,Editor,C:/Users/user/IdeaProjects/OperatorMain/src/OperatorMain.java,OperatorMain::main,18,17,Default task
2021-09-08T21:49:17.488+09:00,user,IdeState,Active,OperatorMain,Editor,C:/Users/user/IdeaProjects/OperatorMain/src/OperatorMain.java,OperatorMain::main,18,20,Default task
2021-09-08T21:49:18.502+09:00,user,IdeState,Active,OperatorMain,Editor,C:/Users/user/IdeaProjects/OperatorMain/src/OperatorMain.java,OperatorMain::main,18,22,Default task
2021-09-08T21:49:19.506+09:00,user,IdeState,Active,OperatorMain,Editor,C:/Users/user/IdeaProjects/OperatorMain/src/OperatorMain.java,OperatorMain::main,18,23,Default task
2021-09-08T21:49:20.520+09:00,user,IdeState,Active,OperatorMain,Editor,C:/Users/user/IdeaProjects/OperatorMain/src/OperatorMain.java,OperatorMain::main,18,29,Default task
2021-09-08T21:49:21.522+09:00,user,IdeState,Active,OperatorMain,Editor,C:/Users/user/IdeaProjects/OperatorMain/src/OperatorMain.java,OperatorMain::main,18,29,Default task
2021-09-08T21:49:22.525+09:00,user,IdeState,Active,OperatorMain,Editor,C:/Users/user/IdeaProjects/OperatorMain/src/OperatorMain.java,OperatorMain::main,18,29,Default task
2021-09-08T21:49:23.535+09:00,user,IdeState,Active,OperatorMain,Editor,C:/Users/user/IdeaProjects/OperatorMain/src/OperatorMain.java,OperatorMain::main,18,29,Default task
2021-09-08T21:49:24.544+09:00,user,IdeState,Active,OperatorMain,Editor,C:/Users/user/IdeaProjects/OperatorMain/src/OperatorMain.java,OperatorMain::main,18,33,Default task
2021-09-08T21:49:25.554+09:00,user,IdeState,Active,OperatorMain,Editor,C:/Users/user/IdeaProjects/OperatorMain/src/OperatorMain.java,OperatorMain::main,18,37,Default task
2021-09-08T21:49:26.594+09:00,user,IdeState,Active,OperatorMain,Editor,C:/Users/user/IdeaProjects/OperatorMain/src/OperatorMain.java,OperatorMain::main,18,38,Default task
2021-09-08T21:49:27.596+09:00,user,IdeState,Active,OperatorMain,Editor,C:/Users/user/IdeaProjects/OperatorMain/src/OperatorMain.java,OperatorMain::main,18,46,Default task
2021-09-08T21:49:28.610+09:00,user,IdeState,Active,OperatorMain,Editor,C:/Users/user/IdeaProjects/OperatorMain/src/OperatorMain.java,OperatorMain::main,18,44,Default task
2021-09-08T21:49:29.626+09:00,user,IdeState,Active,OperatorMain,Editor,C:/Users/user/IdeaProjects/OperatorMain/src/OperatorMain.java,OperatorMain::main,18,42,Default task
2021-09-08T21:49:30.638+09:00,user,IdeState,Active,OperatorMain,Editor,C:/Users/user/IdeaProjects/OperatorMain/src/OperatorMain.java,OperatorMain::main,18,42,Default task
2021-09-08T21:49:31.653+09:00,user,IdeState,Active,OperatorMain,Editor,C:/Users/user/IdeaProjects/OperatorMain/src/OperatorMain.java,OperatorMain::main,18,42,Default task
2021-09-08T21:49:32.656+09:00,user,IdeState,Active,OperatorMain,Editor,C:/Users/user/IdeaProjects/OperatorMain/src/OperatorMain.java,OperatorMain::main,18,45,Default task
2021-09-08T21:49:33.660+09:00,user,IdeState,Active,OperatorMain,Editor,C:/Users/user/IdeaProjects/OperatorMain/src/OperatorMain.java,OperatorMain::main,18,46,Default task
2021-09-08T21:49:34.676+09:00,user,IdeState,Active,OperatorMain,Editor,C:/Users/user/IdeaProjects/OperatorMain/src/OperatorMain.java,OperatorMain::main,18,46,Default task
2021-09-08T21:49:35.691+09:00,user,IdeState,Active,OperatorMain,Editor,C:/Users/user/IdeaProjects/OperatorMain/src/OperatorMain.java,OperatorMain::main,19,8,Default task
2021-09-08T21:49:36.693+09:00,user,IdeState,Active,OperatorMain,Editor,C:/Users/user/IdeaProjects/OperatorMain/src/OperatorMain.java,OperatorMain::main,19,14,Default task
2021-09-08T21:49:37.730+09:00,user,IdeState,Active,OperatorMain,Editor,C:/Users/user/IdeaProjects/OperatorMain/src/OperatorMain.java,OperatorMain::main,19,15,Default task
2021-09-08T21:49:38.742+09:00,user,IdeState,Active,OperatorMain,Editor,C:/Users/user/IdeaProjects/OperatorMain/src/OperatorMain.java,OperatorMain::main,19,15,Default task
2021-09-08T21:49:39.755+09:00,user,IdeState,Active,OperatorMain,Editor,C:/Users/user/IdeaProjects/OperatorMain/src/OperatorMain.java,OperatorMain::main,19,15,Default task
2021-09-08T21:49:40.761+09:00,user,IdeState,Active,OperatorMain,Editor,C:/Users/user/IdeaProjects/OperatorMain/src/OperatorMain.java,OperatorMain::main,19,15,Default task
2021-09-08T21:49:41.767+09:00,user,IdeState,Active,OperatorMain,Editor,C:/Users/user/IdeaProjects/OperatorMain/src/OperatorMain.java,OperatorMain::main,19,17,Default task
2021-09-08T21:49:42.771+09:00,user,IdeState,Active,OperatorMain,Editor,C:/Users/user/IdeaProjects/OperatorMain/src/OperatorMain.java,OperatorMain::main,20,0,Default task
2021-09-08T21:49:43.785+09:00,user,IdeState,Active,OperatorMain,Editor,C:/Users/user/IdeaProjects/OperatorMain/src/OperatorMain.java,OperatorMain::main,20,2,Default task
2021-09-08T21:49:44.799+09:00,user,IdeState,Active,OperatorMain,Editor,C:/Users/user/IdeaProjects/OperatorMain/src/OperatorMain.java,OperatorMain::main,20,0,Default task
2021-09-08T21:49:45.815+09:00,user,IdeState,Active,OperatorMain,Editor,C:/Users/user/IdeaProjects/OperatorMain/src/OperatorMain.java,OperatorMain::main,19,17,Default task
2021-09-08T21:49:46.826+09:00,user,IdeState,Active,OperatorMain,Editor,C:/Users/user/IdeaProjects/OperatorMain/src/OperatorMain.java,OperatorMain::main,20,4,Default task
2021-09-08T21:49:47.842+09:00,user,IdeState,Active,OperatorMain,Editor,C:/Users/user/IdeaProjects/OperatorMain/src/OperatorMain.java,OperatorMain::main,19,5,Default task
2021-09-08T21:49:48.856+09:00,user,IdeState,Active,OperatorMain,Editor,C:/Users/user/IdeaProjects/OperatorMain/src/OperatorMain.java,OperatorMain::main,19,15,Default task
2021-09-08T21:49:49.870+09:00,user,IdeState,Active,OperatorMain,Editor,C:/Users/user/IdeaProjects/OperatorMain/src/OperatorMain.java,OperatorMain::main,20,0,Default task
2021-09-08T21:49:50.874+09:00,user,IdeState,Active,OperatorMain,Editor,C:/Users/user/IdeaProjects/OperatorMain/src/OperatorMain.java,OperatorMain::main,19,18,Default task
2021-09-08T21:49:51.887+09:00,user,IdeState,Active,OperatorMain,Editor,C:/Users/user/IdeaProjects/OperatorMain/src/OperatorMain.java,OperatorMain::main,19,20,Default task
2021-09-08T21:49:52.903+09:00,user,IdeState,Active,OperatorMain,Editor,C:/Users/user/IdeaProjects/OperatorMain/src/OperatorMain.java,OperatorMain::main,19,21,Default task
2021-09-08T21:49:53.911+09:00,user,IdeState,Active,OperatorMain,Editor,C:/Users/user/IdeaProjects/OperatorMain/src/OperatorMain.java,OperatorMain::main,19,26,Default task
2021-09-08T21:49:54.926+09:00,user,IdeState,Active,OperatorMain,Editor,C:/Users/user/IdeaProjects/OperatorMain/src/OperatorMain.java,OperatorMain::main,19,27,Default task
2021-09-08T21:49:55.940+09:00,user,IdeState,Active,OperatorMain,Editor,C:/Users/user/IdeaProjects/OperatorMain/src/OperatorMain.java,OperatorMain::main,19,34,Default task
2021-09-08T21:49:57.181+09:00,user,IdeState,Active,OperatorMain,Editor,C:/Users/user/IdeaProjects/OperatorMain/src/OperatorMain.java,OperatorMain::main,19,34,Default task
2021-09-08T21:49:58.186+09:00,user,IdeState,Active,OperatorMain,Editor,C:/Users/user/IdeaProjects/OperatorMain/src/OperatorMain.java,OperatorMain::main,19,35,Default task
2021-09-08T21:49:59.201+09:00,user,IdeState,Active,OperatorMain,Editor,C:/Users/user/IdeaProjects/OperatorMain/src/OperatorMain.java,OperatorMain::main,19,36,Default task
2021-09-08T21:50:00.215+09:00,user,IdeState,Active,OperatorMain,Editor,C:/Users/user/IdeaProjects/OperatorMain/src/OperatorMain.java,OperatorMain::main,19,36,Default task
2021-09-08T21:50:01.218+09:00,user,IdeState,Active,OperatorMain,Editor,C:/Users/user/IdeaProjects/OperatorMain/src/OperatorMain.java,OperatorMain::main,19,36,Default task
2021-09-08T21:50:02.252+09:00,user,IdeState,Active,OperatorMain,Editor,C:/Users/user/IdeaProjects/OperatorMain/src/OperatorMain.java,OperatorMain::main,19,39,Default task
2021-09-08T21:50:03.264+09:00,user,IdeState,Active,OperatorMain,Editor,C:/Users/user/IdeaProjects/OperatorMain/src/OperatorMain.java,OperatorMain::main,19,39,Default task
2021-09-08T21:50:04.273+09:00,user,IdeState,Active,OperatorMain,Editor,C:/Users/user/IdeaProjects/OperatorMain/src/OperatorMain.java,OperatorMain::main,19,41,Default task
2021-09-08T21:50:05.277+09:00,user,IdeState,Active,OperatorMain,Editor,C:/Users/user/IdeaProjects/OperatorMain/src/OperatorMain.java,OperatorMain::main,19,43,Default task
2021-09-08T21:50:06.290+09:00,user,IdeState,Active,OperatorMain,Editor,C:/Users/user/IdeaProjects/OperatorMain/src/OperatorMain.java,OperatorMain::main,19,44,Default task
2021-09-08T21:50:07.306+09:00,user,IdeState,Active,OperatorMain,Editor,C:/Users/user/IdeaProjects/OperatorMain/src/OperatorMain.java,OperatorMain::main,19,45,Default task
2021-09-08T21:50:08.318+09:00,user,IdeState,Active,OperatorMain,Editor,C:/Users/user/IdeaProjects/OperatorMain/src/OperatorMain.java,OperatorMain::main,20,8,Default task
2021-09-08T21:50:09.333+09:00,user,IdeState,Active,OperatorMain,Editor,C:/Users/user/IdeaProjects/OperatorMain/src/OperatorMain.java,OperatorMain::main,20,12,Default task
2021-09-08T21:50:10.348+09:00,user,IdeState,Active,OperatorMain,Editor,C:/Users/user/IdeaProjects/OperatorMain/src/OperatorMain.java,OperatorMain::main,20,14,Default task
2021-09-08T21:50:11.350+09:00,user,IdeState,Active,OperatorMain,Editor,C:/Users/user/IdeaProjects/OperatorMain/src/OperatorMain.java,OperatorMain::main,20,16,Default task
2021-09-08T21:50:12.351+09:00,user,IdeState,Active,OperatorMain,Editor,C:/Users/user/IdeaProjects/OperatorMain/src/OperatorMain.java,OperatorMain::main,20,18,Default task
2021-09-08T21:50:13.368+09:00,user,IdeState,Active,OperatorMain,Editor,C:/Users/user/IdeaProjects/OperatorMain/src/OperatorMain.java,OperatorMain::main,20,20,Default task
2021-09-08T21:50:14.378+09:00,user,IdeState,Active,OperatorMain,Editor,C:/Users/user/IdeaProjects/OperatorMain/src/OperatorMain.java,OperatorMain::main,20,20,Default task
2021-09-08T21:50:15.399+09:00,user,IdeState,Active,OperatorMain,Editor,C:/Users/user/IdeaProjects/OperatorMain/src/OperatorMain.java,OperatorMain::main,20,24,Default task
2021-09-08T21:50:16.411+09:00,user,IdeState,Active,OperatorMain,Editor,C:/Users/user/IdeaProjects/OperatorMain/src/OperatorMain.java,OperatorMain::main,20,25,Default task
2021-09-08T21:50:17.417+09:00,user,IdeState,Active,OperatorMain,Editor,C:/Users/user/IdeaProjects/OperatorMain/src/OperatorMain.java,OperatorMain::main,20,27,Default task
2021-09-08T21:50:18.431+09:00,user,IdeState,Active,OperatorMain,Editor,C:/Users/user/IdeaProjects/OperatorMain/src/OperatorMain.java,OperatorMain::main,20,32,Default task
2021-09-08T21:50:19.433+09:00,user,IdeState,Active,OperatorMain,Editor,C:/Users/user/IdeaProjects/OperatorMain/src/OperatorMain.java,OperatorMain::main,20,32,Default task
2021-09-08T21:50:20.438+09:00,user,IdeState,Active,OperatorMain,Editor,C:/Users/user/IdeaProjects/OperatorMain/src/OperatorMain.java,OperatorMain::main,21,8,Default task
2021-09-08T21:50:21.443+09:00,user,IdeState,Active,OperatorMain,Editor,C:/Users/user/IdeaProjects/OperatorMain/src/OperatorMain.java,OperatorMain::main,21,8,Default task
2021-09-08T21:50:22.450+09:00,user,IdeState,Active,OperatorMain,Editor,C:/Users/user/IdeaProjects/OperatorMain/src/OperatorMain.java,OperatorMain::main,21,8,Default task
2021-09-08T21:50:23.461+09:00,user,IdeState,Active,OperatorMain,Editor,C:/Users/user/IdeaProjects/OperatorMain/src/OperatorMain.java,OperatorMain::main,21,11,Default task
2021-09-08T21:50:24.467+09:00,user,IdeState,Active,OperatorMain,Editor,C:/Users/user/IdeaProjects/OperatorMain/src/OperatorMain.java,OperatorMain::main,21,14,Default task
2021-09-08T21:50:25.480+09:00,user,IdeState,Active,OperatorMain,Editor,C:/Users/user/IdeaProjects/OperatorMain/src/OperatorMain.java,OperatorMain::main,21,15,Default task
2021-09-08T21:50:26.494+09:00,user,IdeState,Active,OperatorMain,Editor,C:/Users/user/IdeaProjects/OperatorMain/src/OperatorMain.java,OperatorMain::main,21,16,Default task
2021-09-08T21:50:27.496+09:00,user,IdeState,Active,OperatorMain,Editor,C:/Users/user/IdeaProjects/OperatorMain/src/OperatorMain.java,OperatorMain::main,21,19,Default task
2021-09-08T21:50:28.497+09:00,user,IdeState,Active,OperatorMain,Editor,C:/Users/user/IdeaProjects/OperatorMain/src/OperatorMain.java,OperatorMain::main,21,20,Default task
2021-09-08T21:50:29.500+09:00,user,IdeState,Active,OperatorMain,Editor,C:/Users/user/IdeaProjects/OperatorMain/src/OperatorMain.java,OperatorMain::main,21,21,Default task
2021-09-08T21:50:30.503+09:00,user,IdeState,Active,OperatorMain,Editor,C:/Users/user/IdeaProjects/OperatorMain/src/OperatorMain.java,OperatorMain::main,21,21,Default task
2021-09-08T21:50:31.504+09:00,user,IdeState,Active,OperatorMain,Editor,C:/Users/user/IdeaProjects/OperatorMain/src/OperatorMain.java,OperatorMain::main,21,23,Default task
2021-09-08T21:50:32.527+09:00,user,IdeState,Active,OperatorMain,Editor,C:/Users/user/IdeaProjects/OperatorMain/src/OperatorMain.java,OperatorMain::main,21,24,Default task
2021-09-08T21:50:33.536+09:00,user,IdeState,Active,OperatorMain,Editor,C:/Users/user/IdeaProjects/OperatorMain/src/OperatorMain.java,OperatorMain::main,21,24,Default task
2021-09-08T21:50:34.547+09:00,user,IdeState,Active,OperatorMain,Editor,C:/Users/user/IdeaProjects/OperatorMain/src/OperatorMain.java,OperatorMain::main,21,24,Default task
2021-09-08T21:50:35.562+09:00,user,IdeState,Active,OperatorMain,Editor,C:/Users/user/IdeaProjects/OperatorMain/src/OperatorMain.java,OperatorMain::main,21,24,Default task
2021-09-08T21:50:36.576+09:00,user,IdeState,Active,OperatorMain,Editor,C:/Users/user/IdeaProjects/OperatorMain/src/OperatorMain.java,OperatorMain::main,21,24,Default task
2021-09-08T21:50:37.592+09:00,user,IdeState,Active,OperatorMain,Editor,C:/Users/user/IdeaProjects/OperatorMain/src/OperatorMain.java,OperatorMain::main,23,8,Default task
2021-09-08T21:50:38.608+09:00,user,IdeState,Active,OperatorMain,Editor,C:/Users/user/IdeaProjects/OperatorMain/src/OperatorMain.java,OperatorMain::main,23,10,Default task
2021-09-08T21:50:39.619+09:00,user,IdeState,Active,OperatorMain,Editor,C:/Users/user/IdeaProjects/OperatorMain/src/OperatorMain.java,OperatorMain::main,23,14,Default task
2021-09-08T21:50:40.633+09:00,user,IdeState,Active,OperatorMain,Editor,C:/Users/user/IdeaProjects/OperatorMain/src/OperatorMain.java,OperatorMain::main,23,18,Default task
2021-09-08T21:50:41.647+09:00,user,IdeState,Active,OperatorMain,Editor,C:/Users/user/IdeaProjects/OperatorMain/src/OperatorMain.java,OperatorMain::main,23,18,Default task
2021-09-08T21:50:42.651+09:00,user,IdeState,Active,OperatorMain,Editor,C:/Users/user/IdeaProjects/OperatorMain/src/OperatorMain.java,OperatorMain::main,23,20,Default task
2021-09-08T21:50:43.651+09:00,user,IdeState,Active,OperatorMain,Editor,C:/Users/user/IdeaProjects/OperatorMain/src/OperatorMain.java,OperatorMain::main,23,27,Default task
2021-09-08T21:50:44.664+09:00,user,IdeState,Active,OperatorMain,Editor,C:/Users/user/IdeaProjects/OperatorMain/src/OperatorMain.java,OperatorMain::main,23,28,Default task
2021-09-08T21:50:45.672+09:00,user,IdeState,Active,OperatorMain,Editor,C:/Users/user/IdeaProjects/OperatorMain/src/OperatorMain.java,OperatorMain::main,23,28,Default task
2021-09-08T21:50:46.685+09:00,user,IdeState,Active,OperatorMain,Editor,C:/Users/user/IdeaProjects/OperatorMain/src/OperatorMain.java,OperatorMain::main,23,30,Default task
2021-09-08T21:50:47.697+09:00,user,IdeState,Active,OperatorMain,Editor,C:/Users/user/IdeaProjects/OperatorMain/src/OperatorMain.java,OperatorMain::main,23,32,Default task
2021-09-08T21:50:48.713+09:00,user,IdeState,Active,OperatorMain,Editor,C:/Users/user/IdeaProjects/OperatorMain/src/OperatorMain.java,OperatorMain::main,23,33,Default task
2021-09-08T21:50:49.729+09:00,user,IdeState,Active,OperatorMain,Editor,C:/Users/user/IdeaProjects/OperatorMain/src/OperatorMain.java,OperatorMain::main,24,8,Default task
2021-09-08T21:50:50.744+09:00,user,IdeState,Active,OperatorMain,Editor,C:/Users/user/IdeaProjects/OperatorMain/src/OperatorMain.java,OperatorMain::main,24,8,Default task
2021-09-08T21:50:51.749+09:00,user,IdeState,Active,OperatorMain,Editor,C:/Users/user/IdeaProjects/OperatorMain/src/OperatorMain.java,OperatorMain::main,24,8,Default task
2021-09-08T21:50:52.753+09:00,user,IdeState,Active,OperatorMain,Editor,C:/Users/user/IdeaProjects/OperatorMain/src/OperatorMain.java,OperatorMain::main,24,8,Default task
2021-09-08T21:50:53.763+09:00,user,IdeState,Active,OperatorMain,Editor,C:/Users/user/IdeaProjects/OperatorMain/src/OperatorMain.java,OperatorMain::main,24,8,Default task
2021-09-08T21:50:54.776+09:00,user,IdeState,Active,OperatorMain,Editor,C:/Users/user/IdeaProjects/OperatorMain/src/OperatorMain.java,OperatorMain::main,24,8,Default task
2021-09-08T21:50:55.796+09:00,user,IdeState,Inactive,,,,,-1,-1,
2021-09-08T21:50:56.801+09:00,user,IdeState,Inactive,,,,,-1,-1,
2021-09-08T21:50:57.814+09:00,user,IdeState,Inactive,,,,,-1,-1,
2021-09-08T21:50:58.815+09:00,user,IdeState,Inactive,,,,,-1,-1,
2021-09-08T21:50:59.827+09:00,user,IdeState,Inactive,,,,,-1,-1,
2021-09-08T21:51:00.842+09:00,user,IdeState,Inactive,,,,,-1,-1,
2021-09-08T21:51:01.855+09:00,user,IdeState,Inactive,,,,,-1,-1,
2021-09-08T21:51:02.857+09:00,user,IdeState,Inactive,,,,,-1,-1,
2021-09-08T21:51:03.858+09:00,user,IdeState,Inactive,,,,,-1,-1,
2021-09-08T21:51:04.872+09:00,user,IdeState,Inactive,,,,,-1,-1,
2021-09-08T21:51:05.886+09:00,user,IdeState,Inactive,,,,,-1,-1,
2021-09-08T21:51:06.890+09:00,user,IdeState,Inactive,,,,,-1,-1,
2021-09-08T21:51:07.903+09:00,user,IdeState,Active,OperatorMain,Editor,C:/Users/user/IdeaProjects/OperatorMain/src/OperatorMain.java,OperatorMain::main,24,8,Default task
2021-09-08T21:51:08.904+09:00,user,IdeState,Active,OperatorMain,Editor,C:/Users/user/IdeaProjects/OperatorMain/src/OperatorMain.java,OperatorMain::main,24,8,Default task
2021-09-08T21:51:09.919+09:00,user,IdeState,Active,OperatorMain,Editor,C:/Users/user/IdeaProjects/OperatorMain/src/OperatorMain.java,OperatorMain::main,24,8,Default task
2021-09-08T21:51:10.923+09:00,user,IdeState,Active,OperatorMain,Editor,C:/Users/user/IdeaProjects/OperatorMain/src/OperatorMain.java,OperatorMain::main,23,26,Default task
2021-09-08T21:51:11.928+09:00,user,IdeState,Active,OperatorMain,Editor,C:/Users/user/IdeaProjects/OperatorMain/src/OperatorMain.java,OperatorMain::main,23,9,Default task
2021-09-08T21:51:12.933+09:00,user,IdeState,Active,OperatorMain,Editor,C:/Users/user/IdeaProjects/OperatorMain/src/OperatorMain.java,OperatorMain::main,23,8,Default task
2021-09-08T21:51:13.939+09:00,user,IdeState,Active,OperatorMain,Editor,C:/Users/user/IdeaProjects/OperatorMain/src/OperatorMain.java,OperatorMain::main,23,8,Default task
2021-09-08T21:51:14.943+09:00,user,IdeState,Active,OperatorMain,Editor,C:/Users/user/IdeaProjects/OperatorMain/src/OperatorMain.java,OperatorMain::main,23,8,Default task
2021-09-08T21:51:15.956+09:00,user,IdeState,Active,OperatorMain,Editor,C:/Users/user/IdeaProjects/OperatorMain/src/OperatorMain.java,OperatorMain::main,23,8,Default task
2021-09-08T21:51:16.957+09:00,user,IdeState,Active,OperatorMain,Editor,C:/Users/user/IdeaProjects/OperatorMain/src/OperatorMain.java,OperatorMain::main,23,8,Default task
2021-09-08T21:51:17.960+09:00,user,IdeState,Active,OperatorMain,Editor,C:/Users/user/IdeaProjects/OperatorMain/src/OperatorMain.java,OperatorMain::main,23,8,Default task
2021-09-08T21:51:18.963+09:00,user,IdeState,Active,OperatorMain,Editor,C:/Users/user/IdeaProjects/OperatorMain/src/OperatorMain.java,OperatorMain::main,23,8,Default task
2021-09-08T21:51:19.968+09:00,user,IdeState,Active,OperatorMain,Editor,C:/Users/user/IdeaProjects/OperatorMain/src/OperatorMain.java,OperatorMain::main,23,8,Default task
2021-09-08T21:51:20.978+09:00,user,IdeState,Active,OperatorMain,Editor,C:/Users/user/IdeaProjects/OperatorMain/src/OperatorMain.java,OperatorMain::main,23,8,Default task
2021-09-08T21:51:21.994+09:00,user,IdeState,Active,OperatorMain,Editor,C:/Users/user/IdeaProjects/OperatorMain/src/OperatorMain.java,OperatorMain::main,23,9,Default task
2021-09-08T21:51:23.016+09:00,user,IdeState,Active,OperatorMain,Editor,C:/Users/user/IdeaProjects/OperatorMain/src/OperatorMain.java,OperatorMain::main,23,14,Default task
2021-09-08T21:51:24.029+09:00,user,IdeState,Active,OperatorMain,Editor,C:/Users/user/IdeaProjects/OperatorMain/src/OperatorMain.java,OperatorMain::main,23,15,Default task
2021-09-08T21:51:25.046+09:00,user,IdeState,Active,OperatorMain,Editor,C:/Users/user/IdeaProjects/OperatorMain/src/OperatorMain.java,OperatorMain::main,23,19,Default task
2021-09-08T21:51:26.060+09:00,user,IdeState,Active,OperatorMain,Editor,C:/Users/user/IdeaProjects/OperatorMain/src/OperatorMain.java,OperatorMain::main,23,27,Default task
2021-09-08T21:51:27.068+09:00,user,IdeState,Active,OperatorMain,Editor,C:/Users/user/IdeaProjects/OperatorMain/src/OperatorMain.java,OperatorMain::main,23,27,Default task
2021-09-08T21:51:28.072+09:00,user,IdeState,Active,OperatorMain,Editor,C:/Users/user/IdeaProjects/OperatorMain/src/OperatorMain.java,OperatorMain::main,23,29,Default task
2021-09-08T21:51:29.085+09:00,user,IdeState,Active,OperatorMain,Editor,C:/Users/user/IdeaProjects/OperatorMain/src/OperatorMain.java,OperatorMain::main,23,35,Default task
2021-09-08T21:51:30.088+09:00,user,IdeState,Active,OperatorMain,Editor,C:/Users/user/IdeaProjects/OperatorMain/src/OperatorMain.java,OperatorMain::main,23,35,Default task
2021-09-08T21:51:31.089+09:00,user,IdeState,Active,OperatorMain,Editor,C:/Users/user/IdeaProjects/OperatorMain/src/OperatorMain.java,OperatorMain::main,23,36,Default task
2021-09-08T21:51:32.104+09:00,user,IdeState,Active,OperatorMain,Editor,C:/Users/user/IdeaProjects/OperatorMain/src/OperatorMain.java,OperatorMain::main,23,37,Default task
2021-09-08T21:51:33.120+09:00,user,IdeState,Active,OperatorMain,Editor,C:/Users/user/IdeaProjects/OperatorMain/src/OperatorMain.java,OperatorMain::main,23,37,Default task
2021-09-08T21:51:34.134+09:00,user,IdeState,Active,OperatorMain,Editor,C:/Users/user/IdeaProjects/OperatorMain/src/OperatorMain.java,OperatorMain::main,23,38,Default task
2021-09-08T21:51:35.149+09:00,user,IdeState,Active,OperatorMain,Editor,C:/Users/user/IdeaProjects/OperatorMain/src/OperatorMain.java,OperatorMain::main,23,38,Default task
2021-09-08T21:51:36.153+09:00,user,IdeState,Active,OperatorMain,Editor,C:/Users/user/IdeaProjects/OperatorMain/src/OperatorMain.java,OperatorMain::main,23,39,Default task
2021-09-08T21:51:37.165+09:00,user,IdeState,Active,OperatorMain,Editor,C:/Users/user/IdeaProjects/OperatorMain/src/OperatorMain.java,OperatorMain::main,23,40,Default task
2021-09-08T21:51:38.177+09:00,user,IdeState,Active,OperatorMain,Editor,C:/Users/user/IdeaProjects/OperatorMain/src/OperatorMain.java,OperatorMain::main,23,40,Default task
2021-09-08T21:51:39.182+09:00,user,IdeState,Active,OperatorMain,Editor,C:/Users/user/IdeaProjects/OperatorMain/src/OperatorMain.java,OperatorMain::main,23,40,Default task
2021-09-08T21:51:40.198+09:00,user,IdeState,Active,OperatorMain,Editor,C:/Users/user/IdeaProjects/OperatorMain/src/OperatorMain.java,OperatorMain::main,23,40,Default task
2021-09-08T21:51:41.243+09:00,user,IdeState,Active,OperatorMain,Editor,C:/Users/user/IdeaProjects/OperatorMain/src/OperatorMain.java,OperatorMain::main,23,44,Default task
2021-09-08T21:51:42.244+09:00,user,IdeState,Active,OperatorMain,Editor,C:/Users/user/IdeaProjects/OperatorMain/src/OperatorMain.java,OperatorMain::main,23,44,Default task
2021-09-08T21:51:43.267+09:00,user,IdeState,Active,OperatorMain,Editor,C:/Users/user/IdeaProjects/OperatorMain/src/OperatorMain.java,OperatorMain::main,23,47,Default task
2021-09-08T21:51:44.275+09:00,user,IdeState,Active,OperatorMain,Editor,C:/Users/user/IdeaProjects/OperatorMain/src/OperatorMain.java,OperatorMain::main,23,47,Default task
2021-09-08T21:51:45.288+09:00,user,IdeState,Active,OperatorMain,Editor,C:/Users/user/IdeaProjects/OperatorMain/src/OperatorMain.java,OperatorMain::main,23,47,Default task
2021-09-08T21:51:46.302+09:00,user,IdeState,Active,OperatorMain,Editor,C:/Users/user/IdeaProjects/OperatorMain/src/OperatorMain.java,OperatorMain::main,23,48,Default task
2021-09-08T21:51:47.316+09:00,user,IdeState,Active,OperatorMain,Editor,C:/Users/user/IdeaProjects/OperatorMain/src/OperatorMain.java,OperatorMain::main,23,49,Default task
2021-09-08T21:51:48.332+09:00,user,IdeState,Active,OperatorMain,Editor,C:/Users/user/IdeaProjects/OperatorMain/src/OperatorMain.java,OperatorMain::main,23,49,Default task
2021-09-08T21:51:49.336+09:00,user,IdeState,Active,OperatorMain,Editor,C:/Users/user/IdeaProjects/OperatorMain/src/OperatorMain.java,OperatorMain::main,23,49,Default task
2021-09-08T21:51:50.338+09:00,user,IdeState,Active,OperatorMain,Editor,C:/Users/user/IdeaProjects/OperatorMain/src/OperatorMain.java,OperatorMain::main,23,50,Default task
2021-09-08T21:51:51.352+09:00,user,IdeState,Active,OperatorMain,Editor,C:/Users/user/IdeaProjects/OperatorMain/src/OperatorMain.java,OperatorMain::main,23,50,Default task
2021-09-08T21:51:52.367+09:00,user,IdeState,Active,OperatorMain,Editor,C:/Users/user/IdeaProjects/OperatorMain/src/OperatorMain.java,OperatorMain::main,23,44,Default task
2021-09-08T21:51:53.369+09:00,user,IdeState,Active,OperatorMain,Editor,C:/Users/user/IdeaProjects/OperatorMain/src/OperatorMain.java,OperatorMain::main,23,38,Default task
2021-09-08T21:51:54.375+09:00,user,IdeState,Active,OperatorMain,Editor,C:/Users/user/IdeaProjects/OperatorMain/src/OperatorMain.java,OperatorMain::main,23,39,Default task
2021-09-08T21:51:55.385+09:00,user,IdeState,Active,OperatorMain,Editor,C:/Users/user/IdeaProjects/OperatorMain/src/OperatorMain.java,OperatorMain::main,23,38,Default task
2021-09-08T21:51:56.401+09:00,user,IdeState,Active,OperatorMain,Editor,C:/Users/user/IdeaProjects/OperatorMain/src/OperatorMain.java,OperatorMain::main,23,39,Default task
2021-09-08T21:51:57.408+09:00,user,IdeState,Active,OperatorMain,Editor,C:/Users/user/IdeaProjects/OperatorMain/src/OperatorMain.java,OperatorMain::main,23,44,Default task
2021-09-08T21:51:58.413+09:00,user,IdeState,Active,OperatorMain,Editor,C:/Users/user/IdeaProjects/OperatorMain/src/OperatorMain.java,OperatorMain::main,23,50,Default task
2021-09-08T21:51:59.426+09:00,user,IdeState,Active,OperatorMain,Editor,C:/Users/user/IdeaProjects/OperatorMain/src/OperatorMain.java,OperatorMain::main,23,55,Default task
2021-09-08T21:52:00.440+09:00,user,IdeState,Active,OperatorMain,Editor,C:/Users/user/IdeaProjects/OperatorMain/src/OperatorMain.java,OperatorMain::main,23,55,Default task
2021-09-08T21:52:01.450+09:00,user,IdeState,Active,OperatorMain,Editor,C:/Users/user/IdeaProjects/OperatorMain/src/OperatorMain.java,OperatorMain::main,23,55,Default task
2021-09-08T21:52:02.466+09:00,user,IdeState,Active,OperatorMain,Editor,C:/Users/user/IdeaProjects/OperatorMain/src/OperatorMain.java,OperatorMain::main,23,56,Default task
2021-09-08T21:52:03.468+09:00,user,IdeState,Active,OperatorMain,Editor,C:/Users/user/IdeaProjects/OperatorMain/src/OperatorMain.java,OperatorMain::main,23,56,Default task
2021-09-08T21:52:04.484+09:00,user,IdeState,Active,OperatorMain,Editor,C:/Users/user/IdeaProjects/OperatorMain/src/OperatorMain.java,OperatorMain::main,23,56,Default task
2021-09-08T21:52:05.487+09:00,user,IdeState,Active,OperatorMain,Editor,C:/Users/user/IdeaProjects/OperatorMain/src/OperatorMain.java,OperatorMain::main,23,56,Default task
2021-09-08T21:52:06.494+09:00,user,IdeState,Active,OperatorMain,Editor,C:/Users/user/IdeaProjects/OperatorMain/src/OperatorMain.java,OperatorMain::main,23,56,Default task
2021-09-08T21:52:07.500+09:00,user,IdeState,Active,OperatorMain,Editor,C:/Users/user/IdeaProjects/OperatorMain/src/OperatorMain.java,OperatorMain::main,23,58,Default task
2021-09-08T21:52:08.512+09:00,user,IdeState,Active,OperatorMain,Editor,C:/Users/user/IdeaProjects/OperatorMain/src/OperatorMain.java,OperatorMain::main,23,59,Default task
2021-09-08T21:52:09.517+09:00,user,IdeState,Active,OperatorMain,Editor,C:/Users/user/IdeaProjects/OperatorMain/src/OperatorMain.java,OperatorMain::main,23,60,Default task
2021-09-08T21:52:10.530+09:00,user,IdeState,Active,OperatorMain,Editor,C:/Users/user/IdeaProjects/OperatorMain/src/OperatorMain.java,OperatorMain::main,24,9,Default task
2021-09-08T21:52:11.533+09:00,user,IdeState,Active,OperatorMain,Editor,C:/Users/user/IdeaProjects/OperatorMain/src/OperatorMain.java,OperatorMain::main,24,9,Default task
2021-09-08T21:52:12.548+09:00,user,IdeState,Active,OperatorMain,Editor,C:/Users/user/IdeaProjects/OperatorMain/src/OperatorMain.java,OperatorMain::main,24,14,Default task
2021-09-08T21:52:13.577+09:00,user,IdeState,Active,OperatorMain,Editor,C:/Users/user/IdeaProjects/OperatorMain/src/OperatorMain.java,OperatorMain::main,24,18,Default task
2021-09-08T21:52:14.592+09:00,user,IdeState,Active,OperatorMain,Editor,C:/Users/user/IdeaProjects/OperatorMain/src/OperatorMain.java,OperatorMain::main,24,27,Default task
2021-09-08T21:52:15.593+09:00,user,IdeState,Active,OperatorMain,Editor,C:/Users/user/IdeaProjects/OperatorMain/src/OperatorMain.java,OperatorMain::main,24,27,Default task
2021-09-08T21:52:16.596+09:00,user,IdeState,Active,OperatorMain,Editor,C:/Users/user/IdeaProjects/OperatorMain/src/OperatorMain.java,OperatorMain::main,24,27,Default task
2021-09-08T21:52:17.598+09:00,user,IdeState,Active,OperatorMain,Editor,C:/Users/user/IdeaProjects/OperatorMain/src/OperatorMain.java,OperatorMain::main,24,28,Default task
2021-09-08T21:52:18.612+09:00,user,IdeState,Active,OperatorMain,Editor,C:/Users/user/IdeaProjects/OperatorMain/src/OperatorMain.java,OperatorMain::main,24,29,Default task
2021-09-08T21:52:19.613+09:00,user,IdeState,Active,OperatorMain,Editor,C:/Users/user/IdeaProjects/OperatorMain/src/OperatorMain.java,OperatorMain::main,24,32,Default task
2021-09-08T21:52:20.619+09:00,user,IdeState,Active,OperatorMain,Editor,C:/Users/user/IdeaProjects/OperatorMain/src/OperatorMain.java,OperatorMain::main,25,8,Default task
2021-09-08T21:52:21.635+09:00,user,IdeState,Active,OperatorMain,Editor,C:/Users/user/IdeaProjects/OperatorMain/src/OperatorMain.java,OperatorMain::main,25,9,Default task
2021-09-08T21:52:22.648+09:00,user,IdeState,Active,OperatorMain,Editor,C:/Users/user/IdeaProjects/OperatorMain/src/OperatorMain.java,OperatorMain::main,25,14,Default task
2021-09-08T21:52:23.649+09:00,user,IdeState,Active,OperatorMain,Editor,C:/Users/user/IdeaProjects/OperatorMain/src/OperatorMain.java,OperatorMain::main,25,19,Default task
2021-09-08T21:52:24.650+09:00,user,IdeState,Active,OperatorMain,Editor,C:/Users/user/IdeaProjects/OperatorMain/src/OperatorMain.java,OperatorMain::main,25,27,Default task
2021-09-08T21:52:25.666+09:00,user,IdeState,Active,OperatorMain,Editor,C:/Users/user/IdeaProjects/OperatorMain/src/OperatorMain.java,OperatorMain::main,25,27,Default task
2021-09-08T21:52:26.670+09:00,user,IdeState,Active,OperatorMain,Editor,C:/Users/user/IdeaProjects/OperatorMain/src/OperatorMain.java,OperatorMain::main,25,29,Default task
2021-09-08T21:52:27.673+09:00,user,IdeState,Active,OperatorMain,Editor,C:/Users/user/IdeaProjects/OperatorMain/src/OperatorMain.java,OperatorMain::main,25,35,Default task
2021-09-08T21:52:28.686+09:00,user,IdeState,Active,OperatorMain,Editor,C:/Users/user/IdeaProjects/OperatorMain/src/OperatorMain.java,OperatorMain::main,25,35,Default task
2021-09-08T21:52:29.702+09:00,user,IdeState,Active,OperatorMain,Editor,C:/Users/user/IdeaProjects/OperatorMain/src/OperatorMain.java,OperatorMain::main,25,36,Default task
2021-09-08T21:52:30.714+09:00,user,IdeState,Active,OperatorMain,Editor,C:/Users/user/IdeaProjects/OperatorMain/src/OperatorMain.java,OperatorMain::main,25,36,Default task
2021-09-08T21:52:31.716+09:00,user,IdeState,Active,OperatorMain,Editor,C:/Users/user/IdeaProjects/OperatorMain/src/OperatorMain.java,OperatorMain::main,25,37,Default task
2021-09-08T21:52:32.731+09:00,user,IdeState,Active,OperatorMain,Editor,C:/Users/user/IdeaProjects/OperatorMain/src/OperatorMain.java,OperatorMain::main,25,37,Default task
2021-09-08T21:52:33.739+09:00,user,IdeState,Active,OperatorMain,Editor,C:/Users/user/IdeaProjects/OperatorMain/src/OperatorMain.java,OperatorMain::main,25,37,Default task
2021-09-08T21:52:34.754+09:00,user,IdeState,Active,OperatorMain,Editor,C:/Users/user/IdeaProjects/OperatorMain/src/OperatorMain.java,OperatorMain::main,25,37,Default task
2021-09-08T21:52:35.781+09:00,user,IdeState,Active,OperatorMain,Editor,C:/Users/user/IdeaProjects/OperatorMain/src/OperatorMain.java,OperatorMain::main,25,41,Default task
2021-09-08T21:52:36.791+09:00,user,IdeState,Active,OperatorMain,Editor,C:/Users/user/IdeaProjects/OperatorMain/src/OperatorMain.java,OperatorMain::main,25,42,Default task
2021-09-08T21:52:37.804+09:00,user,IdeState,Active,OperatorMain,Editor,C:/Users/user/IdeaProjects/OperatorMain/src/OperatorMain.java,OperatorMain::main,25,42,Default task
2021-09-08T21:52:38.819+09:00,user,IdeState,Active,OperatorMain,Editor,C:/Users/user/IdeaProjects/OperatorMain/src/OperatorMain.java,OperatorMain::main,25,42,Default task
2021-09-08T21:52:39.828+09:00,user,IdeState,Active,OperatorMain,Editor,C:/Users/user/IdeaProjects/OperatorMain/src/OperatorMain.java,OperatorMain::main,25,43,Default task
2021-09-08T21:52:40.833+09:00,user,IdeState,Active,OperatorMain,Editor,C:/Users/user/IdeaProjects/OperatorMain/src/OperatorMain.java,OperatorMain::main,25,43,Default task
2021-09-08T21:52:41.839+09:00,user,IdeState,Active,OperatorMain,Editor,C:/Users/user/IdeaProjects/OperatorMain/src/OperatorMain.java,OperatorMain::main,25,44,Default task
2021-09-08T21:52:42.844+09:00,user,IdeState,Active,OperatorMain,Editor,C:/Users/user/IdeaProjects/OperatorMain/src/OperatorMain.java,OperatorMain::main,25,44,Default task
2021-09-08T21:52:43.857+09:00,user,IdeState,Active,OperatorMain,Editor,C:/Users/user/IdeaProjects/OperatorMain/src/OperatorMain.java,OperatorMain::main,25,44,Default task
2021-09-08T21:52:44.866+09:00,user,IdeState,Active,OperatorMain,Editor,C:/Users/user/IdeaProjects/OperatorMain/src/OperatorMain.java,OperatorMain::main,25,44,Default task
2021-09-08T21:52:45.879+09:00,user,IdeState,Active,OperatorMain,Editor,C:/Users/user/IdeaProjects/OperatorMain/src/OperatorMain.java,OperatorMain::main,25,46,Default task
2021-09-08T21:52:46.894+09:00,user,IdeState,Active,OperatorMain,Editor,C:/Users/user/IdeaProjects/OperatorMain/src/OperatorMain.java,OperatorMain::main,25,48,Default task
2021-09-08T21:52:47.897+09:00,user,IdeState,Active,OperatorMain,Editor,C:/Users/user/IdeaProjects/OperatorMain/src/OperatorMain.java,OperatorMain::main,25,49,Default task
2021-09-08T21:52:48.902+09:00,user,IdeState,Active,OperatorMain,Editor,C:/Users/user/IdeaProjects/OperatorMain/src/OperatorMain.java,OperatorMain::main,25,50,Default task
2021-09-08T21:52:49.905+09:00,user,IdeState,Active,OperatorMain,Editor,C:/Users/user/IdeaProjects/OperatorMain/src/OperatorMain.java,OperatorMain::main,25,50,Default task
2021-09-08T21:52:50.921+09:00,user,IdeState,Active,OperatorMain,Editor,C:/Users/user/IdeaProjects/OperatorMain/src/OperatorMain.java,OperatorMain::main,25,54,Default task
2021-09-08T21:52:51.924+09:00,user,IdeState,Active,OperatorMain,Editor,C:/Users/user/IdeaProjects/OperatorMain/src/OperatorMain.java,OperatorMain::main,25,54,Default task
2021-09-08T21:52:52.933+09:00,user,IdeState,Active,OperatorMain,Editor,C:/Users/user/IdeaProjects/OperatorMain/src/OperatorMain.java,OperatorMain::main,25,57,Default task
2021-09-08T21:52:53.948+09:00,user,IdeState,Active,OperatorMain,Editor,C:/Users/user/IdeaProjects/OperatorMain/src/OperatorMain.java,OperatorMain::main,25,57,Default task
2021-09-08T21:52:54.962+09:00,user,IdeState,Active,OperatorMain,Editor,C:/Users/user/IdeaProjects/OperatorMain/src/OperatorMain.java,OperatorMain::main,25,57,Default task
2021-09-08T21:52:55.974+09:00,user,IdeState,Active,OperatorMain,Editor,C:/Users/user/IdeaProjects/OperatorMain/src/OperatorMain.java,OperatorMain::main,25,58,Default task
2021-09-08T21:52:56.977+09:00,user,IdeState,Active,OperatorMain,Editor,C:/Users/user/IdeaProjects/OperatorMain/src/OperatorMain.java,OperatorMain::main,25,58,Default task
2021-09-08T21:52:57.982+09:00,user,IdeState,Active,OperatorMain,Editor,C:/Users/user/IdeaProjects/OperatorMain/src/OperatorMain.java,OperatorMain::main,25,58,Default task
2021-09-08T21:52:59.027+09:00,user,IdeState,Active,OperatorMain,Editor,C:/Users/user/IdeaProjects/OperatorMain/src/OperatorMain.java,OperatorMain::main,25,59,Default task
2021-09-08T21:53:00.048+09:00,user,IdeState,Active,OperatorMain,Editor,C:/Users/user/IdeaProjects/OperatorMain/src/OperatorMain.java,OperatorMain::main,25,62,Default task
2021-09-08T21:53:01.060+09:00,user,IdeState,Active,OperatorMain,Editor,C:/Users/user/IdeaProjects/OperatorMain/src/OperatorMain.java,OperatorMain::main,25,60,Default task
2021-09-08T21:53:02.064+09:00,user,IdeState,Active,OperatorMain,Editor,C:/Users/user/IdeaProjects/OperatorMain/src/OperatorMain.java,OperatorMain::main,25,61,Default task
2021-09-08T21:53:03.079+09:00,user,IdeState,Active,OperatorMain,Editor,C:/Users/user/IdeaProjects/OperatorMain/src/OperatorMain.java,OperatorMain::main,25,62,Default task
2021-09-08T21:53:04.079+09:00,user,IdeState,Active,OperatorMain,Editor,C:/Users/user/IdeaProjects/OperatorMain/src/OperatorMain.java,OperatorMain::main,25,63,Default task
2021-09-08T21:53:05.085+09:00,user,IdeState,Active,OperatorMain,Editor,C:/Users/user/IdeaProjects/OperatorMain/src/OperatorMain.java,OperatorMain::main,25,63,Default task
2021-09-08T21:53:06.092+09:00,user,IdeState,Active,OperatorMain,Editor,C:/Users/user/IdeaProjects/OperatorMain/src/OperatorMain.java,OperatorMain::main,25,64,Default task
2021-09-08T21:53:07.105+09:00,user,IdeState,Active,OperatorMain,Editor,C:/Users/user/IdeaProjects/OperatorMain/src/OperatorMain.java,OperatorMain::main,25,64,Default task
2021-09-08T21:53:08.108+09:00,user,IdeState,Active,OperatorMain,Editor,C:/Users/user/IdeaProjects/OperatorMain/src/OperatorMain.java,OperatorMain::main,25,65,Default task
2021-09-08T21:53:09.121+09:00,user,IdeState,Active,OperatorMain,Editor,C:/Users/user/IdeaProjects/OperatorMain/src/OperatorMain.java,OperatorMain::main,25,67,Default task
2021-09-08T21:53:10.126+09:00,user,IdeState,Active,OperatorMain,Editor,C:/Users/user/IdeaProjects/OperatorMain/src/OperatorMain.java,OperatorMain::main,25,67,Default task
2021-09-08T21:53:11.141+09:00,user,IdeState,Active,OperatorMain,Editor,C:/Users/user/IdeaProjects/OperatorMain/src/OperatorMain.java,OperatorMain::main,25,67,Default task
2021-09-08T21:53:12.155+09:00,user,IdeState,Active,OperatorMain,Popup,C:/Users/user/IdeaProjects/OperatorMain/src/OperatorMain.java,OperatorMain::main,25,67,Default task
2021-09-08T21:53:13.165+09:00,user,IdeState,Active,OperatorMain,Popup,C:/Users/user/IdeaProjects/OperatorMain/src/OperatorMain.java,OperatorMain::main,25,67,Default task
2021-09-08T21:53:14.181+09:00,user,IdeState,Active,OperatorMain,Popup,C:/Users/user/IdeaProjects/OperatorMain/src/OperatorMain.java,OperatorMain::main,25,67,Default task
2021-09-08T21:53:15.183+09:00,user,IdeState,Active,OperatorMain,Editor,C:/Users/user/IdeaProjects/OperatorMain/src/OperatorMain.java,OperatorMain::main,25,67,Default task
2021-09-08T21:53:16.197+09:00,user,IdeState,Active,OperatorMain,Editor,C:/Users/user/IdeaProjects/OperatorMain/src/OperatorMain.java,OperatorMain::main,25,67,Default task
2021-09-08T21:53:17.208+09:00,user,IdeState,Active,OperatorMain,Editor,C:/Users/user/IdeaProjects/OperatorMain/src/OperatorMain.java,OperatorMain::main,25,67,Default task
2021-09-08T21:53:18.222+09:00,user,IdeState,Active,OperatorMain,Editor,C:/Users/user/IdeaProjects/OperatorMain/src/OperatorMain.java,OperatorMain::main,25,67,Default task
2021-09-08T21:53:19.236+09:00,user,IdeState,Active,OperatorMain,Editor,C:/Users/user/IdeaProjects/OperatorMain/src/OperatorMain.java,OperatorMain::main,25,67,Default task
2021-09-08T21:53:20.246+09:00,user,IdeState,Active,OperatorMain,Editor,C:/Users/user/IdeaProjects/OperatorMain/src/OperatorMain.java,OperatorMain::main,25,67,Default task
2021-09-08T21:53:21.258+09:00,user,IdeState,Active,OperatorMain,Editor,C:/Users/user/IdeaProjects/OperatorMain/src/OperatorMain.java,OperatorMain::main,25,67,Default task
2021-09-08T21:53:22.269+09:00,user,IdeState,Active,OperatorMain,Editor,C:/Users/user/IdeaProjects/OperatorMain/src/OperatorMain.java,OperatorMain::main,25,67,Default task
2021-09-08T21:53:23.283+09:00,user,IdeState,Active,OperatorMain,Editor,C:/Users/user/IdeaProjects/OperatorMain/src/OperatorMain.java,OperatorMain::main,25,67,Default task
2021-09-08T21:53:24.284+09:00,user,IdeState,Active,OperatorMain,Editor,C:/Users/user/IdeaProjects/OperatorMain/src/OperatorMain.java,OperatorMain::main,25,67,Default task
2021-09-08T21:53:25.292+09:00,user,IdeState,Active,OperatorMain,Editor,C:/Users/user/IdeaProjects/OperatorMain/src/OperatorMain.java,OperatorMain::main,25,67,Default task
2021-09-08T21:53:26.298+09:00,user,IdeState,Active,OperatorMain,Editor,C:/Users/user/IdeaProjects/OperatorMain/src/OperatorMain.java,OperatorMain::main,25,67,Default task
2021-09-08T21:53:27.298+09:00,user,IdeState,Active,OperatorMain,Editor,C:/Users/user/IdeaProjects/OperatorMain/src/OperatorMain.java,OperatorMain::main,25,67,Default task
2021-09-08T21:53:28.305+09:00,user,IdeState,Active,OperatorMain,Editor,C:/Users/user/IdeaProjects/OperatorMain/src/OperatorMain.java,OperatorMain::main,25,67,Default task
2021-09-08T21:53:29.319+09:00,user,IdeState,Active,OperatorMain,Editor,C:/Users/user/IdeaProjects/OperatorMain/src/OperatorMain.java,OperatorMain::main,25,67,Default task
2021-09-08T21:53:30.332+09:00,user,IdeState,Active,OperatorMain,Editor,C:/Users/user/IdeaProjects/OperatorMain/src/OperatorMain.java,OperatorMain::main,25,67,Default task
2021-09-08T21:53:31.346+09:00,user,IdeState,Active,OperatorMain,Editor,C:/Users/user/IdeaProjects/OperatorMain/src/OperatorMain.java,OperatorMain::main,25,67,Default task
2021-09-08T21:53:32.349+09:00,user,IdeState,Active,OperatorMain,Editor,C:/Users/user/IdeaProjects/OperatorMain/src/OperatorMain.java,OperatorMain::main,25,67,Default task
2021-09-08T21:53:33.361+09:00,user,IdeState,Active,OperatorMain,Editor,C:/Users/user/IdeaProjects/OperatorMain/src/OperatorMain.java,OperatorMain::main,25,67,Default task
2021-09-08T21:53:34.372+09:00,user,IdeState,Active,OperatorMain,Editor,C:/Users/user/IdeaProjects/OperatorMain/src/OperatorMain.java,OperatorMain::main,25,67,Default task
2021-09-08T21:53:35.387+09:00,user,IdeState,Active,OperatorMain,Editor,C:/Users/user/IdeaProjects/OperatorMain/src/OperatorMain.java,OperatorMain::main,25,67,Default task
2021-09-08T21:53:36.403+09:00,user,IdeState,Active,OperatorMain,Editor,C:/Users/user/IdeaProjects/OperatorMain/src/OperatorMain.java,OperatorMain::main,25,67,Default task
2021-09-08T21:53:37.416+09:00,user,IdeState,Active,OperatorMain,Editor,C:/Users/user/IdeaProjects/OperatorMain/src/OperatorMain.java,OperatorMain::main,25,15,Default task
2021-09-08T21:53:38.422+09:00,user,IdeState,Active,OperatorMain,Editor,C:/Users/user/IdeaProjects/OperatorMain/src/OperatorMain.java,OperatorMain::main,24,8,Default task
2021-09-08T21:53:39.424+09:00,user,IdeState,Active,OperatorMain,Editor,C:/Users/user/IdeaProjects/OperatorMain/src/OperatorMain.java,OperatorMain::main,24,8,Default task
2021-09-08T21:53:40.441+09:00,user,IdeState,Active,OperatorMain,Editor,C:/Users/user/IdeaProjects/OperatorMain/src/OperatorMain.java,OperatorMain::main,24,8,Default task
2021-09-08T21:53:41.443+09:00,user,IdeState,Active,OperatorMain,Editor,C:/Users/user/IdeaProjects/OperatorMain/src/OperatorMain.java,OperatorMain::main,23,60,Default task
2021-09-08T21:53:42.457+09:00,user,IdeState,Active,OperatorMain,Editor,C:/Users/user/IdeaProjects/OperatorMain/src/OperatorMain.java,OperatorMain::main,23,60,Default task
2021-09-08T21:53:43.471+09:00,user,IdeState,Active,OperatorMain,Editor,C:/Users/user/IdeaProjects/OperatorMain/src/OperatorMain.java,OperatorMain::main,23,60,Default task
2021-09-08T21:53:44.473+09:00,user,IdeState,Active,OperatorMain,Editor,C:/Users/user/IdeaProjects/OperatorMain/src/OperatorMain.java,OperatorMain::main,23,60,Default task
2021-09-08T21:53:45.474+09:00,user,IdeState,Active,OperatorMain,Editor,C:/Users/user/IdeaProjects/OperatorMain/src/OperatorMain.java,OperatorMain::main,23,60,Default task
2021-09-08T21:53:46.487+09:00,user,IdeState,Active,OperatorMain,Editor,C:/Users/user/IdeaProjects/OperatorMain/src/OperatorMain.java,OperatorMain::main,23,60,Default task
2021-09-08T21:53:47.489+09:00,user,IdeState,Active,OperatorMain,Editor,C:/Users/user/IdeaProjects/OperatorMain/src/OperatorMain.java,OperatorMain::main,23,60,Default task
2021-09-08T21:53:48.502+09:00,user,IdeState,Active,OperatorMain,Editor,C:/Users/user/IdeaProjects/OperatorMain/src/OperatorMain.java,OperatorMain::main,23,60,Default task
2021-09-08T21:53:49.505+09:00,user,IdeState,Active,OperatorMain,Editor,C:/Users/user/IdeaProjects/OperatorMain/src/OperatorMain.java,OperatorMain::main,23,60,Default task
2021-09-08T21:53:50.516+09:00,user,IdeState,Active,OperatorMain,Editor,C:/Users/user/IdeaProjects/OperatorMain/src/OperatorMain.java,OperatorMain::main,23,60,Default task
2021-09-08T21:53:51.529+09:00,user,IdeState,Active,OperatorMain,Editor,C:/Users/user/IdeaProjects/OperatorMain/src/OperatorMain.java,OperatorMain::main,23,60,Default task
2021-09-08T21:53:52.531+09:00,user,IdeState,Active,OperatorMain,Editor,C:/Users/user/IdeaProjects/OperatorMain/src/OperatorMain.java,OperatorMain::main,23,60,Default task
2021-09-08T21:53:53.546+09:00,user,IdeState,Active,OperatorMain,Editor,C:/Users/user/IdeaProjects/OperatorMain/src/OperatorMain.java,OperatorMain::main,23,60,Default task
2021-09-08T21:53:54.560+09:00,user,IdeState,Active,OperatorMain,Editor,C:/Users/user/IdeaProjects/OperatorMain/src/OperatorMain.java,OperatorMain::main,23,60,Default task
2021-09-08T21:53:55.567+09:00,user,IdeState,Active,OperatorMain,Editor,C:/Users/user/IdeaProjects/OperatorMain/src/OperatorMain.java,OperatorMain::main,23,60,Default task
2021-09-08T21:53:56.593+09:00,user,IdeState,Active,OperatorMain,Editor,C:/Users/user/IdeaProjects/OperatorMain/src/OperatorMain.java,OperatorMain::main,23,60,Default task
2021-09-08T21:53:57.608+09:00,user,IdeState,Active,OperatorMain,Editor,C:/Users/user/IdeaProjects/OperatorMain/src/OperatorMain.java,OperatorMain::main,23,60,Default task
2021-09-08T21:53:58.619+09:00,user,IdeState,Active,OperatorMain,Popup,C:/Users/user/IdeaProjects/OperatorMain/src/OperatorMain.java,OperatorMain::main,23,60,Default task
2021-09-08T21:53:59.631+09:00,user,IdeState,Active,OperatorMain,Popup,C:/Users/user/IdeaProjects/OperatorMain/src/OperatorMain.java,OperatorMain::main,23,60,Default task
2021-09-08T21:54:00.631+09:00,user,IdeState,Active,OperatorMain,Editor,C:/Users/user/IdeaProjects/OperatorMain/src/OperatorMain.java,OperatorMain::main,23,60,Default task
2021-09-08T21:54:01.645+09:00,user,IdeState,Active,OperatorMain,Editor,C:/Users/user/IdeaProjects/OperatorMain/src/OperatorMain.java,OperatorMain::main,23,60,Default task
2021-09-08T21:54:02.660+09:00,user,IdeState,Active,OperatorMain,Editor,C:/Users/user/IdeaProjects/OperatorMain/src/OperatorMain.java,OperatorMain::main,23,60,Default task
2021-09-08T21:54:03.671+09:00,user,IdeState,Inactive,,,,,-1,-1,
2021-09-08T21:54:04.682+09:00,user,IdeState,Inactive,,,,,-1,-1,
2021-09-08T21:54:05.698+09:00,user,IdeState,Inactive,,,,,-1,-1,
2021-09-08T21:54:06.708+09:00,user,IdeState,Inactive,,,,,-1,-1,
2021-09-08T21:54:07.721+09:00,user,IdeState,Inactive,,,,,-1,-1,
2021-09-08T21:54:08.735+09:00,user,IdeState,Inactive,,,,,-1,-1,
2021-09-08T21:54:09.750+09:00,user,IdeState,Inactive,,,,,-1,-1,
2021-09-08T21:54:10.753+09:00,user,IdeState,Inactive,,,,,-1,-1,
2021-09-08T21:54:11.767+09:00,user,IdeState,Inactive,,,,,-1,-1,
2021-09-08T21:54:12.781+09:00,user,IdeState,Inactive,,,,,-1,-1,
2021-09-08T21:54:13.796+09:00,user,IdeState,Active,OperatorMain,Editor,C:/Users/user/IdeaProjects/OperatorMain/src/OperatorMain.java,OperatorMain::main,23,60,Default task
2021-09-08T21:54:14.807+09:00,user,IdeState,Active,OperatorMain,Editor,C:/Users/user/IdeaProjects/OperatorMain/src/OperatorMain.java,OperatorMain::main,23,60,Default task
2021-09-08T21:54:15.820+09:00,user,IdeState,Active,OperatorMain,Editor,C:/Users/user/IdeaProjects/OperatorMain/src/OperatorMain.java,OperatorMain::main,25,0,Default task
2021-09-08T21:54:16.835+09:00,user,IdeState,Active,OperatorMain,Editor,C:/Users/user/IdeaProjects/OperatorMain/src/OperatorMain.java,OperatorMain::main,24,47,Default task
2021-09-08T21:54:17.856+09:00,user,IdeState,Active,OperatorMain,Editor,C:/Users/user/IdeaProjects/OperatorMain/src/OperatorMain.java,OperatorMain::main,24,47,Default task
2021-09-08T21:54:18.867+09:00,user,IdeState,Active,OperatorMain,Editor,C:/Users/user/IdeaProjects/OperatorMain/src/OperatorMain.java,OperatorMain::main,24,47,Default task
2021-09-08T21:54:19.912+09:00,user,IdeState,Active,OperatorMain,Editor,C:/Users/user/IdeaProjects/OperatorMain/src/OperatorMain.java,OperatorMain::main,24,47,Default task
2021-09-08T21:54:20.925+09:00,user,IdeState,Active,OperatorMain,Editor,C:/Users/user/IdeaProjects/OperatorMain/src/OperatorMain.java,OperatorMain::main,24,47,Default task
2021-09-08T21:54:21.940+09:00,user,IdeState,Active,OperatorMain,Editor,C:/Users/user/IdeaProjects/OperatorMain/src/OperatorMain.java,OperatorMain::main,24,47,Default task
2021-09-08T21:54:22.942+09:00,user,IdeState,Active,OperatorMain,Editor,C:/Users/user/IdeaProjects/OperatorMain/src/OperatorMain.java,OperatorMain::main,24,47,Default task
2021-09-08T21:54:23.956+09:00,user,IdeState,Active,OperatorMain,Editor,C:/Users/user/IdeaProjects/OperatorMain/src/OperatorMain.java,OperatorMain::main,24,47,Default task
2021-09-08T21:54:24.973+09:00,user,IdeState,Active,OperatorMain,Editor,C:/Users/user/IdeaProjects/OperatorMain/src/OperatorMain.java,OperatorMain::main,24,47,Default task
2021-09-08T21:54:25.975+09:00,user,IdeState,Active,OperatorMain,Editor,C:/Users/user/IdeaProjects/OperatorMain/src/OperatorMain.java,OperatorMain::main,24,47,Default task
2021-09-08T21:54:26.985+09:00,user,IdeState,Active,OperatorMain,Editor,C:/Users/user/IdeaProjects/OperatorMain/src/OperatorMain.java,OperatorMain::main,24,47,Default task
2021-09-08T21:54:27.991+09:00,user,IdeState,Active,OperatorMain,Editor,C:/Users/user/IdeaProjects/OperatorMain/src/OperatorMain.java,OperatorMain::main,24,47,Default task
2021-09-08T21:54:29.002+09:00,user,IdeState,Active,OperatorMain,Editor,C:/Users/user/IdeaProjects/OperatorMain/src/OperatorMain.java,OperatorMain::main,24,47,Default task
2021-09-08T21:54:30.004+09:00,user,IdeState,Active,OperatorMain,Editor,C:/Users/user/IdeaProjects/OperatorMain/src/OperatorMain.java,OperatorMain::main,24,47,Default task
2021-09-08T21:54:31.019+09:00,user,IdeState,Active,OperatorMain,Popup,C:/Users/user/IdeaProjects/OperatorMain/src/OperatorMain.java,OperatorMain::main,24,47,Default task
2021-09-08T21:54:32.020+09:00,user,IdeState,Active,OperatorMain,Popup,C:/Users/user/IdeaProjects/OperatorMain/src/OperatorMain.java,OperatorMain::main,24,47,Default task
2021-09-08T21:54:33.033+09:00,user,IdeState,Active,OperatorMain,Editor,C:/Users/user/IdeaProjects/OperatorMain/src/OperatorMain.java,OperatorMain::main,24,47,Default task
2021-09-08T21:54:34.035+09:00,user,IdeState,Active,OperatorMain,Editor,C:/Users/user/IdeaProjects/OperatorMain/src/OperatorMain.java,OperatorMain::main,24,47,Default task
2021-09-08T21:54:35.049+09:00,user,IdeState,Active,OperatorMain,Popup,C:/Users/user/IdeaProjects/OperatorMain/src/OperatorMain.java,OperatorMain::main,24,47,Default task
